Customer ID,Offer,Phone Service,Avg Monthly Long Distance Charges,Multiple Lines,Internet Service,Internet Type,Avg Monthly GB Download,Online Security,Online Backup,Device Protection Plan,Premium Tech Support,Streaming TV,Streaming Movies,Streaming Music,Unlimited Data
0002-ORFBO,,Yes,42.39,No,Yes,Cable,16.0,No,Yes,No,Yes,Yes,No,No,Yes
0003-MKNFE,,Yes,10.69,Yes,Yes,Cable,10.0,No,No,No,No,No,Yes,Yes,No
0004-TLHLJ,Offer E,Yes,33.65,No,Yes,Fiber Optic,30.0,No,No,Yes,No,No,No,No,Yes
0011-IGKFF,Offer D,Yes,27.82,No,Yes,Fiber Optic,4.0,No,Yes,Yes,No,Yes,Yes,No,Yes
0013-EXCHZ,,Yes,7.38,No,Yes,Fiber Optic,11.0,No,No,No,Yes,Yes,No,No,Yes
0013-MHZWF,Offer E,Yes,16.77,No,Yes,Cable,73.0,No,No,No,Yes,Yes,Yes,Yes,Yes
0013-SMEOE,Offer A,Yes,9.96,No,Yes,Fiber Optic,14.0,Yes,Yes,Yes,Yes,Yes,Yes,Yes,Yes
0014-BMAQU,Offer B,Yes,12.96,Yes,Yes,Fiber Optic,7.0,Yes,No,No,Yes,No,No,No,No
0015-UOCOJ,Offer E,Yes,10.53,No,Yes,DSL,21.0,Yes,No,No,No,No,No,No,Yes
0016-QLJIS,,Yes,28.46,Yes,Yes,Cable,14.0,Yes,Yes,Yes,Yes,Yes,Yes,Yes,Yes
0017-DINOC,,No,,,Yes,Cable,10.0,Yes,No,No,Yes,Yes,No,No,Yes
0017-IUDMW,,Yes,16.01,Yes,Yes,Fiber Optic,59.0,Yes,Yes,Yes,Yes,Yes,Yes,Yes,Yes
0018-NYROU,,Yes,18.65,No,Yes,Fiber Optic,10.0,No,No,No,No,No,No,No,Yes
0019-EFAEP,Offer A,Yes,2.25,Yes,Yes,Fiber Optic,16.0,Yes,Yes,Yes,No,Yes,No,No,Yes
0019-GFNTW,,No,,,Yes,DSL,19.0,Yes,Yes,Yes,Yes,No,No,No,Yes
0020-INWCK,Offer A,Yes,27.26,Yes,Yes,Fiber Optic,12.0,No,Yes,Yes,No,No,Yes,Yes,Yes
0020-JDNXP,,No,,,Yes,DSL,20.0,Yes,No,Yes,Yes,Yes,Yes,Yes,Yes
0021-IKXGC,Offer E,Yes,7.77,Yes,Yes,Fiber Optic,22.0,No,No,No,No,No,No,No,Yes
0022-TCJCI,,Yes,10.67,No,Yes,DSL,17.0,Yes,No,Yes,No,No,Yes,No,Yes
0023-HGHWL,,No,,,Yes,Cable,9.0,No,No,No,No,No,No,No,Yes
0023-UYUPN,,Yes,31.43,Yes,No,,,,,,,,,,
0023-XUOPT,,Yes,43.56,Yes,Yes,Fiber Optic,52.0,No,Yes,Yes,No,Yes,No,No,Yes
0027-KWYKW,Offer D,Yes,34.91,Yes,Yes,Fiber Optic,30.0,No,No,No,No,Yes,No,No,Yes
0030-FNXPP,,Yes,3.12,No,No,,,,,,,,,,
0031-PVLZI,Offer E,Yes,12.43,No,No,,,,,,,,,,
0032-PGELS,,No,,,Yes,DSL,19.0,Yes,No,No,No,No,No,No,Yes
0036-IHMOT,,Yes,35.04,No,Yes,Fiber Optic,57.0,No,Yes,Yes,Yes,Yes,Yes,Yes,No
0040-HALCW,,Yes,19.7,No,No,,,,,,,,,,
0042-JVWOJ,Offer C,Yes,37.7,No,No,,,,,,,,,,
0042-RLHYP,,Yes,38.39,No,No,,,,,,,,,,
0048-LUMLS,Offer C,Yes,43.01,No,Yes,Fiber Optic,51.0,No,No,No,No,Yes,Yes,Yes,Yes
0048-PIHNL,Offer B,Yes,49.58,No,No,,,,,,,,,,
0052-DCKON,,Yes,43.77,Yes,Yes,Fiber Optic,41.0,Yes,Yes,Yes,Yes,Yes,Yes,Yes,Yes
0052-YNYOT,,Yes,23.12,No,No,,,,,,,,,,
0056-EPFBG,,No,,,Yes,Cable,22.0,Yes,No,Yes,Yes,No,No,No,Yes
0057-QBUQH,,Yes,30.64,Yes,No,,,,,,,,,,
0058-EVZWM,Offer B,Yes,5.08,Yes,Yes,Fiber Optic,9.0,Yes,No,No,No,Yes,No,No,Yes
0060-FUALY,Offer B,Yes,16.39,Yes,Yes,Fiber Optic,14.0,Yes,Yes,No,No,Yes,No,No,Yes
0064-SUDOG,,Yes,19.28,No,No,,,,,,,,,,
0064-YIJGF,Offer C,Yes,25.26,Yes,Yes,Fiber Optic,23.0,No,No,No,No,No,No,No,Yes
0067-DKWBL,,Yes,43.99,No,Yes,DSL,27.0,Yes,No,No,No,No,No,No,Yes
0068-FIGTF,Offer C,Yes,48.91,No,Yes,DSL,59.0,No,Yes,Yes,Yes,Yes,Yes,Yes,Yes
0071-NDAFP,,Yes,23.69,Yes,No,,,,,,,,,,
0074-HDKDG,,Yes,6.45,No,Yes,Cable,19.0,Yes,Yes,Yes,No,No,No,No,Yes
0076-LVEPS,,No,,,Yes,DSL,21.0,Yes,Yes,Yes,Yes,No,No,No,Yes
0078-XZMHT,,Yes,32.36,Yes,Yes,DSL,52.0,No,Yes,Yes,Yes,Yes,Yes,Yes,Yes
0080-EMYVY,,Yes,24.04,No,Yes,Cable,12.0,No,Yes,No,No,No,No,No,Yes
0080-OROZO,Offer C,Yes,36.42,No,Yes,Fiber Optic,2.0,No,No,Yes,Yes,Yes,Yes,Yes,Yes
0082-LDZUE,Offer E,Yes,42.95,No,Yes,DSL,9.0,No,No,No,No,No,No,No,Yes
0082-OQIQY,,Yes,2.05,No,Yes,Fiber Optic,17.0,No,No,No,Yes,Yes,Yes,Yes,No
0083-PIVIK,,Yes,5.49,Yes,Yes,DSL,69.0,Yes,Yes,Yes,Yes,Yes,No,No,No
0089-IIQKO,,Yes,24.38,Yes,Yes,Fiber Optic,53.0,No,No,No,Yes,Yes,Yes,Yes,Yes
0093-EXYQL,,Yes,44.14,No,Yes,Fiber Optic,23.0,No,No,No,No,Yes,Yes,No,Yes
0093-XWZFY,,Yes,37.69,Yes,Yes,Fiber Optic,15.0,No,Yes,Yes,No,Yes,Yes,Yes,Yes
0094-OIFMO,Offer D,Yes,11.59,No,Yes,Fiber Optic,29.0,No,Yes,No,No,Yes,Yes,No,No
0096-BXERS,Offer E,Yes,42.66,Yes,Yes,Cable,85.0,No,No,No,No,No,No,No,Yes
0096-FCPUF,,Yes,2.64,Yes,Yes,DSL,15.0,Yes,No,No,No,No,Yes,Yes,Yes
0098-BOWSO,,Yes,20.66,No,No,,,,,,,,,,
0100-DUVFC,,Yes,39.49,Yes,Yes,Fiber Optic,28.0,No,Yes,Yes,No,Yes,Yes,No,Yes
0103-CSITQ,Offer B,Yes,8.01,Yes,Yes,Fiber Optic,73.0,No,Yes,Yes,Yes,Yes,Yes,Yes,Yes
0104-PPXDV,,Yes,18.37,No,Yes,DSL,18.0,No,No,Yes,No,No,No,No,Yes
0106-GHRQR,,Yes,25.71,Yes,Yes,DSL,48.0,No,Yes,Yes,No,No,Yes,Yes,Yes
0106-UGRDO,Offer A,Yes,38.52,Yes,Yes,Fiber Optic,27.0,Yes,Yes,Yes,Yes,Yes,Yes,Yes,Yes
0107-WESLM,Offer E,Yes,31.77,No,No,,,,,,,,,,
0107-YHINA,,Yes,40.71,Yes,Yes,Fiber Optic,25.0,No,No,Yes,No,Yes,Yes,Yes,Yes
0111-KLBQG,Offer C,Yes,31.86,No,Yes,Fiber Optic,23.0,No,Yes,No,No,Yes,Yes,Yes,Yes
0112-QAWRZ,Offer D,Yes,48.71,Yes,Yes,Fiber Optic,12.0,No,No,Yes,No,Yes,No,No,Yes
0112-QWPNC,Offer B,Yes,39.55,Yes,Yes,Cable,10.0,Yes,No,Yes,Yes,Yes,Yes,Yes,Yes
0114-IGABW,Offer A,No,,,Yes,Cable,29.0,No,Yes,Yes,Yes,Yes,Yes,Yes,Yes
0114-PEGZZ,,Yes,49.69,Yes,Yes,Fiber Optic,12.0,No,Yes,Yes,No,Yes,Yes,Yes,Yes
0114-RSRRW,Offer D,Yes,49.6,No,No,,,,,,,,,,
0115-TFERT,,Yes,36.26,Yes,Yes,Fiber Optic,59.0,No,Yes,Yes,Yes,Yes,Yes,Yes,No
0117-LFRMW,,No,,,Yes,DSL,23.0,Yes,Yes,Yes,No,No,No,No,Yes
0118-JPNOY,,Yes,33.74,No,Yes,Fiber Optic,7.0,Yes,No,No,No,Yes,No,No,Yes
0121-SNYRK,Offer B,No,,,Yes,DSL,7.0,Yes,No,No,Yes,No,No,No,Yes
0122-OAHPZ,,Yes,28.62,Yes,Yes,Fiber Optic,26.0,No,No,No,No,No,No,Yes,Yes
0123-CRBRT,Offer B,Yes,47.19,Yes,Yes,DSL,28.0,Yes,Yes,Yes,Yes,Yes,Yes,Yes,Yes
0125-LZQXK,Offer D,Yes,45.92,No,Yes,Fiber Optic,12.0,No,No,Yes,Yes,Yes,Yes,Yes,Yes
0128-MKWSG,,No,,,Yes,DSL,19.0,Yes,No,No,Yes,No,Yes,Yes,Yes
0129-KPTWJ,,Yes,33.22,No,Yes,Fiber Optic,23.0,No,No,Yes,No,Yes,Yes,Yes,Yes
0129-QMPDR,,Yes,27.4,No,No,,,,,,,,,,
0130-SXOUN,Offer A,Yes,48.78,Yes,Yes,Fiber Optic,8.0,No,Yes,No,No,No,Yes,Yes,No
0133-BMFZO,,Yes,36.81,No,Yes,Fiber Optic,16.0,Yes,Yes,No,Yes,No,No,No,Yes
0134-XWXCE,,Yes,7.72,No,Yes,DSL,17.0,No,No,Yes,Yes,Yes,Yes,Yes,Yes
0135-NMXAP,Offer D,Yes,14.38,Yes,Yes,Fiber Optic,6.0,No,Yes,No,No,Yes,No,No,Yes
0136-IFMYD,,Yes,18.41,Yes,Yes,Fiber Optic,17.0,No,Yes,Yes,Yes,Yes,Yes,No,Yes
0137-OCGAB,Offer E,Yes,1.23,Yes,Yes,Fiber Optic,69.0,No,Yes,No,No,No,No,No,Yes
0137-UDEUO,Offer E,Yes,25.75,No,No,,,,,,,,,,
0139-IVFJG,,Yes,4.65,No,Yes,Fiber Optic,53.0,Yes,Yes,No,No,Yes,No,No,Yes
0141-YEAYS,,Yes,2.97,Yes,Yes,Fiber Optic,4.0,No,Yes,Yes,No,No,No,No,Yes
0142-GVYSN,Offer C,Yes,13.34,No,No,,,,,,,,,,
0147-ESWWR,,Yes,20.15,Yes,Yes,Fiber Optic,21.0,No,No,No,Yes,Yes,Yes,Yes,Yes
0148-DCDOS,,Yes,34.88,Yes,Yes,Fiber Optic,8.0,No,No,No,No,Yes,Yes,Yes,Yes
0151-ONTOV,Offer E,Yes,39.81,No,Yes,Fiber Optic,23.0,No,No,No,No,No,No,No,Yes
0156-FVPTA,Offer D,Yes,27.24,No,Yes,DSL,21.0,Yes,No,No,Yes,No,No,No,Yes
0164-APGRB,Offer A,Yes,48.37,Yes,Yes,Fiber Optic,5.0,Yes,Yes,Yes,Yes,Yes,Yes,Yes,Yes
0164-XAIRP,,Yes,10.64,No,No,,,,,,,,,,
0168-XZKBB,,Yes,7.84,Yes,Yes,Fiber Optic,16.0,No,No,No,No,Yes,No,No,Yes
0174-QRVVY,,Yes,9.2,Yes,No,,,,,,,,,,
0177-PXBAT,,Yes,25.15,Yes,Yes,Fiber Optic,20.0,Yes,No,Yes,Yes,Yes,Yes,No,Yes
0178-CIIKR,,Yes,2.69,No,No,,,,,,,,,,
0178-SZBHO,,Yes,1.09,Yes,Yes,Fiber Optic,13.0,No,Yes,No,No,Yes,No,No,Yes
0181-RITDD,,Yes,1.76,No,Yes,Fiber Optic,20.0,Yes,Yes,Yes,Yes,Yes,Yes,Yes,Yes
0186-CAERR,,Yes,2.88,Yes,Yes,Fiber Optic,48.0,Yes,Yes,Yes,Yes,Yes,Yes,Yes,Yes
0187-QSXOE,,Yes,41.97,No,Yes,Fiber Optic,11.0,No,No,No,No,Yes,Yes,Yes,Yes
0187-WZNAB,Offer C,Yes,46.66,No,Yes,Fiber Optic,28.0,Yes,No,No,No,No,No,No,Yes
0188-GWFLE,,Yes,1.81,No,No,,,,,,,,,,
0191-EQUUH,Offer C,No,,,Yes,Cable,75.0,Yes,No,No,Yes,No,No,No,Yes
0191-ZHSKZ,,Yes,38.61,No,Yes,DSL,5.0,Yes,Yes,No,No,Yes,Yes,No,Yes
0193-ESZXP,,Yes,16.94,No,Yes,Fiber Optic,19.0,Yes,Yes,No,Yes,Yes,Yes,Yes,Yes
0195-IESCP,Offer D,Yes,2.02,Yes,Yes,Fiber Optic,82.0,No,No,No,No,No,Yes,Yes,No
0196-JTUQI,,Yes,9.27,Yes,Yes,Fiber Optic,28.0,No,No,No,No,No,No,No,Yes
0196-VULGZ,,Yes,28.71,Yes,Yes,Fiber Optic,17.0,No,No,No,No,No,Yes,No,Yes
0197-PNKNK,,Yes,38.92,Yes,Yes,Fiber Optic,16.0,Yes,No,Yes,No,No,No,No,No
0201-MIBOL,,Yes,10.45,Yes,Yes,Fiber Optic,20.0,Yes,No,No,No,Yes,Yes,Yes,Yes
0201-OAMXR,Offer A,Yes,10.21,Yes,Yes,Fiber Optic,52.0,Yes,Yes,Yes,Yes,Yes,Yes,Yes,Yes
0203-HHYIJ,Offer C,Yes,5.57,Yes,No,,,,,,,,,,
0206-OYVOC,Offer B,Yes,24.33,No,No,,,,,,,,,,
0206-TBWLC,Offer B,Yes,11.4,Yes,Yes,Fiber Optic,26.0,Yes,Yes,Yes,Yes,Yes,Yes,Yes,Yes
0207-MDKNV,,Yes,22.39,No,Yes,Fiber Optic,7.0,Yes,No,Yes,Yes,Yes,Yes,Yes,Yes
0208-BPQEJ,Offer D,Yes,8.25,No,No,,,,,,,,,,
0212-ISBBF,,No,,,Yes,Cable,22.0,No,Yes,No,No,Yes,Yes,Yes,Yes
0214-JHPFW,,No,,,Yes,Cable,85.0,No,Yes,Yes,Yes,Yes,Yes,Yes,Yes
0215-BQKGS,Offer C,Yes,24.73,No,Yes,Fiber Optic,20.0,Yes,Yes,Yes,No,No,No,No,No
0218-QNVAS,Offer A,Yes,28.34,Yes,Yes,Fiber Optic,59.0,No,Yes,No,No,Yes,Yes,Yes,Yes
0219-QAERP,,Yes,9.81,No,No,,,,,,,,,,
0219-YTZUE,Offer E,Yes,28.77,Yes,Yes,Fiber Optic,19.0,No,Yes,Yes,No,No,No,Yes,Yes
0220-EBGCE,Offer E,Yes,14.14,No,Yes,Fiber Optic,28.0,No,No,Yes,No,No,Yes,Yes,Yes
0221-NAUXK,,Yes,7.86,No,No,,,,,,,,,,
0221-WMXNQ,Offer E,Yes,36.4,No,Yes,Fiber Optic,29.0,Yes,No,No,No,No,No,No,Yes
0222-CNVPT,Offer B,No,,,Yes,DSL,19.0,Yes,No,No,No,Yes,Yes,Yes,Yes
0224-HJAPT,,Yes,22.01,Yes,Yes,Cable,85.0,No,No,No,No,No,No,Yes,Yes
0224-NIJLP,Offer E,Yes,2.87,No,No,,,,,,,,,,
0224-RLWWD,Offer E,Yes,23.91,No,Yes,Cable,22.0,No,No,No,No,No,No,No,Yes
0225-ZORZP,Offer E,Yes,13.72,No,Yes,Fiber Optic,26.0,No,Yes,No,No,No,Yes,Yes,Yes
0228-MAUWC,Offer D,Yes,11.85,Yes,Yes,DSL,18.0,No,No,Yes,Yes,No,No,No,Yes
0229-LFJAF,Offer A,Yes,3.66,Yes,Yes,DSL,13.0,Yes,Yes,Yes,Yes,No,No,No,Yes
0230-UBYPQ,Offer B,No,,,Yes,DSL,7.0,Yes,No,No,Yes,No,No,No,Yes
0230-WEQUW,,No,,,Yes,DSL,29.0,Yes,Yes,Yes,Yes,Yes,No,No,Yes
0231-LXVAP,,Yes,44.56,No,Yes,Fiber Optic,27.0,No,No,No,Yes,No,No,No,Yes
0233-FTHAV,,Yes,15.29,Yes,Yes,Fiber Optic,48.0,No,No,Yes,No,No,No,No,Yes
0234-TEVTT,,No,,,Yes,DSL,22.0,Yes,No,Yes,No,No,Yes,Yes,Yes
0235-KGSLC,Offer E,Yes,33.34,No,Yes,Fiber Optic,4.0,No,No,Yes,No,Yes,No,No,Yes
0236-HFWSV,,Yes,48.93,Yes,Yes,Fiber Optic,15.0,No,No,No,No,Yes,Yes,Yes,Yes
0237-YFUTL,Offer B,Yes,34.57,Yes,Yes,Fiber Optic,13.0,Yes,Yes,No,Yes,Yes,Yes,Yes,Yes
0238-WHBIQ,Offer A,Yes,33.75,Yes,Yes,Cable,30.0,Yes,Yes,Yes,Yes,Yes,Yes,Yes,Yes
0239-OXEXL,,Yes,43.27,Yes,Yes,Fiber Optic,21.0,Yes,Yes,No,No,No,No,No,No
0244-LGNFY,,Yes,30.0,Yes,Yes,DSL,19.0,Yes,Yes,Yes,Yes,Yes,Yes,Yes,Yes
0247-SLUJI,,Yes,34.28,No,No,,,,,,,,,,
0248-IPDFW,,Yes,29.13,Yes,Yes,Cable,51.0,No,No,No,No,No,No,No,Yes
0248-PGHBZ,Offer A,Yes,2.57,No,Yes,Fiber Optic,21.0,Yes,Yes,No,Yes,Yes,No,No,Yes
0253-ZTEOB,,Yes,8.94,Yes,Yes,DSL,27.0,No,Yes,No,Yes,Yes,Yes,Yes,Yes
0254-FNMCI,,Yes,41.91,No,Yes,Fiber Optic,73.0,Yes,Yes,Yes,Yes,Yes,Yes,Yes,Yes
0254-KCJGT,Offer B,Yes,41.34,Yes,Yes,Cable,24.0,Yes,Yes,Yes,Yes,No,Yes,Yes,Yes
0254-WWRKD,Offer A,Yes,46.9,No,Yes,Cable,28.0,No,Yes,No,No,No,No,No,Yes
0256-LTHVJ,Offer C,Yes,16.85,No,Yes,Fiber Optic,13.0,No,No,No,No,No,Yes,Yes,Yes
0257-KXZGU,Offer C,Yes,33.28,Yes,Yes,DSL,51.0,No,Yes,Yes,No,No,No,Yes,Yes
0257-ZESQC,,Yes,7.02,No,Yes,Cable,25.0,Yes,No,No,No,No,No,No,Yes
0258-NOKBL,,Yes,31.48,No,Yes,Fiber Optic,73.0,No,Yes,Yes,No,No,Yes,Yes,Yes
0259-GBZSH,Offer E,Yes,40.43,Yes,Yes,Cable,27.0,No,No,No,No,Yes,No,Yes,Yes
0260-ZDLGK,,Yes,35.49,No,Yes,Cable,11.0,No,No,Yes,Yes,Yes,Yes,Yes,Yes
0263-FJTQO,Offer B,Yes,44.49,Yes,Yes,Cable,28.0,Yes,No,No,Yes,Yes,No,No,Yes
0264-CNITK,,Yes,31.03,No,No,,,,,,,,,,
0265-EDXBD,Offer C,Yes,47.34,Yes,Yes,Fiber Optic,10.0,No,No,No,No,No,No,No,Yes
0265-PSUAE,Offer D,Yes,27.27,No,Yes,Fiber Optic,76.0,Yes,No,Yes,No,Yes,Yes,Yes,Yes
0266-CLZKZ,Offer A,Yes,17.79,Yes,Yes,Fiber Optic,22.0,No,No,Yes,Yes,Yes,Yes,Yes,Yes
0266-GMEAO,,Yes,15.94,Yes,Yes,Fiber Optic,13.0,Yes,Yes,Yes,Yes,Yes,Yes,Yes,Yes
0268-QKIWO,Offer E,Yes,24.63,No,No,,,,,,,,,,
0269-XFESX,,Yes,48.02,Yes,No,,,,,,,,,,
0270-THENM,,Yes,28.37,Yes,Yes,DSL,18.0,Yes,Yes,Yes,Yes,No,No,No,Yes
0274-JKUJR,Offer E,No,,,Yes,Cable,47.0,Yes,Yes,Yes,No,Yes,Yes,Yes,Yes
0277-BKSQP,Offer E,Yes,1.56,No,Yes,DSL,57.0,No,No,No,No,Yes,No,No,Yes
0277-ORXQS,Offer A,No,,,Yes,Cable,23.0,No,No,No,Yes,Yes,Yes,Yes,No
0278-YXOOG,Offer E,Yes,34.26,No,No,,,,,,,,,,
0280-XJGEX,,Yes,44.33,Yes,Yes,Fiber Optic,11.0,No,Yes,Yes,No,Yes,Yes,Yes,Yes
0281-CNTZX,Offer B,Yes,38.36,No,No,,,,,,,,,,
0282-NVSJS,Offer D,No,,,Yes,DSL,14.0,No,No,No,Yes,No,No,No,Yes
0285-INHLN,,Yes,36.19,No,Yes,DSL,53.0,Yes,Yes,No,No,No,No,No,Yes
0289-IVARM,,Yes,44.81,No,Yes,DSL,20.0,Yes,Yes,Yes,No,No,No,No,Yes
0292-WEGCH,Offer B,Yes,4.33,Yes,Yes,DSL,12.0,No,Yes,Yes,Yes,Yes,Yes,Yes,Yes
0295-PPHDO,,Yes,5.59,Yes,Yes,Fiber Optic,2.0,No,No,No,No,Yes,Yes,Yes,Yes
0295-QVKPB,Offer E,Yes,13.96,No,Yes,DSL,5.0,No,No,Yes,Yes,Yes,No,No,Yes
0297-RBCSG,,Yes,41.79,No,Yes,DSL,6.0,No,Yes,No,Yes,No,Yes,Yes,No
0298-XACET,,No,,,Yes,DSL,17.0,No,Yes,Yes,Yes,Yes,No,No,Yes
0301-FIDRB,,No,,,Yes,DSL,22.0,Yes,Yes,Yes,Yes,Yes,Yes,Yes,Yes
0301-KOBTQ,,Yes,14.91,No,No,,,,,,,,,,
0302-JOIVN,,Yes,16.88,No,Yes,Fiber Optic,6.0,No,Yes,Yes,No,Yes,Yes,Yes,Yes
0303-UNCIP,Offer B,Yes,37.55,Yes,Yes,DSL,30.0,No,No,Yes,No,No,Yes,Yes,No
0303-WMMRN,,Yes,21.01,No,No,,,,,,,,,,
0305-SQECB,,No,,,Yes,DSL,17.0,Yes,No,No,Yes,No,No,No,No
0306-JAELE,,Yes,31.09,No,Yes,Fiber Optic,11.0,No,No,No,Yes,Yes,Yes,Yes,Yes
0307-BCOPK,Offer D,Yes,41.51,No,No,,,,,,,,,,
0308-GIQJT,,Yes,6.1,Yes,Yes,Fiber Optic,9.0,No,Yes,No,Yes,Yes,Yes,No,Yes
0308-IVGOK,,No,,,Yes,DSL,59.0,No,Yes,Yes,Yes,No,No,No,Yes
0310-MVLET,,Yes,49.33,Yes,Yes,Fiber Optic,7.0,No,Yes,No,No,Yes,Yes,Yes,Yes
0310-SUCIN,,Yes,23.06,No,Yes,Cable,6.0,Yes,Yes,Yes,Yes,Yes,Yes,Yes,Yes
0310-VQXAM,,Yes,40.74,No,No,,,,,,,,,,
0311-QYWSS,,Yes,39.16,No,Yes,DSL,8.0,Yes,No,No,No,No,No,No,Yes
0311-UNPFF,,Yes,38.09,No,Yes,Fiber Optic,22.0,No,No,No,No,Yes,Yes,Yes,No
0314-TKOSI,Offer E,Yes,6.98,No,Yes,Cable,30.0,Yes,Yes,No,No,No,No,No,No
0315-LVCRK,,Yes,30.57,No,Yes,Fiber Optic,15.0,No,No,Yes,No,No,Yes,Yes,Yes
0318-QUUOB,,Yes,43.67,No,Yes,Fiber Optic,73.0,No,No,No,No,Yes,No,Yes,No
0318-ZOPWS,,Yes,2.82,No,No,,,,,,,,,,
0319-QZTCO,Offer E,Yes,11.47,No,Yes,DSL,51.0,No,Yes,No,No,Yes,No,No,Yes
0320-DWVTU,Offer B,Yes,43.57,No,Yes,Fiber Optic,13.0,Yes,Yes,Yes,Yes,No,Yes,Yes,Yes
0320-JDNQG,,Yes,37.95,No,Yes,Fiber Optic,27.0,Yes,No,No,Yes,Yes,Yes,Yes,Yes
0322-CHQRU,,Yes,25.49,No,Yes,DSL,9.0,No,No,No,No,No,No,No,Yes
0322-YINQP,,Yes,11.35,No,Yes,DSL,9.0,Yes,No,No,No,No,No,No,Yes
0323-XWWTN,,Yes,33.87,Yes,No,,,,,,,,,,
0324-BRPCJ,,Yes,21.33,Yes,Yes,Cable,24.0,No,Yes,No,No,Yes,Yes,Yes,Yes
0325-XBFAC,,Yes,19.49,No,Yes,Fiber Optic,10.0,No,No,Yes,No,Yes,Yes,Yes,No
0326-VDYXE,Offer A,Yes,16.66,Yes,Yes,Fiber Optic,26.0,No,No,Yes,No,Yes,Yes,Yes,No
0327-WFZSY,Offer C,Yes,17.29,Yes,Yes,Fiber Optic,75.0,No,No,Yes,No,Yes,Yes,Yes,Yes
0328-GRPMV,,Yes,17.37,No,Yes,Fiber Optic,25.0,No,No,No,No,No,No,No,Yes
0329-GTIAJ,,Yes,30.18,No,Yes,Fiber Optic,7.0,No,Yes,No,Yes,Yes,Yes,Yes,Yes
0330-BGYZE,Offer B,Yes,19.22,Yes,Yes,Fiber Optic,4.0,No,Yes,Yes,No,Yes,Yes,Yes,Yes
0330-IVZHA,Offer E,Yes,17.08,No,Yes,Fiber Optic,10.0,No,No,No,No,No,No,No,Yes
0334-GDDSO,Offer E,Yes,9.22,Yes,Yes,Fiber Optic,14.0,No,Yes,No,No,No,No,No,Yes
0334-ZFJSR,,Yes,35.38,Yes,Yes,Cable,13.0,Yes,Yes,No,Yes,No,No,No,No
0336-KXKFK,,No,,,Yes,DSL,6.0,Yes,No,Yes,Yes,Yes,Yes,Yes,Yes
0336-PIKEI,Offer A,Yes,5.27,No,Yes,DSL,9.0,Yes,Yes,Yes,Yes,Yes,No,No,No
0337-CNPZE,,Yes,10.43,Yes,Yes,Fiber Optic,22.0,No,Yes,Yes,No,Yes,Yes,Yes,No
0343-QLUZP,Offer B,No,,,Yes,DSL,25.0,Yes,Yes,Yes,No,No,No,No,Yes
0345-HKJVM,,Yes,2.6,No,Yes,Fiber Optic,22.0,No,No,No,No,Yes,Yes,Yes,Yes
0345-XMMUG,,Yes,2.0,Yes,Yes,Fiber Optic,48.0,No,Yes,Yes,Yes,Yes,Yes,Yes,Yes
0347-UBKUZ,,Yes,2.74,No,No,,,,,,,,,,
0348-SDKOL,,Yes,3.51,Yes,Yes,Fiber Optic,28.0,No,No,Yes,Yes,Yes,Yes,Yes,No
0354-VXMJC,,Yes,34.04,No,No,,,,,,,,,,
0354-WYROK,Offer C,Yes,47.95,No,Yes,Fiber Optic,21.0,No,No,Yes,Yes,Yes,Yes,No,Yes
0356-ERHVT,Offer D,Yes,12.95,No,Yes,Cable,6.0,No,No,No,No,No,No,No,Yes
0356-OBMAC,,Yes,17.33,Yes,Yes,Fiber Optic,16.0,No,Yes,Yes,Yes,Yes,No,No,Yes
0357-NVCRI,Offer C,Yes,12.87,No,No,,,,,,,,,,
0361-HJRDX,Offer A,No,,,Yes,DSL,28.0,Yes,Yes,Yes,Yes,Yes,Yes,Yes,No
0362-RAOQO,,Yes,26.03,No,No,,,,,,,,,,
0362-ZBZWJ,,Yes,24.66,Yes,Yes,Fiber Optic,22.0,No,No,No,No,No,Yes,Yes,Yes
0363-QJVFX,Offer C,Yes,27.69,Yes,Yes,Fiber Optic,73.0,Yes,Yes,No,Yes,Yes,Yes,Yes,Yes
0363-SVHYR,Offer A,Yes,10.11,Yes,Yes,DSL,59.0,Yes,Yes,Yes,Yes,Yes,Yes,Yes,Yes
0365-BZUWY,Offer D,Yes,10.11,Yes,Yes,Fiber Optic,2.0,No,Yes,Yes,No,Yes,Yes,Yes,Yes
0365-GXEZS,Offer D,Yes,31.79,No,Yes,Fiber Optic,19.0,No,No,Yes,Yes,No,No,No,Yes
0365-TRTPY,,Yes,11.73,Yes,Yes,Fiber Optic,30.0,Yes,Yes,Yes,No,No,No,No,No
0366-NQSHS,,Yes,44.34,No,No,,,,,,,,,,
0369-ZGOVK,Offer C,Yes,12.94,No,Yes,Fiber Optic,24.0,No,No,No,No,No,No,No,Yes
0373-AIVNJ,Offer E,No,,,Yes,Cable,19.0,Yes,Yes,Yes,No,No,No,No,Yes
0374-AACSZ,Offer E,Yes,38.33,No,Yes,DSL,24.0,Yes,No,No,No,No,No,No,No
0374-FIUCA,,Yes,23.46,No,No,,,,,,,,,,
0374-IOEGQ,,Yes,15.59,No,Yes,Cable,27.0,No,No,No,No,No,No,No,Yes
0375-HVGXO,Offer E,No,,,Yes,DSL,8.0,No,No,No,No,Yes,No,No,Yes
0376-OIWME,Offer C,Yes,41.33,No,Yes,Fiber Optic,41.0,Yes,No,No,No,Yes,Yes,Yes,Yes
0376-YMCJC,,Yes,38.69,Yes,Yes,Cable,69.0,No,No,No,Yes,Yes,No,Yes,Yes
0377-JBKKT,Offer D,Yes,42.58,No,Yes,DSL,82.0,Yes,Yes,No,Yes,No,No,Yes,Yes
0378-CJKPV,,Yes,4.56,Yes,Yes,Fiber Optic,18.0,Yes,Yes,Yes,Yes,Yes,Yes,Yes,Yes
0378-NHQXU,,Yes,17.91,Yes,Yes,Fiber Optic,9.0,No,No,Yes,No,Yes,No,No,Yes
0378-TOVMS,,Yes,10.6,No,Yes,Fiber Optic,73.0,No,No,No,Yes,No,Yes,Yes,Yes
0378-XSZPU,Offer B,Yes,17.22,No,Yes,Cable,21.0,Yes,Yes,Yes,No,No,No,No,Yes
0379-DJQHR,,Yes,45.25,No,Yes,DSL,18.0,Yes,Yes,Yes,No,Yes,Yes,Yes,Yes
0380-NEAVX,,Yes,35.0,No,Yes,Fiber Optic,12.0,No,Yes,Yes,No,Yes,Yes,No,Yes
0380-ZCSBI,,Yes,4.42,No,No,,,,,,,,,,
0383-CLDDA,Offer A,Yes,18.47,Yes,Yes,DSL,28.0,Yes,No,Yes,Yes,Yes,Yes,Yes,Yes
0384-LPITE,,No,,,Yes,Cable,19.0,Yes,Yes,Yes,No,Yes,Yes,Yes,Yes
0384-RVBPI,Offer D,Yes,12.6,No,Yes,DSL,29.0,Yes,No,Yes,No,No,Yes,Yes,Yes
0386-CWRGM,,Yes,47.5,No,No,,,,,,,,,,
0388-EOPEX,,Yes,9.79,No,Yes,Fiber Optic,41.0,Yes,No,No,No,No,No,No,Yes
0390-DCFDQ,Offer E,Yes,15.28,No,Yes,Fiber Optic,30.0,No,No,No,No,No,No,No,Yes
0392-BZIUW,,Yes,6.58,Yes,Yes,Fiber Optic,7.0,Yes,No,Yes,No,Yes,Yes,Yes,Yes
0394-YONDK,,Yes,1.22,Yes,No,,,,,,,,,,
0396-HUJBP,,Yes,49.91,No,No,,,,,,,,,,
0396-UKGAI,Offer D,Yes,1.58,No,Yes,DSL,47.0,No,Yes,No,Yes,No,No,Yes,Yes
0396-YCHWO,Offer C,Yes,40.58,Yes,Yes,Fiber Optic,12.0,No,No,No,No,Yes,Yes,Yes,Yes
0397-GZBBC,,Yes,10.78,Yes,Yes,Fiber Optic,15.0,No,No,No,No,Yes,Yes,No,Yes
0397-ZXWQF,Offer A,Yes,47.31,No,No,,,,,,,,,,
0401-WDBXM,,Yes,8.33,Yes,Yes,Fiber Optic,59.0,Yes,No,Yes,No,Yes,Yes,Yes,No
0402-CQAJN,,Yes,24.04,Yes,Yes,Fiber Optic,59.0,No,Yes,Yes,No,Yes,Yes,Yes,Yes
0402-OAMEN,Offer A,Yes,20.56,Yes,No,,,,,,,,,,
0404-AHASP,Offer A,Yes,27.97,No,No,,,,,,,,,,
0404-SWRVG,Offer E,Yes,14.6,Yes,Yes,Fiber Optic,71.0,No,No,No,No,No,No,Yes,Yes
0406-BPDVR,Offer B,Yes,33.49,Yes,Yes,Fiber Optic,8.0,No,Yes,No,No,Yes,Yes,Yes,Yes
0407-BDJKB,,Yes,35.22,Yes,Yes,Fiber Optic,16.0,No,Yes,Yes,No,Yes,No,No,Yes
0409-WTMPL,Offer B,Yes,37.95,Yes,Yes,Fiber Optic,18.0,Yes,Yes,Yes,No,Yes,Yes,Yes,Yes
0410-IPFTY,Offer C,Yes,12.03,No,Yes,Fiber Optic,9.0,No,Yes,No,No,No,Yes,Yes,Yes
0411-EZJZE,,Yes,20.1,Yes,Yes,DSL,29.0,No,No,No,No,Yes,No,No,No
0412-UCCNP,,Yes,12.28,No,Yes,DSL,48.0,Yes,No,Yes,Yes,No,No,No,Yes
0415-MOSGF,Offer E,Yes,26.53,No,Yes,DSL,30.0,No,No,No,No,No,No,No,Yes
0419-YAAPX,Offer B,Yes,14.21,No,Yes,Fiber Optic,23.0,No,Yes,No,No,Yes,No,No,Yes
0420-BWTPW,,No,,,Yes,DSL,16.0,No,No,No,No,No,No,No,Yes
0420-HLGXF,,Yes,10.03,Yes,Yes,Fiber Optic,13.0,No,No,Yes,No,Yes,Yes,No,Yes
0420-TXVSG,Offer A,Yes,37.71,Yes,Yes,DSL,15.0,Yes,Yes,Yes,No,No,No,No,Yes
0422-OHQHQ,,Yes,34.63,No,No,,,,,,,,,,
0422-UXFAP,Offer B,Yes,47.72,Yes,Yes,Fiber Optic,23.0,No,No,Yes,No,Yes,Yes,Yes,No
0423-UDIJQ,,Yes,7.11,No,Yes,DSL,12.0,No,No,No,Yes,No,No,No,Yes
0426-TIRNE,Offer E,Yes,15.51,No,No,,,,,,,,,,
0428-AXXLJ,Offer C,Yes,3.58,No,No,,,,,,,,,,
0428-IKYCP,,Yes,48.68,No,Yes,Fiber Optic,18.0,No,No,Yes,No,Yes,No,No,Yes
0430-IHCDJ,,Yes,11.75,Yes,Yes,DSL,28.0,No,No,No,No,No,No,No,Yes
0431-APWVY,,Yes,18.31,No,Yes,Fiber Optic,13.0,No,No,No,No,Yes,Yes,Yes,Yes
0432-CAJZV,,Yes,5.39,No,Yes,Fiber Optic,10.0,No,No,No,No,Yes,Yes,Yes,Yes
0434-CSFON,Offer B,Yes,38.15,Yes,Yes,Fiber Optic,14.0,No,No,Yes,No,Yes,Yes,Yes,Yes
0436-TWFFZ,Offer A,Yes,8.71,Yes,Yes,DSL,41.0,Yes,No,Yes,Yes,Yes,Yes,Yes,Yes
0439-IFYUN,Offer D,Yes,21.09,No,Yes,Fiber Optic,18.0,No,Yes,No,No,No,No,No,No
0440-EKDCF,Offer B,Yes,33.7,No,Yes,Cable,15.0,No,Yes,Yes,Yes,No,No,No,Yes
0440-MOGPM,,Yes,6.16,Yes,Yes,DSL,12.0,No,Yes,Yes,No,Yes,Yes,Yes,Yes
0440-QEXBZ,Offer B,Yes,18.42,Yes,Yes,DSL,22.0,No,No,No,No,No,No,No,Yes
0440-UEDAI,,Yes,33.88,No,Yes,Fiber Optic,6.0,No,Yes,Yes,Yes,No,Yes,Yes,Yes
0442-TDYUO,,Yes,33.06,No,No,,,,,,,,,,
0442-ZXKVS,Offer B,Yes,43.71,Yes,Yes,Fiber Optic,12.0,Yes,Yes,Yes,Yes,Yes,Yes,No,Yes
0447-BEMNG,,No,,,Yes,Cable,58.0,Yes,No,Yes,No,No,Yes,Yes,No
0447-RXSGD,Offer C,Yes,25.68,Yes,Yes,Fiber Optic,6.0,No,Yes,No,No,Yes,Yes,Yes,Yes
0454-OKRCT,Offer C,Yes,34.85,No,Yes,Fiber Optic,27.0,No,Yes,No,Yes,No,No,No,Yes
0455-ENTCR,,Yes,42.85,Yes,Yes,DSL,21.0,Yes,Yes,No,Yes,Yes,Yes,Yes,Yes
0455-XFASS,,Yes,1.67,No,Yes,Fiber Optic,19.0,No,No,No,No,No,No,No,Yes
0458-HEUZG,Offer D,No,,,Yes,Cable,13.0,No,No,Yes,Yes,No,No,No,No
0459-SPZHJ,,Yes,13.45,Yes,Yes,DSL,69.0,Yes,Yes,Yes,No,Yes,Yes,Yes,Yes
0461-CVKMU,,Yes,38.81,No,Yes,Fiber Optic,28.0,No,Yes,Yes,Yes,No,No,No,Yes
0463-TXOAK,,Yes,23.12,Yes,No,,,,,,,,,,
0463-WZZKO,Offer E,Yes,16.39,No,No,,,,,,,,,,
0463-ZSDNT,,Yes,30.3,No,Yes,DSL,73.0,No,No,No,No,No,Yes,Yes,No
0464-WJTKO,,Yes,14.17,No,No,,,,,,,,,,
0468-YRPXN,Offer C,Yes,48.2,No,Yes,Fiber Optic,19.0,No,No,Yes,Yes,Yes,Yes,Yes,Yes
0471-ARVMX,Offer B,Yes,22.74,Yes,Yes,Fiber Optic,18.0,Yes,No,Yes,No,Yes,Yes,Yes,Yes
0471-LVHGK,,Yes,15.91,Yes,Yes,DSL,29.0,No,No,Yes,No,Yes,Yes,Yes,Yes
0475-RIJEP,Offer B,Yes,49.13,Yes,Yes,Fiber Optic,25.0,No,Yes,No,No,No,No,No,Yes
0479-HMSWA,Offer C,Yes,2.48,No,Yes,Fiber Optic,19.0,No,Yes,Yes,Yes,Yes,Yes,Yes,Yes
0480-BIXDE,Offer D,Yes,10.68,No,Yes,Fiber Optic,23.0,No,No,Yes,No,Yes,Yes,Yes,Yes
0480-KYJVA,,Yes,47.6,Yes,No,,,,,,,,,,
0481-SUMCB,Offer B,Yes,34.12,Yes,Yes,Fiber Optic,15.0,No,No,Yes,No,Yes,Yes,No,Yes
0484-FFVBJ,,Yes,15.52,No,Yes,DSL,12.0,No,No,No,No,Yes,Yes,Yes,Yes
0484-JPBRU,,Yes,41.21,Yes,No,,,,,,,,,,
0485-ZBSLN,,Yes,36.5,Yes,No,,,,,,,,,,
0486-HECZI,,Yes,49.06,Yes,Yes,Fiber Optic,27.0,Yes,Yes,No,No,Yes,No,No,Yes
0486-LGCCH,Offer D,Yes,40.76,No,No,,,,,,,,,,
0487-CRLZF,Offer B,Yes,7.51,No,Yes,DSL,13.0,No,No,Yes,Yes,Yes,Yes,Yes,Yes
0487-RPVUM,,Yes,15.15,Yes,Yes,Fiber Optic,28.0,Yes,No,Yes,Yes,Yes,No,No,Yes
0487-VVUVK,,Yes,19.09,No,No,,,,,,,,,,
0488-GSLFR,,Yes,8.31,No,Yes,Fiber Optic,27.0,No,No,No,No,No,No,No,Yes
0489-WMEMG,Offer D,Yes,25.85,No,Yes,Cable,53.0,No,No,No,Yes,No,No,No,Yes
0491-KAPQG,Offer D,Yes,28.54,Yes,Yes,Fiber Optic,42.0,No,No,No,No,No,No,Yes,Yes
0495-RVCBF,,Yes,33.88,No,Yes,Fiber Optic,26.0,No,No,No,No,No,Yes,Yes,Yes
0495-ZBNGW,,Yes,6.66,Yes,Yes,Fiber Optic,14.0,No,No,Yes,No,No,No,No,No
0496-AHOOK,Offer C,Yes,32.86,No,Yes,Cable,30.0,Yes,No,No,Yes,Yes,Yes,Yes,Yes
0504-HHAPI,,Yes,16.94,Yes,Yes,Fiber Optic,11.0,No,No,Yes,No,No,Yes,No,Yes
0505-SPOOW,Offer A,Yes,11.71,No,No,,,,,,,,,,
0506-LVNGN,,Yes,42.33,No,Yes,Fiber Optic,9.0,No,No,Yes,No,No,No,No,Yes
0506-YLVKJ,,Yes,45.92,No,No,,,,,,,,,,
0508-OOLTO,,Yes,29.03,No,Yes,Fiber Optic,10.0,No,No,No,No,No,No,No,Yes
0508-SQWPL,Offer B,Yes,26.67,No,No,,,,,,,,,,
0511-JTEOY,Offer E,Yes,10.19,No,Yes,Fiber Optic,9.0,No,No,No,No,No,No,No,Yes
0512-FLFDW,,Yes,27.68,Yes,Yes,Fiber Optic,26.0,No,No,Yes,No,Yes,Yes,No,Yes
0513-RBGPE,,Yes,4.5,Yes,Yes,DSL,9.0,Yes,No,Yes,Yes,No,No,No,Yes
0515-YPMCW,,Yes,42.87,No,Yes,Fiber Optic,8.0,No,No,No,No,No,No,No,No
0516-OOHAR,,Yes,7.73,No,Yes,Fiber Optic,13.0,No,Yes,Yes,No,Yes,Yes,Yes,Yes
0516-QREYC,,Yes,18.39,No,No,,,,,,,,,,
0516-UXRMT,,Yes,23.88,Yes,Yes,Fiber Optic,47.0,Yes,Yes,Yes,No,No,No,No,Yes
0516-VRYBW,Offer D,Yes,8.95,No,No,,,,,,,,,,
0516-WJVXC,,Yes,3.61,No,Yes,DSL,69.0,Yes,No,No,Yes,No,No,No,Yes
0519-DRGTI,,Yes,42.46,No,No,,,,,,,,,,
0519-XUZJU,,Yes,26.0,No,Yes,Fiber Optic,8.0,No,No,No,No,No,No,No,Yes
0520-FDVVT,,Yes,39.84,No,Yes,Fiber Optic,48.0,No,Yes,Yes,No,Yes,Yes,Yes,Yes
0523-VNGTF,,No,,,Yes,DSL,23.0,No,Yes,Yes,Yes,Yes,No,No,Yes
0524-IAVZO,Offer C,Yes,4.82,Yes,Yes,Fiber Optic,41.0,No,No,No,No,No,Yes,Yes,Yes
0526-SXDJP,Offer A,No,,,Yes,Cable,17.0,Yes,Yes,Yes,No,No,No,No,Yes
0529-ONKER,Offer D,Yes,46.38,Yes,Yes,Fiber Optic,19.0,No,No,No,No,No,No,No,Yes
0530-IJVDB,Offer A,Yes,26.67,Yes,Yes,Fiber Optic,17.0,Yes,Yes,Yes,Yes,Yes,Yes,Yes,Yes
0531-XBKMM,,Yes,32.12,Yes,Yes,DSL,17.0,Yes,Yes,No,Yes,No,No,No,Yes
0531-ZZJWQ,,Yes,42.9,Yes,Yes,Fiber Optic,27.0,No,No,No,No,No,No,No,Yes
0533-BNWKF,Offer B,Yes,42.82,Yes,Yes,Fiber Optic,27.0,No,Yes,Yes,No,No,No,No,No
0533-UCAAU,,Yes,48.16,Yes,Yes,DSL,10.0,No,Yes,Yes,No,Yes,No,No,Yes
0536-ACXIP,,Yes,44.2,Yes,Yes,Fiber Optic,2.0,Yes,Yes,Yes,No,Yes,Yes,Yes,Yes
0536-BGFMZ,,Yes,42.33,No,No,,,,,,,,,,
0536-ESJEP,,Yes,14.18,No,Yes,DSL,25.0,Yes,Yes,No,No,Yes,Yes,Yes,Yes
0537-QYZZN,Offer C,Yes,4.06,Yes,Yes,Fiber Optic,28.0,Yes,No,No,No,No,No,No,Yes
0541-FITGH,Offer E,Yes,48.39,No,Yes,Cable,24.0,Yes,No,No,No,No,Yes,Yes,Yes
0547-HURJB,Offer D,Yes,19.38,No,No,,,,,,,,,,
0549-CYCQN,,Yes,24.92,Yes,Yes,Fiber Optic,11.0,No,Yes,No,No,No,No,No,Yes
0550-DCXLH,,Yes,40.99,No,Yes,DSL,21.0,No,Yes,No,Yes,Yes,Yes,Yes,Yes
0556-FJEGU,Offer B,Yes,47.47,No,Yes,DSL,69.0,No,Yes,Yes,Yes,Yes,No,No,Yes
0557-ASKVU,Offer D,Yes,44.97,No,Yes,Cable,7.0,No,No,Yes,Yes,No,No,No,Yes
0559-CKHUS,Offer C,Yes,49.96,No,No,,,,,,,,,,
0562-FGDCR,,Yes,21.84,Yes,Yes,DSL,30.0,Yes,Yes,No,Yes,Yes,No,No,Yes
0562-HKHML,Offer A,Yes,18.99,Yes,No,,,,,,,,,,
0562-KBDVM,Offer A,No,,,Yes,DSL,11.0,Yes,Yes,Yes,Yes,No,No,No,Yes
0564-JJHGS,,Yes,19.22,Yes,Yes,Fiber Optic,10.0,No,No,No,No,Yes,Yes,Yes,Yes
0564-MUUQK,,Yes,38.71,Yes,Yes,Fiber Optic,48.0,No,No,Yes,Yes,No,Yes,Yes,Yes
0565-IYCGT,Offer A,Yes,29.38,Yes,Yes,DSL,9.0,Yes,Yes,Yes,Yes,No,Yes,Yes,Yes
0565-JUPYD,,Yes,21.45,Yes,Yes,Fiber Optic,85.0,Yes,Yes,Yes,Yes,Yes,No,No,Yes
0567-GGCAC,,Yes,15.84,No,Yes,DSL,14.0,Yes,Yes,Yes,No,No,No,No,Yes
0567-XRHCU,,No,,,Yes,DSL,59.0,Yes,No,Yes,No,No,Yes,Yes,Yes
0568-ONFPC,Offer E,Yes,40.05,Yes,No,,,,,,,,,,
0570-BFQHT,,Yes,32.57,No,Yes,Fiber Optic,13.0,No,Yes,Yes,No,No,No,No,Yes
0572-ZJKLT,Offer B,Yes,49.26,Yes,Yes,Fiber Optic,18.0,Yes,No,Yes,Yes,No,Yes,Yes,Yes
0575-CUQOV,Offer B,Yes,17.05,No,Yes,Fiber Optic,21.0,No,Yes,Yes,No,Yes,Yes,No,Yes
0576-WNXXC,,Yes,39.49,Yes,Yes,Fiber Optic,7.0,No,Yes,Yes,No,No,Yes,Yes,Yes
0577-WHMEV,Offer D,Yes,27.83,Yes,Yes,Fiber Optic,52.0,Yes,Yes,Yes,No,No,No,Yes,Yes
0578-SKVMF,,Yes,4.01,No,Yes,Cable,53.0,No,Yes,No,No,No,Yes,Yes,Yes
0580-PIQHM,Offer B,Yes,14.73,Yes,Yes,Fiber Optic,82.0,Yes,Yes,Yes,No,No,Yes,Yes,Yes
0581-BXBUB,,Yes,35.67,No,Yes,Fiber Optic,8.0,No,Yes,No,No,No,No,No,Yes
0581-MDMPW,Offer C,Yes,44.09,Yes,Yes,Fiber Optic,9.0,No,No,Yes,No,Yes,No,No,Yes
0582-AVCLN,,Yes,43.19,No,No,,,,,,,,,,
0584-BJQGZ,,Yes,28.05,Yes,Yes,Cable,85.0,Yes,Yes,Yes,Yes,Yes,No,No,Yes
0585-EGDDA,Offer B,Yes,39.22,No,Yes,Fiber Optic,27.0,No,Yes,Yes,No,No,No,No,Yes
0587-DMGBH,,Yes,37.79,No,Yes,Cable,25.0,Yes,No,No,No,No,No,No,No
0594-UFTUL,Offer D,Yes,40.2,No,No,,,,,,,,,,
0595-ITUDF,,Yes,34.58,Yes,Yes,Fiber Optic,27.0,Yes,Yes,Yes,No,No,No,No,Yes
0596-BQCEQ,,Yes,48.58,No,Yes,Fiber Optic,13.0,No,Yes,Yes,No,Yes,Yes,Yes,Yes
0599-XNYDO,,Yes,43.49,No,Yes,Fiber Optic,28.0,No,No,No,No,No,No,No,Yes
0601-WZHJF,Offer D,No,,,Yes,DSL,12.0,No,No,No,No,Yes,Yes,Yes,Yes
0602-DDUML,,Yes,36.14,No,Yes,Cable,48.0,No,Yes,Yes,Yes,Yes,No,Yes,Yes
0603-OLQDC,Offer D,Yes,27.07,No,Yes,Cable,29.0,Yes,No,No,No,Yes,Yes,Yes,Yes
0603-TPMIB,Offer B,Yes,42.37,Yes,No,,,,,,,,,,
0604-THJFP,Offer B,Yes,8.28,No,Yes,DSL,22.0,No,Yes,No,Yes,Yes,Yes,Yes,Yes
0607-DAAHE,Offer B,Yes,26.21,No,No,,,,,,,,,,
0607-MVMGC,,Yes,39.82,Yes,Yes,DSL,13.0,No,Yes,Yes,No,Yes,Yes,Yes,Yes
0608-JDVEC,Offer B,Yes,1.87,No,No,,,,,,,,,,
0611-DFXKO,Offer D,Yes,18.05,No,Yes,Fiber Optic,5.0,No,No,No,No,Yes,Yes,Yes,Yes
0612-RTZZA,Offer E,No,,,Yes,DSL,15.0,No,No,No,No,No,No,No,Yes
0613-WUXUM,,Yes,38.63,No,No,,,,,,,,,,
0616-ATFGB,Offer E,No,,,Yes,Cable,18.0,No,No,No,No,No,No,No,Yes
0617-AQNWT,,No,,,Yes,DSL,27.0,Yes,No,Yes,Yes,No,Yes,Yes,Yes
0617-FHSGK,,Yes,19.08,Yes,Yes,Fiber Optic,24.0,No,No,No,No,No,No,No,No
0618-XWMSS,Offer C,Yes,44.28,No,Yes,Fiber Optic,5.0,Yes,No,No,No,No,No,No,Yes
0619-OLYUR,,Yes,47.83,Yes,Yes,Fiber Optic,27.0,Yes,No,Yes,Yes,Yes,Yes,Yes,Yes
0620-DLSLK,,Yes,34.18,No,Yes,Fiber Optic,19.0,No,No,No,No,Yes,No,No,Yes
0620-XEFWH,Offer E,Yes,39.04,No,No,,,,,,,,,,
0621-CXBKL,Offer B,Yes,10.32,No,No,,,,,,,,,,
0621-HJWXJ,Offer B,Yes,21.15,Yes,Yes,Fiber Optic,24.0,No,Yes,No,No,No,No,No,Yes
0621-JFHOL,Offer D,No,,,Yes,Cable,29.0,No,No,No,Yes,No,No,No,Yes
0621-TSSMU,,Yes,48.87,No,No,,,,,,,,,,
0621-TWIEM,Offer D,Yes,34.44,No,Yes,Cable,69.0,No,No,No,No,No,No,Yes,Yes
0623-EJQEG,Offer B,Yes,2.72,Yes,Yes,Fiber Optic,16.0,Yes,No,No,Yes,No,Yes,Yes,No
0623-GDISB,,Yes,16.42,No,Yes,Cable,21.0,Yes,No,No,No,No,No,No,Yes
0623-IIHUG,,No,,,Yes,Cable,8.0,Yes,No,No,No,Yes,No,No,Yes
0625-AFOHS,Offer C,Yes,34.44,No,No,,,,,,,,,,
0626-QXNGV,,Yes,37.98,Yes,No,,,,,,,,,,
0628-CNQRM,,Yes,19.8,No,Yes,Cable,17.0,Yes,No,Yes,Yes,Yes,No,No,Yes
0634-SZPQA,,Yes,3.55,Yes,Yes,Fiber Optic,4.0,Yes,No,No,No,Yes,No,No,Yes
0635-WKOLD,Offer B,Yes,23.74,Yes,Yes,DSL,22.0,No,Yes,No,Yes,Yes,No,No,Yes
0637-KVDLV,Offer E,Yes,17.22,Yes,Yes,Fiber Optic,30.0,No,No,No,No,No,No,No,Yes
0637-UBJRP,Offer D,Yes,29.92,No,Yes,Fiber Optic,21.0,Yes,No,No,No,No,Yes,Yes,Yes
0637-YLETY,Offer D,Yes,18.99,Yes,Yes,Fiber Optic,30.0,No,Yes,Yes,No,No,Yes,Yes,Yes
0639-TSIQW,Offer A,Yes,37.5,Yes,Yes,Fiber Optic,30.0,Yes,Yes,Yes,No,Yes,No,No,Yes
0640-YJTPY,Offer A,Yes,5.7,No,No,,,,,,,,,,
0641-EVBOJ,,Yes,44.97,No,Yes,Fiber Optic,16.0,Yes,No,No,Yes,No,No,No,No
0643-OKLRP,,Yes,38.31,Yes,Yes,Fiber Optic,7.0,Yes,No,No,No,No,No,No,No
0644-OQMDK,Offer E,Yes,6.18,No,Yes,Fiber Optic,12.0,No,No,No,No,No,No,No,Yes
0650-BWOZN,,Yes,7.51,No,Yes,Fiber Optic,24.0,No,Yes,No,No,No,No,No,Yes
0654-HMSHN,Offer D,Yes,42.65,Yes,Yes,Fiber Optic,3.0,No,Yes,Yes,No,Yes,Yes,Yes,Yes
0654-PQKDW,,Yes,42.05,No,Yes,DSL,20.0,Yes,No,Yes,Yes,Yes,No,No,Yes
0655-RBDUG,Offer E,Yes,9.25,Yes,Yes,Fiber Optic,29.0,No,No,Yes,No,Yes,Yes,Yes,Yes
0655-YDGFJ,Offer C,Yes,10.06,No,Yes,DSL,25.0,No,No,Yes,No,No,No,No,Yes
0657-DOGUM,Offer B,Yes,44.72,Yes,Yes,DSL,13.0,Yes,No,No,Yes,No,No,No,No
0661-KBKPA,,Yes,31.86,Yes,Yes,DSL,56.0,No,No,Yes,Yes,Yes,Yes,Yes,Yes
0661-KQHNK,,Yes,30.01,No,No,,,,,,,,,,
0661-WCQNQ,Offer D,Yes,7.68,No,Yes,DSL,7.0,Yes,No,No,Yes,No,No,No,No
0661-XEYAN,,No,,,Yes,DSL,26.0,No,No,No,No,No,No,No,No
0665-XHDJU,,Yes,34.95,Yes,Yes,Fiber Optic,48.0,No,Yes,No,No,Yes,Yes,Yes,Yes
0666-UXTJO,Offer C,Yes,29.66,No,Yes,Fiber Optic,29.0,No,No,Yes,No,Yes,No,No,Yes
0667-NSRGI,,Yes,17.03,Yes,Yes,DSL,15.0,No,No,Yes,Yes,No,Yes,Yes,Yes
0668-OGMHD,Offer D,No,,,Yes,DSL,59.0,Yes,No,No,No,No,No,No,Yes
0670-ANMUU,,Yes,16.57,Yes,Yes,Fiber Optic,5.0,Yes,No,No,Yes,No,Yes,Yes,Yes
0670-KDOMA,Offer E,Yes,28.18,No,No,,,,,,,,,,
0673-IGUQO,,Yes,30.09,No,No,,,,,,,,,,
0674-DGMAQ,Offer C,Yes,43.54,Yes,Yes,Fiber Optic,3.0,No,Yes,Yes,No,No,Yes,No,Yes
0674-EYYZV,,Yes,36.33,No,Yes,DSL,4.0,No,No,No,No,Yes,No,No,Yes
0674-GCDXG,Offer B,Yes,42.59,Yes,Yes,DSL,85.0,Yes,No,Yes,Yes,No,Yes,Yes,Yes
0675-NCDYU,Offer A,Yes,28.86,Yes,Yes,Fiber Optic,20.0,Yes,Yes,Yes,Yes,Yes,Yes,Yes,Yes
0678-RLHVP,Offer B,Yes,12.92,Yes,Yes,Fiber Optic,19.0,No,Yes,Yes,No,Yes,Yes,Yes,Yes
0679-IDSTG,,Yes,37.3,No,Yes,Fiber Optic,8.0,No,No,No,No,No,No,No,Yes
0679-TDGAK,,Yes,31.83,No,Yes,Cable,47.0,Yes,No,No,Yes,Yes,Yes,Yes,No
0680-DFNNY,,Yes,40.7,Yes,Yes,Fiber Optic,29.0,No,No,Yes,No,Yes,Yes,Yes,Yes
0682-USIXD,,Yes,14.81,No,Yes,Fiber Optic,25.0,No,No,No,Yes,Yes,No,No,Yes
0684-AOSIH,,Yes,12.04,No,Yes,Cable,5.0,Yes,No,No,No,Yes,Yes,Yes,Yes
0685-MLYYM,Offer E,Yes,9.86,No,Yes,Fiber Optic,21.0,No,No,No,No,No,No,No,Yes
0687-ZVTHB,Offer B,Yes,26.75,Yes,Yes,Cable,51.0,Yes,Yes,Yes,No,No,Yes,Yes,Yes
0689-DSXGL,Offer B,Yes,16.87,No,Yes,Fiber Optic,24.0,No,Yes,Yes,Yes,No,No,No,Yes
0689-NKYLF,Offer D,Yes,35.4,No,Yes,Fiber Optic,18.0,No,No,Yes,No,Yes,No,No,Yes
0690-SRQID,Offer E,Yes,18.28,No,No,,,,,,,,,,
0691-IFBQW,,Yes,2.37,Yes,Yes,Fiber Optic,20.0,Yes,Yes,Yes,No,Yes,Yes,Yes,Yes
0691-JVSYA,,Yes,40.62,No,Yes,Fiber Optic,73.0,No,No,Yes,No,Yes,Yes,Yes,Yes
0691-NIKRI,Offer B,Yes,16.73,Yes,Yes,Fiber Optic,14.0,No,No,Yes,Yes,Yes,Yes,Yes,Yes
0696-UKTOX,,Yes,8.4,No,Yes,Cable,27.0,No,Yes,No,Yes,No,No,No,No
0697-ZMSWS,,Yes,6.91,Yes,Yes,Fiber Optic,53.0,No,No,No,No,No,Yes,Yes,Yes
0699-NDKJM,Offer B,No,,,Yes,Cable,22.0,Yes,Yes,Yes,No,Yes,Yes,Yes,Yes
0701-RFGFI,Offer B,Yes,8.18,Yes,Yes,Fiber Optic,53.0,No,No,No,No,Yes,Yes,Yes,Yes
0701-TJSEF,Offer E,Yes,32.31,No,Yes,Cable,24.0,Yes,No,Yes,Yes,No,Yes,Yes,Yes
0702-PGIBZ,Offer E,Yes,26.16,Yes,Yes,Fiber Optic,85.0,No,Yes,No,No,Yes,Yes,Yes,Yes
0704-VCUMB,,Yes,10.94,No,No,,,,,,,,,,
0707-HOVVN,Offer A,Yes,47.27,Yes,Yes,Cable,3.0,No,Yes,Yes,Yes,Yes,No,No,Yes
0708-LGSMF,Offer D,Yes,14.32,Yes,Yes,DSL,4.0,Yes,No,No,No,No,Yes,Yes,Yes
0708-SJDIS,Offer C,Yes,45.28,Yes,Yes,Cable,27.0,No,No,No,Yes,Yes,No,No,Yes
0709-TVGUR,,Yes,17.56,Yes,Yes,Fiber Optic,27.0,No,No,No,No,No,No,No,Yes
0716-BQNDX,,Yes,2.21,Yes,Yes,Fiber Optic,11.0,Yes,No,No,Yes,No,Yes,Yes,Yes
0719-SYFRB,Offer D,Yes,36.24,Yes,Yes,DSL,30.0,Yes,No,Yes,Yes,No,No,No,Yes
0722-SVSFK,,Yes,39.02,No,Yes,Fiber Optic,25.0,No,No,Yes,Yes,Yes,Yes,Yes,Yes
0722-TROQR,,Yes,26.23,Yes,Yes,Fiber Optic,29.0,No,No,No,No,No,No,No,Yes
0723-DRCLG,,Yes,31.27,Yes,Yes,Fiber Optic,11.0,No,No,No,No,No,No,No,No
0723-FDLAY,Offer B,Yes,49.57,Yes,Yes,Cable,21.0,No,Yes,Yes,Yes,Yes,Yes,Yes,No
0723-VSOBE,Offer B,No,,,Yes,Cable,4.0,No,No,No,No,No,Yes,No,No
0725-CXOTM,,Yes,44.7,Yes,Yes,DSL,59.0,Yes,No,Yes,Yes,Yes,Yes,Yes,Yes
0727-BMPLR,,Yes,37.38,Yes,Yes,Fiber Optic,7.0,No,No,Yes,No,Yes,Yes,Yes,No
0727-BNRLG,Offer A,Yes,49.35,Yes,Yes,Fiber Optic,30.0,No,Yes,Yes,Yes,Yes,No,No,Yes
0727-IWKVK,Offer E,Yes,19.18,No,Yes,Fiber Optic,27.0,No,Yes,Yes,No,No,No,No,Yes
0730-BGQGF,Offer A,Yes,15.71,Yes,Yes,DSL,57.0,Yes,Yes,Yes,Yes,Yes,Yes,Yes,No
0730-KOAVE,Offer C,Yes,41.66,Yes,Yes,Fiber Optic,28.0,Yes,Yes,No,No,No,Yes,Yes,Yes
0731-EBJQB,Offer B,Yes,5.65,No,No,,,,,,,,,,
0732-OCQOC,Offer B,Yes,5.32,Yes,No,,,,,,,,,,
0733-VUNUW,,Yes,8.99,Yes,Yes,DSL,5.0,Yes,No,No,No,No,No,No,No
0734-OXWBT,Offer E,Yes,25.04,No,Yes,Cable,17.0,No,No,No,Yes,Yes,Yes,Yes,Yes
0739-UUAJR,Offer A,No,,,Yes,Cable,14.0,Yes,No,Yes,No,Yes,Yes,Yes,Yes
0742-LAFQK,,Yes,28.86,Yes,Yes,Fiber Optic,8.0,Yes,Yes,Yes,No,No,Yes,Yes,Yes
0742-MOABM,,Yes,9.67,No,Yes,Cable,22.0,No,No,No,Yes,No,No,No,Yes
0742-NXBGR,Offer E,Yes,33.41,No,Yes,Fiber Optic,28.0,No,Yes,Yes,No,No,No,No,Yes
0743-HNPFG,,Yes,17.95,No,Yes,DSL,14.0,Yes,Yes,No,Yes,No,Yes,Yes,Yes
0743-HRVFF,,No,,,Yes,DSL,76.0,No,No,Yes,Yes,Yes,Yes,Yes,Yes
0744-BIKKF,Offer A,Yes,11.41,Yes,Yes,DSL,17.0,Yes,Yes,Yes,Yes,Yes,Yes,Yes,Yes
0744-GKNGE,Offer B,Yes,27.74,Yes,Yes,Fiber Optic,12.0,Yes,No,No,Yes,No,No,No,Yes
0746-JTRFU,Offer E,No,,,Yes,Cable,73.0,No,No,No,No,No,No,Yes,Yes
0748-RDGGM,,Yes,39.63,No,Yes,Fiber Optic,26.0,Yes,Yes,Yes,Yes,Yes,Yes,Yes,Yes
0749-IRGQE,,No,,,Yes,DSL,9.0,No,No,No,No,Yes,Yes,No,Yes
0750-EBAIU,Offer B,Yes,31.31,No,Yes,Fiber Optic,12.0,Yes,No,Yes,No,Yes,No,No,Yes
0750-EKNGL,Offer E,Yes,47.19,No,No,,,,,,,,,,
0754-EEBDC,Offer E,Yes,24.57,No,No,,,,,,,,,,
0754-UKWQP,,Yes,37.43,No,Yes,Fiber Optic,18.0,No,No,Yes,No,Yes,Yes,Yes,Yes
0756-MPZRL,Offer B,No,,,Yes,DSL,18.0,No,No,Yes,Yes,No,No,No,Yes
0757-WCUUZ,Offer B,Yes,36.09,Yes,Yes,DSL,59.0,No,No,Yes,No,No,Yes,Yes,Yes
0761-AETCS,Offer E,Yes,25.62,No,No,,,,,,,,,,
0769-MURVM,Offer A,No,,,Yes,Cable,23.0,Yes,Yes,Yes,Yes,Yes,Yes,Yes,Yes
0771-CHWSK,Offer A,Yes,45.57,Yes,Yes,DSL,11.0,Yes,Yes,Yes,No,No,Yes,Yes,Yes
0771-WLCLA,Offer D,Yes,46.45,Yes,Yes,Fiber Optic,12.0,Yes,No,Yes,Yes,Yes,Yes,Yes,Yes
0772-GYEQQ,Offer E,Yes,49.4,No,Yes,Fiber Optic,10.0,No,No,Yes,Yes,Yes,No,No,Yes
0774-IFUVM,,Yes,16.71,Yes,Yes,DSL,59.0,Yes,No,No,No,Yes,No,No,Yes
0774-RMNUW,Offer A,No,,,Yes,Cable,19.0,Yes,Yes,No,Yes,Yes,Yes,Yes,Yes
0778-NELLA,,No,,,Yes,DSL,9.0,No,No,No,No,Yes,No,No,Yes
0780-XNZFN,,Yes,1.69,No,No,,,,,,,,,,
0781-LKXBR,,Yes,48.71,Yes,Yes,Fiber Optic,15.0,No,No,Yes,No,Yes,Yes,Yes,Yes
0784-GTUUK,,Yes,32.28,Yes,No,,,,,,,,,,
0784-ZQJZX,,Yes,31.93,No,No,,,,,,,,,,
0786-IVLAW,,Yes,3.57,Yes,Yes,Fiber Optic,28.0,No,Yes,Yes,No,Yes,Yes,No,Yes
0786-VSSUD,,No,,,Yes,DSL,24.0,No,Yes,No,No,Yes,No,No,Yes
0787-LHDYT,Offer D,Yes,33.44,No,No,,,,,,,,,,
0788-DXBFY,Offer B,Yes,27.93,No,No,,,,,,,,,,
0793-TWELN,Offer E,Yes,6.5,Yes,Yes,Fiber Optic,73.0,Yes,No,No,No,No,No,No,Yes
0794-YVSGE,Offer A,Yes,27.16,No,No,,,,,,,,,,
0795-GMVQO,,Yes,23.13,Yes,Yes,Fiber Optic,24.0,Yes,Yes,Yes,No,Yes,Yes,Yes,Yes
0795-LAFGP,,Yes,3.57,Yes,Yes,DSL,52.0,Yes,Yes,Yes,Yes,Yes,Yes,Yes,Yes
0795-XCCTE,Offer A,Yes,26.01,Yes,No,,,,,,,,,,
0799-DDIHE,Offer D,Yes,24.27,No,Yes,Cable,27.0,No,No,No,No,No,No,No,Yes
0804-XBFBV,,No,,,Yes,DSL,19.0,No,No,No,No,No,No,No,Yes
0804-YGEQV,Offer B,Yes,28.03,Yes,No,,,,,,,,,,
0807-ZABDG,Offer E,Yes,26.04,No,Yes,Cable,16.0,Yes,No,No,Yes,No,No,No,Yes
0810-BDHAW,,Yes,31.62,Yes,Yes,DSL,12.0,Yes,Yes,No,No,Yes,Yes,Yes,No
0810-DHDBD,,Yes,21.38,Yes,Yes,Cable,21.0,Yes,No,Yes,Yes,Yes,No,No,Yes
0811-GSDTP,,No,,,Yes,Cable,19.0,No,Yes,No,No,No,No,No,No
0812-WUPTB,Offer E,Yes,49.6,No,Yes,Fiber Optic,13.0,No,No,No,No,No,No,No,Yes
0813-TAXXS,,Yes,26.3,Yes,Yes,DSL,23.0,No,No,Yes,No,Yes,Yes,Yes,Yes
0815-MFZGM,,Yes,1.31,No,Yes,Fiber Optic,17.0,No,No,Yes,Yes,Yes,Yes,Yes,Yes
0816-TSPHQ,,Yes,27.67,No,No,,,,,,,,,,
0817-HSUSE,,Yes,5.63,No,Yes,Cable,52.0,No,No,Yes,Yes,Yes,Yes,Yes,Yes
0818-OCPZO,,Yes,42.91,Yes,Yes,Fiber Optic,5.0,No,Yes,No,No,No,No,No,Yes
0820-FNRNX,Offer D,Yes,29.87,Yes,Yes,DSL,53.0,No,Yes,Yes,Yes,No,No,No,Yes
0822-GAVAP,Offer E,No,,,Yes,DSL,76.0,No,No,No,No,No,Yes,Yes,Yes
0822-QGCXA,Offer C,Yes,3.43,Yes,Yes,DSL,21.0,No,Yes,Yes,Yes,Yes,Yes,Yes,Yes
0823-HSCDJ,,No,,,Yes,DSL,18.0,No,Yes,No,No,Yes,Yes,Yes,No
0824-VWDPO,,Yes,1.57,Yes,Yes,Fiber Optic,30.0,Yes,Yes,No,No,No,Yes,Yes,Yes
0825-CPPQH,,Yes,39.44,No,No,,,,,,,,,,
0827-ITJPH,Offer C,Yes,8.5,No,No,,,,,,,,,,
0829-DDVLK,,Yes,9.74,No,No,,,,,,,,,,
0829-XXPLX,,Yes,30.52,No,Yes,Fiber Optic,21.0,Yes,No,Yes,No,Yes,No,No,Yes
0831-JNISG,Offer A,Yes,23.34,No,No,,,,,,,,,,
0835-DUUIQ,,Yes,47.31,No,No,,,,,,,,,,
0835-JKADZ,,Yes,41.92,Yes,Yes,Fiber Optic,53.0,No,Yes,Yes,Yes,Yes,Yes,Yes,Yes
0836-SEYLU,Offer E,No,,,Yes,DSL,26.0,No,No,No,Yes,Yes,No,No,Yes
0839-JTCUD,,Yes,36.36,Yes,Yes,Cable,3.0,Yes,Yes,Yes,Yes,Yes,Yes,Yes,Yes
0839-QNXME,,Yes,9.27,No,No,,,,,,,,,,
0840-DCNZE,Offer B,Yes,36.78,No,Yes,DSL,25.0,Yes,Yes,Yes,Yes,Yes,Yes,Yes,Yes
0840-DFEZH,,Yes,25.17,Yes,Yes,Fiber Optic,17.0,No,No,No,No,No,No,No,Yes
0841-NULXI,,No,,,Yes,DSL,26.0,No,No,No,No,No,Yes,Yes,Yes
0842-IWYCP,,Yes,40.32,No,Yes,Cable,51.0,No,No,No,No,No,No,No,Yes
0843-WTBXE,,Yes,16.43,Yes,Yes,Fiber Optic,29.0,No,No,No,No,Yes,No,No,Yes
0847-HGRML,,Yes,24.48,No,No,,,,,,,,,,
0848-SOMKO,,No,,,Yes,DSL,26.0,Yes,No,Yes,Yes,No,Yes,Yes,Yes
0848-ZGQIJ,Offer D,Yes,10.5,No,Yes,Fiber Optic,2.0,No,Yes,No,No,Yes,Yes,Yes,Yes
0851-DFJKB,,Yes,30.54,No,Yes,DSL,11.0,Yes,No,Yes,Yes,No,No,No,Yes
0853-NWIFK,,Yes,1.03,No,Yes,Fiber Optic,47.0,Yes,Yes,No,No,Yes,Yes,Yes,Yes
0853-TWRVK,,Yes,6.15,Yes,Yes,Fiber Optic,5.0,Yes,Yes,Yes,Yes,No,Yes,Yes,Yes
0854-UYHZD,,Yes,42.23,No,No,,,,,,,,,,
0856-NAOES,Offer E,Yes,45.67,No,Yes,DSL,71.0,No,No,Yes,No,Yes,No,No,Yes
0859-YGKFW,Offer D,Yes,28.06,No,No,,,,,,,,,,
0862-PRCBS,,Yes,16.09,Yes,Yes,Fiber Optic,53.0,No,Yes,No,Yes,Yes,Yes,Yes,Yes
0864-FVJNJ,Offer B,Yes,6.83,Yes,Yes,Fiber Optic,19.0,Yes,Yes,Yes,Yes,Yes,Yes,Yes,No
0866-QLSIR,Offer C,Yes,34.41,Yes,Yes,DSL,4.0,Yes,Yes,No,Yes,No,No,No,Yes
0867-LDTTC,,Yes,45.69,No,Yes,Cable,4.0,No,No,Yes,Yes,Yes,Yes,Yes,Yes
0867-MKZVY,,Yes,36.6,Yes,Yes,Fiber Optic,51.0,Yes,No,No,No,No,No,Yes,Yes
0868-VJRDR,,Yes,4.76,No,Yes,Fiber Optic,8.0,Yes,Yes,No,Yes,Yes,Yes,Yes,Yes
0869-PAPRP,,Yes,46.24,No,Yes,Fiber Optic,4.0,No,No,Yes,No,Yes,No,No,Yes
0870-VEMYL,Offer E,Yes,24.32,No,Yes,Cable,22.0,Yes,No,No,Yes,No,No,No,No
0871-OPBXW,Offer E,Yes,6.85,No,No,,,,,,,,,,
0871-URUWO,,Yes,30.55,Yes,Yes,Fiber Optic,28.0,No,No,Yes,No,Yes,Yes,Yes,Yes
0872-CASZJ,Offer B,Yes,20.5,Yes,Yes,Cable,53.0,Yes,No,No,Yes,No,Yes,Yes,Yes
0872-JCPIB,Offer D,Yes,47.45,Yes,Yes,DSL,5.0,Yes,No,No,No,No,Yes,Yes,Yes
0872-NXJYS,,Yes,45.41,No,Yes,Fiber Optic,23.0,No,No,No,No,No,Yes,Yes,Yes
0875-CABNR,,Yes,16.85,No,Yes,Fiber Optic,30.0,No,No,Yes,No,No,Yes,Yes,Yes
0876-WDUUZ,Offer E,Yes,43.51,No,Yes,Fiber Optic,17.0,No,No,No,Yes,No,Yes,Yes,Yes
0877-SDMBN,,Yes,43.47,Yes,Yes,Fiber Optic,82.0,Yes,No,Yes,No,Yes,Yes,Yes,Yes
0880-FVFWF,Offer B,Yes,37.15,Yes,Yes,Fiber Optic,13.0,Yes,Yes,No,No,No,No,No,Yes
0880-TKATG,Offer E,Yes,9.56,Yes,Yes,Fiber Optic,48.0,No,No,Yes,No,Yes,Yes,Yes,Yes
0883-EIBTI,,Yes,28.02,No,No,,,,,,,,,,
0885-HMGPY,Offer B,Yes,41.13,Yes,Yes,Cable,12.0,Yes,Yes,Yes,Yes,No,No,No,Yes
0886-QGENL,,Yes,45.82,No,Yes,Fiber Optic,13.0,Yes,No,Yes,No,Yes,Yes,No,Yes
0887-HJGAR,Offer E,Yes,5.55,No,Yes,DSL,13.0,No,No,No,No,No,No,No,Yes
0887-WBJVH,Offer B,Yes,38.35,No,Yes,Fiber Optic,82.0,No,No,No,Yes,Yes,Yes,Yes,Yes
0895-DQHEW,,Yes,35.46,Yes,Yes,Fiber Optic,23.0,No,Yes,Yes,No,Yes,Yes,Yes,Yes
0895-LMRSF,,Yes,46.4,No,Yes,Cable,23.0,No,No,No,No,Yes,Yes,Yes,No
0895-LNKRC,Offer E,Yes,1.57,No,No,,,,,,,,,,
0895-UADGO,,No,,,Yes,Cable,4.0,Yes,No,No,Yes,No,Yes,Yes,Yes
0897-FEGMU,Offer D,Yes,31.08,Yes,Yes,Fiber Optic,26.0,No,No,Yes,No,Yes,Yes,Yes,Yes
0898-XCGTF,,Yes,21.96,Yes,Yes,Fiber Optic,2.0,No,No,No,No,Yes,Yes,Yes,Yes
0899-LIIBW,,Yes,33.55,Yes,Yes,Fiber Optic,41.0,No,No,Yes,No,Yes,Yes,Yes,Yes
0899-WZRSD,,Yes,37.99,Yes,Yes,Fiber Optic,24.0,Yes,No,No,Yes,Yes,Yes,Yes,Yes
0902-RFHOF,,Yes,22.23,No,No,,,,,,,,,,
0902-XKXPN,,Yes,23.55,No,No,,,,,,,,,,
0906-QVPMS,Offer A,Yes,35.71,Yes,Yes,Fiber Optic,58.0,Yes,Yes,Yes,Yes,Yes,Yes,Yes,Yes
0907-HQNTS,Offer A,Yes,46.2,Yes,Yes,Fiber Optic,14.0,Yes,Yes,Yes,Yes,Yes,Yes,No,Yes
0909-SDHNU,,No,,,Yes,Cable,19.0,Yes,No,No,No,No,No,No,Yes
0909-SELIE,,Yes,43.48,Yes,Yes,DSL,20.0,Yes,Yes,Yes,Yes,No,Yes,Yes,Yes
0913-XWSCN,Offer B,Yes,41.89,Yes,Yes,Fiber Optic,52.0,No,No,No,No,No,Yes,Yes,Yes
0916-KNFAJ,Offer B,Yes,4.69,Yes,Yes,Cable,4.0,Yes,No,Yes,No,No,Yes,Yes,Yes
0916-QOFDP,,Yes,14.39,Yes,Yes,Fiber Optic,30.0,No,No,No,No,Yes,Yes,No,Yes
0917-EZOLA,,Yes,6.03,Yes,Yes,Fiber Optic,2.0,No,Yes,Yes,No,Yes,Yes,No,Yes
0921-OHLVP,Offer D,Yes,11.46,Yes,Yes,Fiber Optic,16.0,No,No,No,No,No,Yes,Yes,Yes
0923-PNFUB,Offer E,Yes,46.36,No,Yes,Fiber Optic,4.0,No,Yes,No,No,Yes,No,No,Yes
0924-BJCRC,Offer B,Yes,24.68,Yes,Yes,Fiber Optic,19.0,No,Yes,No,No,No,Yes,No,No
0925-VYDLG,,Yes,17.87,Yes,Yes,Fiber Optic,25.0,No,No,No,No,No,No,No,Yes
0927-CNGRH,,Yes,30.63,No,No,,,,,,,,,,
0927-LCSMG,Offer E,Yes,21.58,No,Yes,Fiber Optic,71.0,No,No,Yes,No,No,No,Yes,No
0928-JMXNP,Offer E,No,,,Yes,DSL,5.0,No,No,Yes,No,No,No,No,Yes
0928-XUTSN,,Yes,44.99,No,Yes,Fiber Optic,27.0,No,No,No,No,No,Yes,Yes,Yes
0929-HYQEW,,Yes,17.42,No,Yes,DSL,59.0,Yes,No,No,No,No,No,No,Yes
0929-PECLO,Offer B,Yes,41.8,Yes,Yes,Fiber Optic,16.0,No,No,Yes,No,No,Yes,Yes,Yes
0930-EHUZA,,Yes,44.87,No,Yes,Cable,8.0,Yes,Yes,Yes,Yes,Yes,No,No,Yes
0931-MHTEM,,Yes,34.27,No,Yes,Fiber Optic,20.0,Yes,Yes,No,No,Yes,Yes,Yes,Yes
0932-YIXYU,,Yes,8.85,No,No,,,,,,,,,,
0936-NQLJU,Offer B,Yes,8.44,No,No,,,,,,,,,,
0939-EREMR,Offer D,Yes,25.33,No,Yes,Cable,27.0,No,No,Yes,Yes,No,No,No,No
0939-YAPAF,Offer C,Yes,10.49,Yes,Yes,Fiber Optic,17.0,No,No,Yes,No,Yes,Yes,Yes,Yes
0940-OUQEC,Offer D,Yes,17.07,Yes,Yes,Fiber Optic,3.0,No,Yes,No,No,No,No,No,No
0942-KOWSM,Offer C,Yes,15.94,No,Yes,DSL,53.0,No,Yes,Yes,Yes,Yes,Yes,Yes,Yes
0943-ZQPXH,,Yes,26.25,No,Yes,Fiber Optic,25.0,No,No,Yes,No,Yes,Yes,Yes,Yes
0945-TSONX,Offer B,Yes,29.15,Yes,Yes,DSL,52.0,Yes,Yes,No,Yes,Yes,Yes,Yes,No
0946-CLJTI,Offer B,Yes,3.18,Yes,Yes,Fiber Optic,5.0,No,No,Yes,No,Yes,Yes,Yes,Yes
0946-FKYTX,Offer B,No,,,Yes,Cable,14.0,No,Yes,No,No,No,No,No,Yes
0947-IDHRQ,,Yes,39.21,No,Yes,Fiber Optic,42.0,No,No,No,No,Yes,No,Yes,No
0947-MUGVO,,Yes,5.37,No,Yes,Fiber Optic,24.0,No,Yes,No,No,No,No,No,Yes
0952-KMEEH,,Yes,3.36,Yes,Yes,Fiber Optic,15.0,Yes,No,No,No,Yes,Yes,Yes,No
0953-LGOVU,Offer D,No,,,Yes,DSL,73.0,No,Yes,No,Yes,No,No,No,Yes
0956-ACVZC,,Yes,48.97,No,Yes,Fiber Optic,42.0,No,No,Yes,No,Yes,Yes,Yes,No
0956-SYCWG,Offer D,Yes,33.13,No,No,,,,,,,,,,
0958-YHXGP,,Yes,30.99,No,Yes,Fiber Optic,42.0,No,No,No,No,No,No,No,Yes
0959-WHOKV,Offer B,Yes,6.42,Yes,Yes,Fiber Optic,48.0,Yes,Yes,Yes,No,No,Yes,Yes,Yes
0960-HUWBM,Offer B,Yes,39.52,Yes,Yes,Fiber Optic,57.0,No,No,Yes,Yes,Yes,Yes,Yes,Yes
0961-ZWLVI,,Yes,4.76,Yes,Yes,Fiber Optic,58.0,Yes,Yes,Yes,No,Yes,Yes,Yes,Yes
0962-CQPWQ,,Yes,2.41,No,No,,,,,,,,,,
0963-ZBDRN,,Yes,25.21,No,Yes,Fiber Optic,26.0,No,No,No,Yes,Yes,Yes,Yes,Yes
0967-BMLBD,Offer D,Yes,49.19,No,No,,,,,,,,,,
0968-GSIKN,Offer E,Yes,30.6,No,Yes,Fiber Optic,27.0,No,No,No,No,No,No,Yes,Yes
0969-RGKCU,,Yes,43.68,No,No,,,,,,,,,,
0970-ETWGE,Offer E,Yes,42.46,No,Yes,Cable,27.0,No,No,No,No,Yes,Yes,Yes,Yes
0970-QXPXW,,Yes,42.42,No,No,,,,,,,,,,
0971-QIFJK,Offer A,Yes,39.78,Yes,No,,,,,,,,,,
0973-KYVNF,,Yes,43.12,No,Yes,Cable,22.0,Yes,Yes,Yes,No,Yes,No,No,Yes
0975-UYDTX,Offer C,Yes,25.63,Yes,Yes,DSL,19.0,Yes,Yes,Yes,Yes,Yes,Yes,Yes,Yes
0975-VOOVL,,No,,,Yes,DSL,22.0,No,Yes,No,No,No,No,No,Yes
0979-MOZQI,,No,,,Yes,Cable,4.0,No,No,No,Yes,Yes,No,No,Yes
0979-PHULV,Offer A,Yes,48.8,Yes,Yes,Fiber Optic,26.0,No,No,Yes,No,Yes,Yes,Yes,Yes
0980-FEXWF,Offer C,Yes,4.62,No,Yes,DSL,19.0,No,No,Yes,No,No,No,No,Yes
0980-PVMRC,,No,,,Yes,DSL,52.0,No,Yes,No,No,Yes,Yes,Yes,Yes
0983-TATYJ,,Yes,48.09,No,Yes,DSL,9.0,No,No,No,Yes,No,No,No,Yes
0988-AADSA,Offer A,Yes,9.72,Yes,Yes,Cable,15.0,Yes,Yes,Yes,Yes,No,Yes,Yes,No
0988-JRWWP,,Yes,41.38,No,Yes,DSL,5.0,No,No,No,No,Yes,No,No,Yes
0991-BRRFB,,Yes,20.86,No,Yes,DSL,3.0,Yes,No,No,No,No,No,No,Yes
0993-OSGPT,,Yes,40.55,No,Yes,DSL,20.0,No,Yes,Yes,Yes,No,No,No,Yes
0997-YTLNY,Offer D,Yes,4.03,No,Yes,Cable,26.0,No,No,No,Yes,No,No,No,Yes
0999-QXNSA,,Yes,41.14,No,Yes,DSL,17.0,No,No,No,No,No,No,No,Yes
1000-AJSLD,,Yes,4.11,No,No,,,,,,,,,,
1004-NOZNR,Offer B,Yes,10.57,No,Yes,Fiber Optic,28.0,Yes,No,No,No,Yes,Yes,No,Yes
1009-IRMNA,Offer E,Yes,16.04,No,No,,,,,,,,,,
1010-DIAUQ,Offer E,Yes,20.86,No,Yes,Fiber Optic,8.0,No,No,Yes,No,Yes,Yes,Yes,Yes
1013-QCWAM,Offer A,Yes,28.06,Yes,Yes,Fiber Optic,20.0,No,Yes,No,No,Yes,Yes,No,Yes
1015-JPFYW,,Yes,49.16,No,No,,,,,,,,,,
1015-OWJKI,,Yes,5.02,No,No,,,,,,,,,,
1016-DJTSV,Offer E,Yes,41.85,No,Yes,Fiber Optic,5.0,No,No,No,No,No,No,No,Yes
1017-FBQMM,Offer B,Yes,15.05,Yes,Yes,Fiber Optic,23.0,No,Yes,No,Yes,Yes,Yes,Yes,Yes
1020-JPQOW,,Yes,2.8,Yes,Yes,Fiber Optic,20.0,No,Yes,Yes,Yes,No,No,No,No
1022-RKXDR,,Yes,32.66,Yes,No,,,,,,,,,,
1023-BQXZE,,Yes,24.67,No,Yes,DSL,42.0,Yes,No,Yes,No,Yes,Yes,Yes,Yes
1024-GUALD,Offer E,No,,,Yes,DSL,29.0,No,No,No,No,No,No,Yes,Yes
1024-KPRBB,Offer C,Yes,30.09,No,Yes,Fiber Optic,18.0,No,No,No,No,Yes,Yes,Yes,No
1024-VRZHF,Offer D,Yes,21.58,Yes,Yes,Fiber Optic,30.0,No,No,No,No,No,No,No,Yes
1025-FALIX,,Yes,37.51,No,Yes,Fiber Optic,30.0,No,No,No,No,No,No,No,Yes
1027-LKKQQ,,Yes,12.96,No,Yes,DSL,56.0,Yes,No,Yes,Yes,Yes,Yes,Yes,Yes
1028-FFNJK,Offer C,Yes,48.02,Yes,Yes,Fiber Optic,24.0,No,No,No,Yes,Yes,Yes,No,Yes
1029-QFBEN,,Yes,38.44,No,No,,,,,,,,,,
1031-IIDEO,Offer E,Yes,27.05,No,Yes,Fiber Optic,23.0,No,No,No,No,No,No,No,Yes
1032-MAELW,,Yes,7.47,Yes,Yes,DSL,29.0,Yes,Yes,Yes,Yes,No,Yes,Yes,Yes
1035-IPQPU,,Yes,18.14,Yes,Yes,Fiber Optic,2.0,No,Yes,Yes,No,Yes,Yes,Yes,Yes
1036-GUDCL,,Yes,39.76,No,Yes,DSL,76.0,Yes,Yes,No,Yes,Yes,Yes,Yes,Yes
1038-RQOST,Offer D,Yes,4.7,No,No,,,,,,,,,,
1038-ZAGBI,,Yes,37.65,No,No,,,,,,,,,,
1041-RXHRA,,Yes,40.78,No,Yes,Fiber Optic,41.0,No,No,No,No,No,No,Yes,Yes
1042-HFUCW,Offer C,Yes,39.9,No,Yes,DSL,27.0,No,Yes,No,Yes,No,No,No,Yes
1043-UXOVO,Offer A,Yes,28.4,Yes,Yes,Fiber Optic,76.0,Yes,Yes,Yes,Yes,Yes,Yes,Yes,Yes
1043-YCUTE,Offer B,Yes,13.2,Yes,No,,,,,,,,,,
1045-LTCYT,,Yes,43.05,No,No,,,,,,,,,,
1047-NNCBF,,Yes,3.8,No,Yes,Fiber Optic,26.0,No,No,No,No,No,No,No,No
1047-RNXZV,,Yes,3.18,No,No,,,,,,,,,,
1049-FYSYG,Offer D,No,,,Yes,DSL,23.0,No,Yes,Yes,No,No,No,No,Yes
1051-EQPZR,,Yes,4.17,No,No,,,,,,,,,,
1051-GEJLJ,,Yes,27.17,No,No,,,,,,,,,,
1052-QJIBV,Offer A,Yes,20.49,No,No,,,,,,,,,,
1053-MXTTK,,Yes,14.46,No,Yes,Fiber Optic,29.0,Yes,Yes,Yes,Yes,Yes,Yes,Yes,Yes
1057-FOGLZ,Offer D,Yes,18.2,No,No,,,,,,,,,,
1060-ENTOF,,Yes,2.67,Yes,Yes,Fiber Optic,25.0,Yes,Yes,Yes,Yes,No,Yes,No,Yes
1061-PNTHC,Offer B,Yes,13.94,Yes,Yes,Fiber Optic,11.0,Yes,No,Yes,Yes,Yes,Yes,Yes,Yes
1062-LHZOD,,Yes,4.99,No,Yes,Fiber Optic,28.0,No,No,No,No,No,No,No,Yes
1063-DHQJF,Offer A,Yes,20.32,No,Yes,Fiber Optic,56.0,No,Yes,No,Yes,Yes,No,No,Yes
1064-FBXNK,,Yes,47.46,No,No,,,,,,,,,,
1066-JKSGK,,Yes,33.58,No,No,,,,,,,,,,
1069-QJOEE,,Yes,18.87,No,No,,,,,,,,,,
1069-XAIEM,,Yes,16.37,Yes,Yes,Fiber Optic,7.0,No,No,No,No,No,Yes,Yes,Yes
1073-XXCZD,,Yes,12.21,Yes,No,,,,,,,,,,
1074-AMIOH,,Yes,43.39,No,Yes,Fiber Optic,29.0,No,Yes,Yes,Yes,Yes,Yes,Yes,Yes
1074-WVEVG,,Yes,31.43,No,No,,,,,,,,,,
1075-BGWOH,,Yes,15.16,Yes,Yes,Fiber Optic,7.0,No,No,Yes,No,Yes,Yes,No,Yes
1077-HUUJM,Offer E,Yes,28.5,No,Yes,Fiber Optic,13.0,No,No,No,No,No,No,No,No
1078-TDCRN,,No,,,Yes,DSL,3.0,No,Yes,No,No,No,No,No,Yes
1080-BWSYE,,Yes,29.43,Yes,No,,,,,,,,,,
1084-MNSMJ,Offer B,Yes,33.93,No,Yes,DSL,13.0,Yes,Yes,Yes,Yes,Yes,Yes,Yes,Yes
1084-UQCHV,Offer E,Yes,27.97,No,Yes,Fiber Optic,18.0,No,No,No,No,No,No,No,Yes
1085-LDWAM,,Yes,23.47,No,No,,,,,,,,,,
1086-LXKFY,Offer E,Yes,16.55,No,Yes,Fiber Optic,19.0,No,No,No,No,No,No,No,Yes
1087-GRUYI,Offer C,Yes,6.97,No,No,,,,,,,,,,
1087-UDSIH,Offer E,Yes,13.28,No,No,,,,,,,,,,
1088-AUUZZ,Offer B,Yes,37.58,Yes,Yes,DSL,26.0,Yes,Yes,No,Yes,No,Yes,Yes,Yes
1088-CNNKB,,Yes,34.02,Yes,Yes,DSL,18.0,Yes,Yes,Yes,Yes,No,Yes,Yes,Yes
1089-HDMKP,,Yes,11.86,No,Yes,Cable,23.0,No,Yes,No,Yes,No,No,No,Yes
1089-XZWHH,,Yes,46.3,No,No,,,,,,,,,,
1090-ESELR,Offer A,Yes,27.25,No,Yes,Fiber Optic,19.0,Yes,Yes,No,Yes,Yes,Yes,Yes,Yes
1090-PYKCI,Offer A,Yes,23.02,Yes,Yes,Fiber Optic,48.0,Yes,Yes,Yes,Yes,Yes,No,No,No
1091-SOZGA,,Yes,42.37,Yes,Yes,Fiber Optic,71.0,No,No,Yes,No,Yes,Yes,Yes,Yes
1092-GANHU,,Yes,30.61,No,Yes,Fiber Optic,7.0,No,No,Yes,No,No,No,No,Yes
1092-WPIVQ,Offer D,Yes,39.56,Yes,No,,,,,,,,,,
1093-YSWCA,Offer D,Yes,17.12,No,No,,,,,,,,,,
1094-BKOSX,,No,,,Yes,Cable,19.0,No,Yes,Yes,Yes,No,Yes,Yes,Yes
1095-JUDTC,,Yes,14.22,Yes,Yes,Fiber Optic,11.0,No,Yes,No,Yes,Yes,No,No,Yes
1095-WGNGG,,Yes,17.49,Yes,Yes,Fiber Optic,21.0,No,Yes,No,No,Yes,Yes,Yes,Yes
1096-ADRUX,,Yes,37.84,Yes,Yes,Fiber Optic,17.0,No,No,No,No,No,No,No,Yes
1097-FSPVW,Offer B,Yes,32.16,No,Yes,DSL,8.0,Yes,No,Yes,No,No,No,No,Yes
1098-KFQEC,,Yes,27.75,No,No,,,,,,,,,,
1098-TDVUQ,Offer E,Yes,9.44,No,No,,,,,,,,,,
1099-BTKWT,Offer A,No,,,Yes,DSL,11.0,Yes,No,Yes,No,Yes,Yes,Yes,Yes
1099-GODLO,,Yes,30.09,No,No,,,,,,,,,,
1100-DDVRV,,No,,,Yes,DSL,52.0,No,Yes,No,No,Yes,Yes,Yes,Yes
1101-SSWAG,,Yes,31.13,Yes,Yes,DSL,5.0,No,No,No,No,No,No,No,Yes
1104-FEJAM,,Yes,9.31,Yes,Yes,DSL,19.0,No,Yes,No,No,No,Yes,Yes,Yes
1104-TNLZA,Offer C,Yes,24.35,Yes,Yes,Fiber Optic,15.0,No,Yes,No,Yes,Yes,Yes,Yes,Yes
1106-HRLKZ,Offer B,Yes,22.96,No,No,,,,,,,,,,
1110-KYLGQ,,Yes,5.17,Yes,Yes,Fiber Optic,16.0,Yes,Yes,Yes,No,Yes,Yes,Yes,Yes
1112-CUNAO,Offer D,Yes,4.28,Yes,Yes,Fiber Optic,6.0,No,Yes,No,No,No,Yes,No,Yes
1113-IUJYX,,Yes,5.63,No,Yes,Fiber Optic,23.0,Yes,Yes,No,Yes,Yes,Yes,Yes,Yes
1114-CENIM,,Yes,6.7,Yes,Yes,Cable,16.0,No,Yes,No,No,No,No,No,Yes
1116-DXXDF,,Yes,37.94,No,Yes,Fiber Optic,19.0,Yes,No,Yes,No,Yes,Yes,Yes,Yes
1116-FRYVH,,No,,,Yes,DSL,52.0,Yes,Yes,No,Yes,No,No,No,No
1120-BMWUB,Offer D,Yes,6.86,No,Yes,DSL,8.0,No,Yes,No,Yes,No,No,No,No
1121-QSIVB,Offer B,Yes,5.07,Yes,Yes,DSL,26.0,No,Yes,No,No,Yes,Yes,Yes,Yes
1122-JWTJW,,Yes,37.68,No,Yes,Fiber Optic,26.0,No,No,No,No,No,No,No,Yes
1122-YJBCS,Offer A,Yes,14.18,No,Yes,DSL,16.0,Yes,Yes,No,No,No,No,No,Yes
1125-SNVCK,,Yes,35.65,No,Yes,DSL,3.0,No,No,No,No,No,No,No,Yes
1131-ALZWV,Offer C,Yes,42.66,Yes,No,,,,,,,,,,
1131-QQZEB,Offer A,Yes,30.72,Yes,No,,,,,,,,,,
1131-SUEKT,Offer B,Yes,41.57,No,Yes,Fiber Optic,21.0,No,Yes,No,Yes,Yes,Yes,Yes,Yes
1133-KXCGE,Offer D,Yes,18.8,No,No,,,,,,,,,,
1134-YWTYF,Offer C,Yes,41.48,No,Yes,DSL,15.0,No,Yes,No,Yes,No,No,No,Yes
1135-HIORI,Offer B,Yes,39.37,Yes,Yes,Fiber Optic,53.0,No,Yes,Yes,Yes,Yes,Yes,Yes,Yes
1135-LMECX,,Yes,16.47,No,No,,,,,,,,,,
1136-XGEQU,Offer B,Yes,46.49,Yes,Yes,DSL,11.0,No,Yes,Yes,Yes,Yes,Yes,Yes,Yes
1137-DGOWI,,Yes,17.33,No,Yes,DSL,13.0,No,Yes,Yes,Yes,No,Yes,Yes,Yes
1139-WUOAH,,No,,,Yes,DSL,28.0,No,No,Yes,Yes,Yes,Yes,Yes,No
1140-UKVZG,Offer D,Yes,9.84,Yes,No,,,,,,,,,,
1142-IHLOO,Offer B,Yes,14.37,No,Yes,Fiber Optic,7.0,No,No,No,No,Yes,Yes,Yes,Yes
1142-WACZW,,No,,,Yes,Cable,11.0,No,No,No,Yes,No,No,No,Yes
1143-NMNQJ,,Yes,14.07,Yes,Yes,Fiber Optic,6.0,No,No,No,No,No,Yes,Yes,Yes
1150-FTQGN,Offer B,Yes,48.04,Yes,Yes,Fiber Optic,76.0,Yes,Yes,No,No,Yes,No,No,Yes
1150-WFARN,,Yes,32.15,Yes,Yes,Fiber Optic,28.0,Yes,No,Yes,Yes,Yes,Yes,Yes,Yes
1153-GNOLC,,No,,,Yes,DSL,30.0,No,Yes,No,No,Yes,No,No,Yes
1154-HYWWO,Offer C,Yes,42.24,No,Yes,DSL,22.0,Yes,Yes,No,Yes,Yes,No,No,Yes
1156-ZFYDO,,Yes,37.62,No,No,,,,,,,,,,
1157-BQCUW,Offer E,Yes,30.07,Yes,Yes,Fiber Optic,26.0,No,No,No,No,No,No,No,Yes
1159-WFSGR,Offer D,Yes,45.54,No,No,,,,,,,,,,
1162-ECVII,Offer A,Yes,18.74,Yes,Yes,Fiber Optic,14.0,No,Yes,Yes,Yes,Yes,Yes,Yes,No
1163-ONYEY,Offer B,Yes,28.55,Yes,Yes,Cable,20.0,Yes,Yes,Yes,No,Yes,No,No,Yes
1163-VIPRI,Offer B,Yes,13.25,Yes,Yes,Fiber Optic,47.0,Yes,No,Yes,Yes,Yes,Yes,Yes,Yes
1166-PQLGG,,Yes,17.33,No,No,,,,,,,,,,
1167-OYZJF,,Yes,49.94,No,No,,,,,,,,,,
1169-SAOCL,,Yes,22.52,Yes,Yes,Fiber Optic,25.0,No,Yes,No,Yes,Yes,Yes,Yes,No
1169-WCVAK,Offer D,Yes,34.05,Yes,Yes,Fiber Optic,20.0,Yes,Yes,No,Yes,No,No,No,Yes
1170-SASML,Offer A,Yes,34.49,Yes,Yes,Fiber Optic,29.0,No,Yes,Yes,No,No,No,No,Yes
1171-TYKUR,,Yes,10.07,Yes,No,,,,,,,,,,
1172-VIYBP,,Yes,27.93,Yes,Yes,DSL,57.0,Yes,Yes,No,No,No,Yes,Yes,Yes
1173-NOEYG,,Yes,18.74,Yes,Yes,Fiber Optic,59.0,No,No,Yes,No,No,Yes,Yes,Yes
1173-XZPYF,Offer D,Yes,10.95,Yes,Yes,Fiber Optic,29.0,No,No,Yes,No,Yes,No,No,Yes
1174-FGIFN,Offer C,Yes,26.28,Yes,Yes,Fiber Optic,19.0,No,No,No,Yes,No,Yes,Yes,Yes
1177-XZBJL,Offer B,Yes,37.57,Yes,Yes,DSL,15.0,Yes,Yes,No,Yes,No,No,No,Yes
1178-PZGAB,,Yes,18.57,No,No,,,,,,,,,,
1179-INLAT,,Yes,2.78,No,No,,,,,,,,,,
1183-CANVH,Offer D,Yes,1.39,No,Yes,DSL,18.0,No,No,No,Yes,Yes,No,No,Yes
1184-PJVDB,,Yes,11.3,No,Yes,Fiber Optic,4.0,No,No,No,No,Yes,No,No,Yes
1187-WILMM,,Yes,44.55,Yes,Yes,DSL,29.0,Yes,Yes,Yes,Yes,Yes,Yes,Yes,Yes
1193-RTSLK,,Yes,36.18,No,Yes,Fiber Optic,48.0,Yes,Yes,Yes,No,No,No,Yes,Yes
1194-BHJYC,Offer B,No,,,Yes,DSL,59.0,Yes,No,Yes,Yes,Yes,Yes,Yes,Yes
1194-HVAIF,Offer C,Yes,18.42,Yes,Yes,Fiber Optic,26.0,No,No,No,No,Yes,Yes,Yes,Yes
1194-SPVSP,,Yes,27.88,No,No,,,,,,,,,,
1195-OIYEJ,Offer D,Yes,5.43,No,Yes,Fiber Optic,26.0,No,No,No,No,Yes,Yes,Yes,No
1196-AMORA,,Yes,38.07,Yes,Yes,Fiber Optic,28.0,No,No,No,No,No,No,No,Yes
1197-BVMVG,,Yes,4.29,Yes,Yes,Fiber Optic,7.0,No,No,No,No,No,No,No,Yes
1200-TUZHR,Offer E,Yes,44.63,Yes,Yes,Fiber Optic,29.0,No,No,No,No,No,Yes,No,Yes
1202-KKGFU,Offer D,Yes,23.99,No,Yes,DSL,51.0,Yes,No,No,Yes,No,No,No,Yes
1205-WNWPJ,Offer E,Yes,2.24,No,Yes,DSL,22.0,No,No,No,Yes,Yes,No,No,Yes
1206-EHBDD,Offer B,Yes,4.24,No,Yes,Fiber Optic,15.0,Yes,No,Yes,No,No,No,No,Yes
1207-BLKSA,,Yes,19.21,Yes,No,,,,,,,,,,
1208-DNHLN,,Yes,5.8,Yes,Yes,DSL,12.0,No,No,No,No,No,No,No,Yes
1208-NBVFH,,Yes,13.18,No,Yes,Cable,10.0,No,No,Yes,No,No,No,No,Yes
1209-VFFOC,Offer A,No,,,Yes,DSL,19.0,Yes,Yes,Yes,Yes,No,Yes,Yes,Yes
1212-GLHMD,Offer E,Yes,18.26,No,Yes,Fiber Optic,29.0,Yes,No,No,No,No,Yes,Yes,Yes
1213-NGCUN,Offer E,Yes,48.89,No,Yes,DSL,22.0,No,No,No,Yes,No,No,No,Yes
1215-EXRMO,,Yes,46.91,No,No,,,,,,,,,,
1215-FIGMP,Offer B,Yes,42.88,Yes,Yes,Fiber Optic,52.0,No,Yes,No,No,Yes,No,No,Yes
1215-VFYVK,Offer E,No,,,Yes,Cable,30.0,Yes,No,Yes,Yes,No,Yes,Yes,No
1216-BGTSP,,Yes,5.97,Yes,Yes,Fiber Optic,73.0,Yes,No,Yes,Yes,Yes,Yes,Yes,Yes
1216-JWVUX,,Yes,4.46,No,Yes,Fiber Optic,58.0,No,Yes,No,No,No,No,No,Yes
1217-VASWC,Offer B,Yes,37.09,No,Yes,Fiber Optic,8.0,No,Yes,Yes,No,Yes,Yes,Yes,Yes
1218-VKFPE,Offer D,Yes,19.48,No,No,,,,,,,,,,
1219-NNDDO,Offer E,Yes,42.41,Yes,Yes,Fiber Optic,8.0,No,No,No,No,No,No,No,Yes
1221-GHZEP,,Yes,23.18,No,Yes,DSL,18.0,Yes,No,No,Yes,No,Yes,Yes,Yes
1222-KJNZD,Offer B,Yes,1.89,No,No,,,,,,,,,,
1222-LRYKO,Offer E,Yes,38.28,Yes,No,,,,,,,,,,
1223-UNPKS,,Yes,3.87,No,No,,,,,,,,,,
1226-IENZN,Offer D,Yes,39.52,No,Yes,Fiber Optic,17.0,No,No,No,No,No,Yes,Yes,Yes
1226-JZNKR,Offer E,Yes,28.37,No,No,,,,,,,,,,
1226-UDFZR,Offer E,Yes,21.28,No,Yes,Cable,26.0,No,Yes,No,No,No,No,No,Yes
1227-UDMZR,,Yes,2.95,Yes,Yes,Cable,26.0,Yes,Yes,Yes,Yes,Yes,Yes,Yes,Yes
1228-FZFRV,,Yes,20.88,Yes,Yes,Fiber Optic,13.0,Yes,No,Yes,No,Yes,Yes,Yes,Yes
1228-ZLNBX,,Yes,3.26,Yes,Yes,Fiber Optic,51.0,No,No,No,No,No,No,No,Yes
1229-RCALF,,Yes,46.44,Yes,Yes,Fiber Optic,29.0,Yes,Yes,Yes,Yes,Yes,Yes,Yes,Yes
1230-QAJDW,,Yes,42.68,Yes,Yes,Cable,27.0,No,No,No,Yes,Yes,No,No,Yes
1231-YNDEK,,Yes,29.31,No,No,,,,,,,,,,
1236-WFCDV,,Yes,11.31,No,Yes,Fiber Optic,24.0,No,No,No,No,Yes,Yes,No,Yes
1237-WIYYZ,Offer D,Yes,10.67,No,No,,,,,,,,,,
1240-HCBOH,,Yes,43.3,Yes,No,,,,,,,,,,
1240-KNSEZ,Offer E,Yes,40.83,No,No,,,,,,,,,,
1241-EZFMJ,Offer B,Yes,11.53,Yes,No,,,,,,,,,,
1241-FPMOF,,Yes,21.98,No,No,,,,,,,,,,
1245-HARPS,,Yes,14.61,No,No,,,,,,,,,,
1247-QBVSH,Offer B,Yes,14.64,No,Yes,DSL,19.0,No,Yes,No,No,No,No,No,Yes
1248-DYXUB,Offer B,Yes,40.33,Yes,No,,,,,,,,,,
1251-KRREG,,Yes,44.31,Yes,Yes,DSL,73.0,No,Yes,No,No,No,No,Yes,Yes
1251-STYSZ,,Yes,8.75,Yes,Yes,Fiber Optic,4.0,Yes,No,No,No,No,No,No,No
1254-IZEYF,,Yes,39.36,Yes,Yes,Fiber Optic,4.0,No,Yes,No,No,Yes,Yes,No,Yes
1257-SXUXQ,,Yes,8.04,No,No,,,,,,,,,,
1258-YMZNM,Offer C,Yes,35.76,Yes,Yes,Fiber Optic,4.0,Yes,Yes,Yes,No,Yes,Yes,No,Yes
1260-TTRXI,Offer E,Yes,40.15,No,Yes,DSL,19.0,No,No,No,No,No,Yes,Yes,No
1261-FWTTE,,No,,,Yes,Cable,2.0,No,No,No,No,No,Yes,Yes,Yes
1262-OPMFY,Offer E,Yes,31.75,No,Yes,Fiber Optic,25.0,No,No,Yes,No,No,No,No,Yes
1264-BYWMS,Offer B,Yes,47.38,Yes,Yes,Fiber Optic,29.0,No,No,No,No,Yes,Yes,Yes,Yes
1264-FUHCX,Offer B,No,,,Yes,DSL,21.0,No,Yes,No,Yes,Yes,Yes,Yes,Yes
1265-BCFEO,Offer A,Yes,26.58,Yes,Yes,Cable,27.0,No,No,Yes,Yes,Yes,Yes,Yes,Yes
1265-HVPZB,,Yes,16.06,No,Yes,DSL,4.0,Yes,Yes,Yes,No,Yes,No,No,Yes
1265-XTECC,,Yes,1.98,Yes,Yes,Fiber Optic,19.0,Yes,Yes,No,No,No,Yes,No,Yes
1265-ZFOSD,,Yes,16.61,Yes,Yes,Cable,4.0,Yes,Yes,Yes,Yes,No,Yes,Yes,Yes
1266-NZYUI,Offer A,Yes,14.65,Yes,Yes,DSL,20.0,Yes,No,Yes,Yes,No,No,No,Yes
1268-ASBGA,Offer D,Yes,9.93,Yes,Yes,Fiber Optic,27.0,No,No,No,No,No,Yes,No,Yes
1269-FOYWN,,Yes,36.86,No,No,,,,,,,,,,
1270-XKUCC,,Yes,12.85,No,No,,,,,,,,,,
1271-SJBGZ,,No,,,Yes,DSL,10.0,No,No,Yes,Yes,No,Yes,No,Yes
1271-UODNO,,Yes,5.4,Yes,Yes,DSL,16.0,No,No,No,Yes,No,No,No,Yes
1272-ILHFG,Offer D,Yes,17.28,No,No,,,,,,,,,,
1273-MTETI,,Yes,12.86,Yes,Yes,Fiber Optic,4.0,No,No,Yes,No,No,Yes,No,Yes
1282-IHQAC,Offer A,No,,,Yes,Cable,13.0,No,Yes,Yes,No,Yes,No,No,Yes
1285-OKIPP,,Yes,23.2,No,Yes,Fiber Optic,21.0,No,No,No,No,No,Yes,Yes,Yes
1291-CUOCY,,Yes,4.32,Yes,Yes,Fiber Optic,18.0,No,Yes,Yes,Yes,Yes,Yes,Yes,Yes
1293-BSEUN,,Yes,6.9,No,No,,,,,,,,,,
1293-HHSHJ,Offer C,Yes,23.77,No,No,,,,,,,,,,
1297-VQDRP,Offer A,Yes,32.11,Yes,Yes,Fiber Optic,12.0,No,No,Yes,Yes,Yes,Yes,No,No
1298-PHBTI,,Yes,33.67,Yes,Yes,Fiber Optic,75.0,No,Yes,No,Yes,No,No,No,Yes
1299-AURJA,,Yes,30.33,Yes,No,,,,,,,,,,
1301-LOPVR,,No,,,Yes,DSL,57.0,Yes,Yes,Yes,Yes,No,Yes,Yes,Yes
1302-TPUBN,,Yes,21.23,No,No,,,,,,,,,,
1302-UHBDD,Offer D,Yes,48.46,No,Yes,Fiber Optic,23.0,No,No,No,No,Yes,Yes,No,Yes
1303-SRDOK,Offer B,Yes,27.87,No,Yes,Fiber Optic,17.0,No,No,No,No,No,No,No,Yes
1304-BCCFO,,Yes,14.91,No,Yes,Cable,82.0,No,No,Yes,No,Yes,Yes,Yes,Yes
1304-NECVQ,Offer E,Yes,43.96,Yes,Yes,Fiber Optic,14.0,No,No,Yes,No,No,No,No,Yes
1304-SEGFY,Offer A,Yes,2.56,Yes,Yes,Fiber Optic,24.0,No,No,Yes,No,Yes,Yes,Yes,Yes
1306-RPWXZ,,Yes,31.7,No,No,,,,,,,,,,
1307-ATKGB,,Yes,27.91,No,Yes,Fiber Optic,59.0,No,Yes,Yes,No,No,Yes,Yes,Yes
1307-TVUFB,,Yes,13.51,Yes,Yes,Fiber Optic,19.0,No,Yes,No,No,No,No,No,Yes
1309-BXVOQ,Offer D,Yes,21.83,Yes,Yes,Fiber Optic,59.0,No,No,Yes,Yes,Yes,Yes,Yes,Yes
1309-XGFSN,,Yes,7.04,Yes,Yes,DSL,22.0,No,Yes,Yes,No,Yes,Yes,Yes,Yes
1310-QRITU,,Yes,38.32,Yes,Yes,DSL,20.0,No,No,No,No,No,No,No,Yes
1319-YLZJG,Offer D,Yes,39.0,No,Yes,Fiber Optic,7.0,Yes,Yes,Yes,No,No,No,No,Yes
1320-GVNHT,,Yes,27.88,Yes,Yes,Fiber Optic,30.0,Yes,Yes,Yes,No,Yes,Yes,Yes,No
1320-HTRDR,Offer E,Yes,47.51,Yes,Yes,Fiber Optic,85.0,No,No,No,No,No,No,No,Yes
1320-REHCS,,Yes,23.04,Yes,Yes,Fiber Optic,25.0,No,Yes,Yes,Yes,Yes,Yes,Yes,Yes
1322-AGOQM,,No,,,Yes,DSL,26.0,No,Yes,No,No,No,No,No,Yes
1323-OOEPC,,Yes,41.74,Yes,Yes,Fiber Optic,24.0,No,Yes,No,No,Yes,Yes,Yes,Yes
1324-NLTJE,Offer D,Yes,17.19,Yes,Yes,DSL,19.0,No,No,No,Yes,No,No,No,Yes
1325-USMEC,Offer A,Yes,48.0,Yes,Yes,Fiber Optic,13.0,Yes,Yes,Yes,No,Yes,No,No,Yes
1328-EUZHC,,Yes,25.54,No,No,,,,,,,,,,
1329-VHWNP,,No,,,Yes,DSL,4.0,No,No,No,No,No,No,No,Yes
1333-PBMXB,,Yes,28.87,Yes,No,,,,,,,,,,
1334-FJSVR,Offer E,No,,,Yes,DSL,7.0,No,No,No,No,No,No,No,Yes
1334-PDUKM,Offer A,Yes,9.76,Yes,Yes,Fiber Optic,15.0,No,Yes,Yes,No,No,No,No,No
1335-HQMKX,Offer A,Yes,46.1,Yes,Yes,Fiber Optic,23.0,No,Yes,Yes,No,Yes,Yes,Yes,Yes
1335-MXCSE,,Yes,46.61,No,Yes,DSL,30.0,No,No,Yes,Yes,No,No,No,Yes
1335-NTIUC,,No,,,Yes,DSL,7.0,No,No,No,No,No,No,No,Yes
1336-EZFZY,,Yes,25.8,No,No,,,,,,,,,,
1337-BOZWO,,No,,,Yes,DSL,59.0,No,Yes,Yes,No,Yes,No,No,Yes
1338-CECEE,,Yes,13.58,Yes,Yes,DSL,51.0,No,Yes,Yes,No,Yes,No,No,Yes
1342-JPNKI,Offer D,Yes,5.92,Yes,Yes,Fiber Optic,11.0,No,No,No,No,Yes,No,No,Yes
1343-EHPYB,,Yes,48.95,Yes,Yes,Fiber Optic,13.0,No,Yes,Yes,No,Yes,Yes,Yes,Yes
1345-GKDZZ,,Yes,17.53,No,No,,,,,,,,,,
1345-ZUKID,Offer D,Yes,26.02,No,No,,,,,,,,,,
1346-PJWTK,,Yes,17.73,No,Yes,Fiber Optic,2.0,No,Yes,Yes,Yes,No,Yes,Yes,Yes
1346-UFHAX,Offer D,Yes,33.69,Yes,Yes,Fiber Optic,15.0,Yes,No,No,No,No,No,No,No
1347-KTTTA,Offer B,Yes,40.49,No,Yes,Fiber Optic,69.0,No,Yes,Yes,Yes,Yes,Yes,Yes,Yes
1349-WXNGG,,Yes,12.0,No,No,,,,,,,,,,
1352-HNSAW,,Yes,34.69,Yes,Yes,Fiber Optic,59.0,Yes,Yes,Yes,Yes,Yes,Yes,Yes,No
1352-VHKAJ,,Yes,13.55,Yes,Yes,Cable,59.0,No,No,No,Yes,Yes,Yes,Yes,No
1353-GHZOS,Offer D,Yes,6.03,No,Yes,DSL,51.0,Yes,No,No,No,Yes,No,No,Yes
1353-LJWEM,Offer D,Yes,28.76,No,Yes,DSL,27.0,No,Yes,Yes,Yes,No,No,No,Yes
1354-YZFNB,Offer E,Yes,29.09,No,No,,,,,,,,,,
1355-KUSBG,Offer E,Yes,9.1,Yes,Yes,DSL,28.0,No,No,No,No,No,No,No,Yes
1356-MKYSK,Offer E,Yes,46.59,No,Yes,DSL,7.0,Yes,No,Yes,Yes,Yes,Yes,Yes,No
1357-BIJKI,Offer B,Yes,38.29,Yes,Yes,Fiber Optic,16.0,No,Yes,No,No,Yes,Yes,Yes,Yes
1357-MVDOZ,Offer D,Yes,21.14,No,Yes,DSL,47.0,No,No,Yes,No,Yes,No,No,Yes
1360-JYXKQ,,Yes,22.05,No,Yes,Fiber Optic,17.0,No,No,Yes,Yes,Yes,Yes,Yes,Yes
1360-RCYRT,Offer D,No,,,Yes,DSL,19.0,No,No,No,Yes,No,No,No,Yes
1360-XFJMR,,Yes,17.72,Yes,Yes,Fiber Optic,23.0,No,Yes,Yes,Yes,Yes,Yes,Yes,Yes
1363-TXLSL,Offer E,Yes,39.1,No,Yes,Fiber Optic,27.0,No,No,No,No,No,No,No,Yes
1370-GGAWX,,Yes,33.18,Yes,Yes,Fiber Optic,3.0,No,Yes,Yes,No,No,Yes,Yes,Yes
1371-DWPAZ,,No,,,Yes,DSL,8.0,Yes,Yes,Yes,Yes,Yes,No,No,Yes
1371-OJCEK,,Yes,13.67,Yes,No,,,,,,,,,,
1371-WEPDS,,Yes,28.56,No,Yes,DSL,18.0,No,No,No,No,No,Yes,Yes,No
1373-ORVIZ,Offer D,Yes,15.69,Yes,Yes,DSL,12.0,No,No,No,Yes,No,Yes,Yes,Yes
1374-DMZUI,Offer E,Yes,49.5,Yes,Yes,Fiber Optic,23.0,No,No,No,No,Yes,Yes,Yes,Yes
1376-HHBDV,Offer C,Yes,10.74,No,Yes,DSL,13.0,Yes,No,No,No,No,No,No,Yes
1379-FRVEB,Offer D,Yes,30.22,Yes,Yes,Fiber Optic,12.0,No,Yes,No,No,Yes,No,No,Yes
1383-EZRWL,Offer E,Yes,48.22,No,No,,,,,,,,,,
1384-RCUXW,,Yes,34.18,Yes,Yes,Fiber Optic,8.0,No,Yes,No,No,No,No,No,Yes
1385-TQOZW,Offer E,Yes,45.99,No,No,,,,,,,,,,
1386-ZIKUV,Offer E,Yes,33.18,No,No,,,,,,,,,,
1389-CXMLU,Offer E,Yes,26.32,Yes,Yes,Fiber Optic,8.0,No,No,Yes,No,Yes,No,No,Yes
1389-WNUIB,,Yes,15.29,Yes,Yes,Cable,59.0,Yes,No,No,No,Yes,Yes,Yes,No
1391-UBDAR,Offer D,Yes,18.33,No,Yes,Fiber Optic,76.0,No,No,Yes,No,No,No,No,Yes
1393-IMKZG,,Yes,2.7,No,Yes,Fiber Optic,14.0,No,No,No,Yes,Yes,Yes,Yes,Yes
1394-SUIUH,,Yes,44.44,No,Yes,Fiber Optic,6.0,Yes,Yes,No,Yes,No,No,No,Yes
1395-OFUWC,Offer B,No,,,Yes,Cable,53.0,No,Yes,No,No,No,No,No,Yes
1395-WSWXR,,Yes,47.51,No,No,,,,,,,,,,
1396-QWFBJ,,Yes,5.07,No,Yes,Fiber Optic,26.0,No,Yes,No,No,No,No,No,Yes
1397-XKKWR,,No,,,Yes,DSL,14.0,Yes,No,Yes,No,No,No,No,Yes
1399-OUPJN,,Yes,12.26,No,No,,,,,,,,,,
1399-UBQIU,,Yes,16.14,No,Yes,DSL,8.0,No,No,Yes,No,Yes,Yes,Yes,Yes
1400-MMYXY,,Yes,41.3,Yes,Yes,Fiber Optic,2.0,No,Yes,Yes,No,Yes,Yes,No,Yes
1400-WIVLL,,Yes,16.78,Yes,Yes,Fiber Optic,29.0,No,No,Yes,Yes,Yes,Yes,Yes,Yes
1401-FTHFQ,Offer D,Yes,24.22,No,No,,,,,,,,,,
1402-PTHGN,Offer D,Yes,40.36,No,Yes,DSL,51.0,Yes,Yes,No,Yes,No,No,No,Yes
1403-GYAFU,Offer A,Yes,48.57,No,No,,,,,,,,,,
1403-LKLIK,,Yes,28.4,No,No,,,,,,,,,,
1406-PUQVY,Offer E,Yes,6.35,No,Yes,DSL,76.0,No,Yes,No,No,No,No,No,Yes
1407-DIGZV,,Yes,45.33,No,No,,,,,,,,,,
1409-PHXTF,Offer B,Yes,32.56,Yes,Yes,Fiber Optic,16.0,No,Yes,Yes,Yes,Yes,Yes,No,Yes
1410-RSCMR,,Yes,49.98,No,Yes,Cable,25.0,Yes,No,Yes,Yes,No,Yes,Yes,Yes
1414-YADCW,Offer A,Yes,1.07,No,Yes,Fiber Optic,21.0,Yes,Yes,No,Yes,No,No,No,Yes
1415-YFWLT,Offer E,Yes,30.23,No,Yes,Fiber Optic,30.0,No,No,No,No,Yes,Yes,No,Yes
1421-HCERK,,Yes,33.48,Yes,Yes,Fiber Optic,22.0,Yes,Yes,Yes,Yes,Yes,No,No,Yes
1422-DGUBX,,Yes,43.11,Yes,Yes,Fiber Optic,18.0,No,No,No,Yes,No,No,No,Yes
1423-BMPBQ,Offer E,Yes,28.28,No,No,,,,,,,,,,
1427-VERSM,Offer B,Yes,7.0,No,Yes,Fiber Optic,18.0,No,No,Yes,Yes,Yes,Yes,Yes,Yes
1428-GTBJJ,,Yes,5.4,No,Yes,Fiber Optic,41.0,No,Yes,No,No,No,No,No,Yes
1428-IEDPR,,Yes,20.8,Yes,Yes,Fiber Optic,30.0,Yes,No,Yes,Yes,Yes,Yes,Yes,No
1429-UYJSV,Offer D,Yes,36.65,No,No,,,,,,,,,,
1430-SFQSA,Offer C,No,,,Yes,DSL,8.0,Yes,No,No,Yes,No,No,No,Yes
1431-AIDJQ,Offer C,Yes,1.62,No,Yes,Cable,30.0,No,Yes,Yes,Yes,Yes,Yes,Yes,Yes
1431-CYWMH,Offer D,Yes,46.45,No,No,,,,,,,,,,
1432-FPAXX,,No,,,Yes,DSL,7.0,No,Yes,No,No,No,No,No,Yes
1436-ZMJAN,Offer D,Yes,37.08,No,Yes,Cable,7.0,No,No,Yes,No,Yes,Yes,Yes,Yes
1439-LCGVL,Offer C,Yes,1.75,No,No,,,,,,,,,,
1442-BQPVU,,No,,,Yes,DSL,28.0,No,Yes,No,No,No,No,No,Yes
1442-OKRJE,,Yes,39.45,No,Yes,Fiber Optic,19.0,Yes,Yes,Yes,No,Yes,Yes,Yes,Yes
1444-VVSGW,Offer A,Yes,17.17,Yes,Yes,Fiber Optic,20.0,Yes,Yes,Yes,Yes,Yes,Yes,Yes,No
1447-GIQMR,,Yes,2.2,No,Yes,Fiber Optic,30.0,No,No,No,No,No,No,No,Yes
1447-PJGGA,,Yes,17.55,No,Yes,Fiber Optic,15.0,No,No,Yes,No,Yes,Yes,Yes,Yes
1448-CYWKC,,Yes,43.01,Yes,Yes,Fiber Optic,30.0,No,Yes,Yes,No,Yes,Yes,Yes,Yes
1448-PWKYE,Offer E,Yes,35.71,No,Yes,Cable,3.0,No,No,No,No,No,Yes,Yes,Yes
1449-XQEMT,Offer E,Yes,15.12,No,No,,,,,,,,,,
1450-GALXR,,Yes,14.53,Yes,Yes,Fiber Optic,30.0,No,No,No,Yes,Yes,Yes,Yes,No
1450-SKCVI,,Yes,35.59,No,Yes,Fiber Optic,69.0,No,Yes,No,No,No,No,Yes,Yes
1452-KIOVK,Offer D,Yes,29.54,Yes,Yes,Fiber Optic,53.0,No,Yes,No,No,Yes,No,No,Yes
1452-UZOSF,Offer A,Yes,7.16,Yes,Yes,Fiber Optic,24.0,Yes,Yes,Yes,Yes,Yes,No,No,Yes
1452-VOQCH,,Yes,4.53,Yes,Yes,Fiber Optic,28.0,No,No,No,No,No,No,No,Yes
1452-XRSJV,,Yes,15.06,No,Yes,DSL,11.0,Yes,No,No,No,No,No,No,Yes
1453-RZFON,Offer E,Yes,9.0,No,Yes,Cable,53.0,Yes,No,No,No,No,No,No,Yes
1455-ESIQH,,Yes,16.06,No,Yes,Fiber Optic,3.0,No,No,No,No,Yes,Yes,Yes,Yes
1455-HFBXA,Offer B,Yes,18.02,Yes,Yes,Fiber Optic,3.0,Yes,No,Yes,Yes,No,No,No,No
1455-UGQVH,Offer D,Yes,1.09,Yes,Yes,Fiber Optic,18.0,No,No,Yes,No,Yes,Yes,Yes,Yes
1456-TWCGB,,Yes,38.01,No,Yes,Cable,5.0,No,Yes,No,No,No,No,No,Yes
1459-QNFQT,Offer A,No,,,Yes,DSL,30.0,Yes,No,Yes,Yes,Yes,Yes,Yes,Yes
1460-UZPRJ,,Yes,30.14,No,No,,,,,,,,,,
1465-LNTLJ,Offer E,Yes,25.57,No,Yes,Cable,12.0,No,No,Yes,Yes,No,Yes,Yes,Yes
1465-VINDH,,Yes,32.07,Yes,Yes,Fiber Optic,22.0,No,Yes,Yes,No,Yes,Yes,Yes,Yes
1465-WCZVT,,Yes,30.34,No,No,,,,,,,,,,
1468-DEFNC,,Yes,37.09,Yes,No,,,,,,,,,,
1469-LBJQJ,Offer A,Yes,42.23,Yes,Yes,Fiber Optic,30.0,No,Yes,Yes,No,Yes,Yes,Yes,Yes
1470-PSXNM,,Yes,36.08,Yes,Yes,Fiber Optic,59.0,No,Yes,Yes,No,Yes,No,No,Yes
1471-GIQKQ,,Yes,44.98,No,Yes,DSL,27.0,No,Yes,No,No,No,No,No,Yes
1472-TNCWL,,Yes,21.3,No,Yes,Fiber Optic,18.0,No,Yes,No,No,Yes,Yes,Yes,Yes
1474-JUWSM,,Yes,26.99,Yes,Yes,Cable,53.0,Yes,No,No,Yes,No,Yes,Yes,Yes
1475-VWVDO,Offer E,Yes,34.59,No,Yes,Fiber Optic,12.0,No,No,Yes,No,No,No,No,Yes
1478-VPOAD,Offer E,Yes,37.5,No,Yes,DSL,3.0,No,No,No,No,No,No,No,Yes
1480-BKXGA,Offer A,Yes,21.37,Yes,Yes,Fiber Optic,13.0,Yes,Yes,Yes,Yes,Yes,Yes,Yes,No
1480-IVEVR,,Yes,4.16,Yes,Yes,Fiber Optic,28.0,No,No,Yes,No,No,No,No,Yes
1481-ZUWZA,,Yes,35.52,Yes,Yes,Fiber Optic,26.0,Yes,Yes,No,No,No,Yes,Yes,Yes
1482-OXZSY,Offer C,Yes,17.26,Yes,Yes,Fiber Optic,19.0,Yes,No,No,No,Yes,Yes,Yes,Yes
1485-YDHMM,,Yes,11.3,Yes,Yes,Fiber Optic,10.0,No,Yes,No,Yes,No,Yes,Yes,Yes
1488-PBLJN,Offer A,Yes,31.83,Yes,Yes,Fiber Optic,14.0,Yes,Yes,Yes,Yes,Yes,Yes,Yes,Yes
1488-SYSFC,,Yes,9.56,No,No,,,,,,,,,,
1492-KGETH,Offer A,Yes,35.9,Yes,Yes,Cable,59.0,Yes,Yes,Yes,Yes,No,Yes,Yes,Yes
1492-QGCLU,,Yes,26.84,Yes,Yes,Cable,12.0,Yes,No,Yes,Yes,Yes,Yes,Yes,Yes
1493-AMTIE,Offer E,Yes,10.98,No,No,,,,,,,,,,
1494-EJZDW,,Yes,18.62,No,No,,,,,,,,,,
1496-GGSUK,,No,,,Yes,Cable,9.0,No,No,No,No,No,No,No,Yes
1498-DQNRX,,Yes,5.69,No,No,,,,,,,,,,
1498-NHTLT,Offer B,Yes,42.37,No,Yes,Cable,73.0,Yes,Yes,Yes,Yes,Yes,Yes,Yes,No
1501-SGHBW,,Yes,19.52,No,Yes,Cable,16.0,No,No,No,No,No,No,No,Yes
1502-XFCVR,Offer B,Yes,14.99,No,Yes,Fiber Optic,12.0,Yes,Yes,Yes,No,Yes,Yes,Yes,Yes
1506-YJTYT,Offer B,Yes,25.69,Yes,Yes,DSL,26.0,Yes,Yes,No,Yes,Yes,No,No,Yes
1508-DFXCU,,Yes,11.04,No,Yes,Fiber Optic,16.0,No,No,No,No,Yes,No,No,Yes
1513-XNPPH,Offer D,Yes,17.46,No,Yes,Fiber Optic,9.0,No,No,Yes,Yes,No,Yes,Yes,Yes
1518-OMDIK,Offer C,Yes,48.49,No,Yes,DSL,51.0,No,No,No,No,No,No,No,Yes
1518-VOWAV,Offer E,Yes,36.43,No,Yes,DSL,16.0,Yes,Yes,No,No,Yes,Yes,Yes,Yes
1522-VVDMG,,Yes,19.23,No,Yes,Fiber Optic,52.0,No,Yes,No,Yes,Yes,No,No,Yes
1525-LNLOJ,,Yes,32.04,Yes,Yes,DSL,19.0,No,No,Yes,No,Yes,No,No,Yes
1527-SXDPN,,Yes,46.59,Yes,Yes,Fiber Optic,26.0,No,No,Yes,Yes,No,Yes,Yes,No
1530-ZTDOZ,,No,,,Yes,Cable,11.0,Yes,No,No,No,Yes,No,No,Yes
1534-OULXE,Offer B,Yes,42.85,No,Yes,DSL,11.0,Yes,No,No,No,No,No,No,Yes
1535-VTJOQ,,Yes,26.64,Yes,No,,,,,,,,,,
1536-HBSWP,,Yes,14.93,No,Yes,DSL,4.0,No,No,No,Yes,No,No,No,Yes
1536-YHDOE,,Yes,32.27,Yes,Yes,Cable,28.0,Yes,No,No,Yes,No,No,No,Yes
1539-LNKHM,Offer D,Yes,23.2,No,No,,,,,,,,,,
1541-ETJZO,Offer E,Yes,47.83,Yes,Yes,DSL,12.0,No,No,Yes,Yes,No,No,No,No
1543-LLLFT,,Yes,2.19,Yes,Yes,Fiber Optic,8.0,No,Yes,Yes,Yes,Yes,No,No,Yes
1544-JJMYL,,Yes,36.39,No,Yes,DSL,26.0,Yes,No,Yes,Yes,Yes,No,Yes,Yes
1545-ACTAS,Offer B,Yes,36.18,No,Yes,Fiber Optic,29.0,Yes,No,Yes,No,Yes,Yes,Yes,Yes
1545-JFUML,,Yes,44.06,Yes,Yes,Fiber Optic,6.0,Yes,Yes,Yes,No,Yes,No,No,No
1548-ARAGG,,Yes,35.2,Yes,Yes,DSL,52.0,No,Yes,No,Yes,No,No,No,Yes
1548-FEHVL,,Yes,27.66,Yes,Yes,Fiber Optic,29.0,Yes,Yes,No,No,Yes,Yes,Yes,Yes
1550-EENBN,,Yes,45.71,Yes,Yes,Fiber Optic,58.0,Yes,Yes,No,No,Yes,Yes,Yes,Yes
1550-LOAHA,,Yes,37.48,No,Yes,Fiber Optic,13.0,No,Yes,No,No,No,Yes,Yes,Yes
1552-AAGRX,,Yes,42.49,Yes,Yes,Fiber Optic,73.0,Yes,No,No,Yes,Yes,Yes,Yes,No
1552-CZCLL,Offer B,Yes,31.3,No,No,,,,,,,,,,
1552-TKMXS,Offer B,Yes,5.95,No,No,,,,,,,,,,
1555-DJEQW,Offer A,Yes,16.78,Yes,Yes,Fiber Optic,48.0,Yes,Yes,Yes,Yes,Yes,Yes,Yes,Yes
1555-HAPSU,Offer A,Yes,29.41,Yes,No,,,,,,,,,,
1557-EMYVT,Offer B,Yes,24.85,Yes,Yes,Fiber Optic,26.0,Yes,Yes,Yes,Yes,Yes,Yes,Yes,Yes
1559-DTODC,Offer D,No,,,Yes,DSL,6.0,No,No,No,No,No,No,No,Yes
1561-BWHIN,Offer D,Yes,13.13,No,No,,,,,,,,,,
1563-IWQEX,,Yes,18.71,No,No,,,,,,,,,,
1564-HJUVY,,Yes,3.03,No,Yes,DSL,11.0,No,Yes,No,Yes,Yes,No,No,Yes
1564-NTYXF,,Yes,4.45,Yes,Yes,Fiber Optic,25.0,No,No,No,No,No,Yes,No,Yes
1565-RHDJD,,Yes,41.72,Yes,Yes,Fiber Optic,69.0,No,Yes,Yes,No,No,No,Yes,Yes
1567-DSCIC,,Yes,23.89,Yes,Yes,Fiber Optic,14.0,No,Yes,Yes,No,Yes,No,No,Yes
1568-BEKZM,,Yes,12.07,Yes,Yes,DSL,17.0,Yes,Yes,Yes,Yes,Yes,Yes,Yes,Yes
1568-LJSZU,Offer A,Yes,38.38,Yes,Yes,DSL,20.0,Yes,Yes,Yes,Yes,Yes,Yes,Yes,Yes
1569-TTNYJ,,Yes,1.16,Yes,Yes,Fiber Optic,7.0,No,Yes,No,No,No,No,No,No
1571-SAVHK,,Yes,28.16,Yes,Yes,Fiber Optic,42.0,No,No,No,Yes,Yes,Yes,Yes,No
1573-LGXBA,,Yes,4.18,No,Yes,Fiber Optic,73.0,No,Yes,Yes,No,Yes,Yes,Yes,Yes
1574-DYCWE,Offer B,Yes,14.54,No,No,,,,,,,,,,
1575-KRZZE,Offer E,Yes,7.49,No,Yes,Cable,17.0,Yes,Yes,No,No,No,No,No,Yes
1576-PFZIW,Offer A,Yes,14.48,No,Yes,Fiber Optic,7.0,Yes,Yes,Yes,No,Yes,Yes,Yes,Yes
1577-HKTFG,,Yes,15.36,No,No,,,,,,,,,,
1579-KLYDT,Offer E,Yes,35.91,Yes,Yes,Fiber Optic,27.0,No,No,Yes,No,Yes,No,No,Yes
1580-BMCMR,,Yes,29.8,No,Yes,Fiber Optic,16.0,Yes,No,No,No,No,Yes,Yes,Yes
1582-RAFML,Offer E,Yes,23.63,Yes,Yes,Cable,85.0,No,Yes,No,Yes,No,No,No,Yes
1583-IHQZE,,Yes,16.45,Yes,Yes,Cable,23.0,No,Yes,Yes,Yes,Yes,Yes,Yes,Yes
1585-MQSSU,Offer D,Yes,46.6,No,Yes,Cable,2.0,No,No,No,Yes,No,No,No,Yes
1587-FKLZB,Offer A,Yes,28.86,Yes,Yes,Fiber Optic,25.0,No,No,Yes,No,Yes,Yes,No,Yes
1589-AGTLK,,Yes,36.48,No,Yes,DSL,59.0,No,No,No,No,No,No,No,Yes
1591-MQJTP,Offer B,Yes,2.21,Yes,Yes,Fiber Optic,10.0,Yes,No,Yes,No,No,Yes,No,Yes
1591-NFNLQ,,Yes,5.62,Yes,Yes,Fiber Optic,16.0,No,No,Yes,No,No,No,No,Yes
1591-XWLGB,,Yes,18.41,No,No,,,,,,,,,,
1596-BBVTG,Offer C,Yes,25.04,Yes,Yes,Fiber Optic,21.0,No,No,No,No,No,No,No,Yes
1596-OQSPS,,Yes,2.95,No,Yes,DSL,21.0,No,Yes,No,No,No,No,No,Yes
1597-FZREH,Offer E,Yes,41.64,No,Yes,DSL,25.0,No,No,Yes,Yes,Yes,Yes,Yes,Yes
1597-LHYNC,,Yes,47.63,Yes,Yes,Fiber Optic,26.0,Yes,Yes,No,No,No,Yes,No,No
1599-EAHXY,,Yes,28.45,Yes,No,,,,,,,,,,
1599-MMYRQ,,Yes,39.67,No,Yes,Fiber Optic,41.0,Yes,Yes,No,No,No,No,No,Yes
1600-DILPE,,Yes,36.11,No,Yes,DSL,13.0,No,No,No,No,No,No,No,Yes
1602-IJQQE,Offer E,Yes,29.11,Yes,Yes,Fiber Optic,9.0,No,No,No,No,No,No,No,Yes
1608-GMEWB,Offer B,Yes,15.65,Yes,Yes,Fiber Optic,18.0,No,No,No,No,Yes,Yes,No,Yes
1612-EOHDH,Offer E,Yes,30.92,No,Yes,DSL,69.0,No,No,No,No,No,No,Yes,Yes
1614-JBEBI,Offer E,Yes,26.47,No,No,,,,,,,,,,
1618-CFHME,,Yes,26.87,Yes,Yes,Fiber Optic,52.0,No,No,No,No,No,No,No,Yes
1619-YWUBB,Offer A,Yes,26.64,Yes,No,,,,,,,,,,
1621-YNCJH,,Yes,19.24,Yes,Yes,Fiber Optic,18.0,Yes,Yes,Yes,Yes,No,Yes,Yes,No
1622-HSHSF,,Yes,10.2,No,No,,,,,,,,,,
1623-NLDOT,Offer B,No,,,Yes,Cable,5.0,No,Yes,No,Yes,No,No,No,No
1624-NALOJ,,Yes,36.36,Yes,Yes,Fiber Optic,12.0,No,Yes,No,No,No,Yes,No,Yes
1624-WOIWJ,,Yes,45.69,No,Yes,Fiber Optic,18.0,Yes,No,No,No,Yes,No,No,Yes
1625-JAIIY,,Yes,44.24,Yes,Yes,Fiber Optic,5.0,No,No,No,No,Yes,No,No,Yes
1626-ERCMM,,Yes,5.31,Yes,Yes,Fiber Optic,10.0,No,No,No,No,Yes,Yes,Yes,Yes
1627-AFWVJ,,Yes,15.06,No,No,,,,,,,,,,
1628-BIZYP,,Yes,15.2,No,Yes,Fiber Optic,2.0,No,Yes,No,No,No,Yes,Yes,Yes
1629-DQQVB,,Yes,36.22,No,Yes,Cable,59.0,Yes,No,No,No,No,No,No,Yes
1635-FJFCC,,Yes,10.99,No,Yes,DSL,29.0,No,No,No,No,No,No,No,Yes
1635-HDGFT,Offer D,Yes,35.45,No,No,,,,,,,,,,
1635-NZATJ,Offer A,Yes,37.25,Yes,No,,,,,,,,,,
1636-NTNCO,,No,,,Yes,DSL,10.0,No,Yes,No,No,Yes,Yes,No,Yes
1640-PLFMP,,Yes,10.05,No,Yes,Fiber Optic,51.0,No,No,No,No,No,No,No,No
1641-BYBTK,,Yes,16.91,No,No,,,,,,,,,,
1641-RQDAY,Offer C,Yes,49.21,Yes,Yes,Fiber Optic,19.0,No,Yes,No,No,Yes,Yes,No,Yes
1642-HMARX,Offer A,Yes,15.65,Yes,Yes,DSL,5.0,Yes,Yes,Yes,Yes,Yes,Yes,Yes,Yes
1644-IRKSF,,Yes,20.02,No,Yes,Fiber Optic,27.0,No,No,Yes,No,Yes,Yes,Yes,Yes
1656-DRSMG,Offer B,Yes,19.01,Yes,Yes,Fiber Optic,20.0,No,Yes,Yes,Yes,Yes,Yes,Yes,Yes
1657-DYMBM,Offer B,Yes,34.46,No,No,,,,,,,,,,
1658-BYGOY,Offer D,Yes,11.33,Yes,Yes,Fiber Optic,52.0,No,No,No,No,Yes,Yes,Yes,Yes
1658-TJVOA,,Yes,12.67,No,Yes,Fiber Optic,20.0,Yes,No,No,No,No,No,No,Yes
1658-XUHBX,,Yes,16.15,Yes,Yes,Fiber Optic,26.0,No,No,Yes,No,No,Yes,No,Yes
1660-HSOOQ,,Yes,4.18,No,Yes,DSL,8.0,No,No,Yes,No,No,No,No,No
1661-CZBAU,Offer B,Yes,44.76,Yes,Yes,DSL,18.0,Yes,No,No,Yes,No,Yes,Yes,Yes
1663-MHLHE,,Yes,35.88,No,No,,,,,,,,,,
1666-JXLKU,Offer C,Yes,17.46,Yes,Yes,Fiber Optic,22.0,No,No,Yes,No,Yes,Yes,Yes,Yes
1666-JZPZT,,Yes,2.69,Yes,Yes,Cable,15.0,No,No,No,No,No,No,No,Yes
1670-SVOWZ,Offer D,Yes,7.62,No,Yes,Fiber Optic,3.0,No,Yes,No,Yes,No,Yes,Yes,No
1676-MQAOA,Offer A,Yes,15.03,No,Yes,Cable,22.0,Yes,Yes,Yes,Yes,Yes,No,No,Yes
1678-FYZOW,Offer E,Yes,46.6,No,Yes,Fiber Optic,76.0,No,No,No,No,Yes,No,No,Yes
1679-JRFBR,Offer A,Yes,5.77,Yes,Yes,Fiber Optic,48.0,Yes,Yes,Yes,No,Yes,Yes,Yes,Yes
1680-VDCWW,Offer D,Yes,11.04,No,No,,,,,,,,,,
1682-VCOIO,Offer D,Yes,46.17,No,No,,,,,,,,,,
1684-FLBGS,,Yes,27.49,Yes,Yes,Cable,21.0,No,Yes,No,Yes,Yes,No,No,Yes
1685-BQULA,Offer B,Yes,2.83,Yes,Yes,Fiber Optic,22.0,No,Yes,Yes,No,Yes,No,No,Yes
1685-VAYJF,Offer D,Yes,40.59,No,Yes,DSL,22.0,No,No,No,No,No,No,No,No
1686-STUHN,,Yes,38.74,No,No,,,,,,,,,,
1689-MRZQR,,Yes,13.45,No,Yes,Fiber Optic,12.0,No,No,No,No,Yes,No,No,Yes
1689-YQBYY,Offer D,Yes,26.13,Yes,Yes,Fiber Optic,23.0,No,No,No,No,No,No,No,Yes
1696-HXOWK,Offer A,Yes,5.22,Yes,Yes,Fiber Optic,10.0,Yes,Yes,No,No,Yes,No,No,Yes
1696-MZVAU,,No,,,Yes,DSL,48.0,No,No,No,No,No,No,No,Yes
1697-BCSHV,Offer B,Yes,44.1,Yes,Yes,DSL,19.0,No,Yes,No,No,Yes,No,No,Yes
1697-LYYYX,,Yes,42.11,No,No,,,,,,,,,,
1697-NVVGY,,Yes,30.44,No,Yes,DSL,26.0,Yes,No,Yes,No,Yes,No,No,Yes
1698-XFZCI,Offer B,Yes,42.4,Yes,Yes,Fiber Optic,71.0,Yes,Yes,Yes,No,Yes,Yes,Yes,Yes
1699-HPSBG,Offer D,Yes,9.6,No,Yes,Cable,23.0,No,No,No,Yes,Yes,No,No,Yes
1699-TLDLZ,Offer D,Yes,7.14,No,No,,,,,,,,,,
1699-UOTXU,Offer B,Yes,30.92,No,Yes,DSL,26.0,Yes,Yes,Yes,No,No,No,No,Yes
1702-CCFNJ,,Yes,44.65,Yes,Yes,Cable,3.0,No,Yes,No,Yes,No,No,No,Yes
1703-MGIAB,,Yes,5.49,Yes,Yes,DSL,14.0,No,No,Yes,Yes,Yes,No,No,Yes
1704-NRWYE,,Yes,43.34,No,Yes,Fiber Optic,2.0,No,No,No,No,Yes,No,No,Yes
1705-GUHPV,Offer B,Yes,26.74,Yes,No,,,,,,,,,,
1707-HABPF,Offer B,Yes,11.93,No,Yes,Fiber Optic,26.0,No,Yes,Yes,No,Yes,No,No,Yes
1708-PBBOA,,No,,,Yes,DSL,13.0,Yes,Yes,Yes,Yes,No,Yes,Yes,No
1709-EJDOX,Offer B,Yes,41.54,No,No,,,,,,,,,,
1710-RCXUS,,Yes,9.21,Yes,Yes,Fiber Optic,30.0,No,Yes,No,No,No,Yes,Yes,Yes
1716-LSAMB,,Yes,45.21,No,Yes,Cable,59.0,Yes,No,No,Yes,No,No,No,Yes
1722-LDZJS,,Yes,20.44,No,No,,,,,,,,,,
1723-HKXJQ,,Yes,18.79,Yes,Yes,Fiber Optic,16.0,No,Yes,No,No,Yes,Yes,Yes,Yes
1724-BQUHA,,Yes,45.72,No,Yes,Fiber Optic,6.0,No,No,No,No,Yes,Yes,No,Yes
1724-IQWNM,Offer E,Yes,8.66,No,No,,,,,,,,,,
1725-IQNIY,,Yes,42.09,No,Yes,Fiber Optic,9.0,Yes,Yes,Yes,Yes,Yes,Yes,Yes,Yes
1725-MIMXW,Offer E,Yes,48.96,No,No,,,,,,,,,,
1728-BQDMA,Offer E,Yes,18.7,No,Yes,DSL,59.0,No,No,No,No,No,No,No,Yes
1728-CXQBE,Offer B,Yes,23.33,Yes,Yes,Fiber Optic,29.0,No,Yes,Yes,No,No,Yes,No,Yes
1729-VLAZJ,Offer D,No,,,Yes,DSL,57.0,Yes,Yes,No,Yes,No,No,No,No
1730-VFMWO,,Yes,40.67,No,Yes,DSL,7.0,No,No,No,Yes,No,No,No,Yes
1730-ZMAME,,Yes,48.62,No,Yes,Fiber Optic,12.0,No,No,No,No,No,Yes,No,Yes
1731-TVIUK,Offer E,Yes,7.39,Yes,Yes,Fiber Optic,4.0,No,Yes,No,Yes,No,Yes,Yes,Yes
1732-FEKLD,Offer B,Yes,37.65,Yes,Yes,Fiber Optic,30.0,No,Yes,Yes,No,Yes,No,No,No
1732-VHUBQ,,Yes,26.95,No,Yes,Fiber Optic,26.0,No,No,No,No,No,No,No,Yes
1734-ZMNTZ,,Yes,15.04,Yes,No,,,,,,,,,,
1735-XMJVH,Offer E,Yes,34.87,No,No,,,,,,,,,,
1740-CSDJP,,No,,,Yes,DSL,9.0,No,No,No,No,No,Yes,Yes,Yes
1741-WTPON,Offer B,Yes,40.86,Yes,Yes,Fiber Optic,27.0,Yes,Yes,Yes,Yes,Yes,Yes,Yes,Yes
1744-JHKYS,Offer C,Yes,11.52,Yes,No,,,,,,,,,,
1746-TGTWV,Offer E,Yes,38.89,No,Yes,Fiber Optic,9.0,No,No,Yes,No,No,No,No,Yes
1750-CSKKM,Offer E,Yes,41.02,No,Yes,DSL,27.0,No,No,No,No,Yes,No,No,Yes
1751-NCDLI,,Yes,4.2,Yes,Yes,Fiber Optic,22.0,No,No,Yes,No,Yes,Yes,No,Yes
1752-OZXFY,Offer B,Yes,15.24,No,Yes,DSL,16.0,Yes,No,No,No,Yes,No,No,Yes
1754-GKYPY,,Yes,22.38,No,Yes,Fiber Optic,14.0,No,No,No,No,Yes,Yes,Yes,Yes
1755-FZQEC,Offer C,Yes,48.02,No,No,,,,,,,,,,
1755-RMCXH,Offer E,Yes,7.27,No,No,,,,,,,,,,
1757-TCATG,Offer C,Yes,41.02,No,No,,,,,,,,,,
1760-CAZHT,,Yes,3.07,No,No,,,,,,,,,,
1761-AEZZR,,Yes,4.04,No,Yes,Fiber Optic,6.0,No,No,No,No,Yes,No,No,Yes
1763-KUAAW,Offer D,Yes,37.53,No,No,,,,,,,,,,
1763-WQFUK,,Yes,26.38,No,Yes,DSL,25.0,No,No,No,Yes,No,No,No,Yes
1764-VUUMT,,Yes,37.94,No,No,,,,,,,,,,
1766-GKNMI,,Yes,9.49,Yes,Yes,Fiber Optic,21.0,No,No,No,No,No,Yes,Yes,Yes
1767-CJKBA,Offer A,Yes,49.13,Yes,No,,,,,,,,,,
1767-TGTKO,Offer E,Yes,5.09,No,Yes,DSL,51.0,No,No,No,No,No,No,No,Yes
1768-HNVGJ,Offer B,Yes,18.46,Yes,Yes,Cable,3.0,Yes,No,No,Yes,No,Yes,Yes,Yes
1768-ZAIFU,,No,,,Yes,Cable,5.0,No,No,No,No,No,No,No,Yes
1769-GRUIK,Offer D,Yes,2.76,No,Yes,Fiber Optic,26.0,No,No,No,No,No,No,No,No
1771-OADNZ,Offer C,Yes,35.38,Yes,Yes,Fiber Optic,21.0,No,Yes,Yes,No,No,Yes,Yes,No
1775-KWJKQ,,Yes,26.96,Yes,Yes,DSL,9.0,Yes,Yes,Yes,Yes,Yes,Yes,Yes,Yes
1776-SPBWV,Offer C,Yes,41.72,No,No,,,,,,,,,,
1777-JYQPJ,Offer E,No,,,Yes,DSL,59.0,No,No,No,No,No,No,No,Yes
1779-PWPMG,Offer A,Yes,4.59,Yes,Yes,Fiber Optic,27.0,Yes,Yes,Yes,Yes,Yes,Yes,No,Yes
1784-BXEFA,,Yes,4.76,No,No,,,,,,,,,,
1784-EZDKJ,Offer B,Yes,29.4,Yes,Yes,Fiber Optic,21.0,No,Yes,Yes,No,Yes,Yes,Yes,No
1785-BPHTP,,Yes,3.18,No,Yes,Fiber Optic,12.0,No,No,Yes,No,Yes,No,No,Yes
1790-NESIO,,Yes,6.56,No,No,,,,,,,,,,
1791-PQHBB,Offer E,Yes,32.06,No,Yes,Cable,52.0,Yes,No,No,No,No,Yes,Yes,Yes
1792-UXAFY,Offer D,Yes,30.37,No,Yes,Fiber Optic,28.0,No,Yes,Yes,No,Yes,No,No,Yes
1794-HBQTJ,Offer E,Yes,6.54,No,Yes,Cable,52.0,Yes,No,No,No,No,No,No,Yes
1794-SWWKL,Offer D,Yes,24.36,Yes,Yes,DSL,59.0,No,No,Yes,Yes,No,No,No,Yes
1796-JANOW,Offer E,Yes,34.57,No,No,,,,,,,,,,
1803-BGNBD,Offer D,Yes,37.63,No,Yes,DSL,26.0,No,Yes,No,Yes,No,No,No,No
1809-DMJHQ,,Yes,23.89,No,Yes,DSL,14.0,No,No,No,No,No,No,No,Yes
1810-BOHSY,Offer B,Yes,35.0,Yes,Yes,Fiber Optic,8.0,Yes,Yes,No,No,No,Yes,Yes,Yes
1810-MVMAI,Offer C,Yes,48.04,Yes,Yes,Cable,19.0,Yes,Yes,Yes,Yes,No,No,No,Yes
1813-JLKWR,,Yes,23.25,No,No,,,,,,,,,,
1813-JYWTO,,Yes,6.23,Yes,Yes,Fiber Optic,27.0,Yes,No,No,No,No,No,No,No
1814-DKOLC,,Yes,5.41,Yes,No,,,,,,,,,,
1814-WFGVS,,No,,,Yes,DSL,53.0,Yes,No,Yes,Yes,Yes,No,No,Yes
1816-FLZDK,,No,,,Yes,DSL,22.0,No,No,No,Yes,No,No,No,Yes
1818-ESQMW,Offer C,Yes,39.62,No,Yes,Fiber Optic,2.0,No,No,Yes,Yes,No,Yes,Yes,Yes
1820-DJFPH,,Yes,48.29,Yes,No,,,,,,,,,,
1820-TQVEV,Offer E,Yes,49.43,No,Yes,Fiber Optic,48.0,No,No,No,No,No,No,Yes,Yes
1821-BUCWY,Offer C,Yes,47.06,No,Yes,Cable,24.0,Yes,No,Yes,No,No,No,No,Yes
1830-GGFNM,Offer B,Yes,19.53,Yes,Yes,Fiber Optic,19.0,Yes,Yes,Yes,Yes,No,No,No,Yes
1830-IPXVJ,Offer B,Yes,25.4,No,No,,,,,,,,,,
1832-PEUTS,Offer B,Yes,37.75,Yes,Yes,Fiber Optic,73.0,No,No,Yes,No,Yes,No,No,Yes
1833-TCXKK,Offer B,Yes,29.81,Yes,Yes,Fiber Optic,27.0,No,Yes,Yes,No,Yes,Yes,Yes,Yes
1833-VGRUM,Offer E,Yes,48.95,Yes,Yes,Fiber Optic,23.0,No,No,No,No,No,No,No,Yes
1834-ABKHQ,Offer B,Yes,10.03,No,Yes,Cable,29.0,No,No,Yes,No,No,No,No,Yes
1834-WULEG,Offer C,Yes,40.81,No,No,,,,,,,,,,
1837-YQUCE,Offer A,No,,,Yes,DSL,13.0,Yes,No,Yes,Yes,Yes,Yes,Yes,Yes
1839-FBNFR,,Yes,32.57,No,No,,,,,,,,,,
1839-UMACK,,Yes,27.64,Yes,No,,,,,,,,,,
1840-BIUOG,,Yes,32.5,Yes,Yes,DSL,52.0,No,Yes,No,Yes,Yes,No,No,Yes
1841-YSJGV,Offer A,Yes,40.78,Yes,Yes,Fiber Optic,22.0,Yes,Yes,No,Yes,Yes,Yes,Yes,Yes
1842-EZJMK,Offer B,Yes,34.14,Yes,Yes,Fiber Optic,69.0,No,Yes,No,Yes,Yes,Yes,Yes,Yes
1843-TLSGD,,Yes,27.62,No,No,,,,,,,,,,
1845-CSBRZ,Offer D,Yes,40.19,Yes,Yes,Fiber Optic,27.0,No,No,No,No,Yes,No,No,Yes
1845-ZLLIG,Offer E,Yes,20.3,No,Yes,DSL,16.0,No,Yes,No,No,No,No,No,Yes
1846-XWOQN,,Yes,47.97,No,Yes,Fiber Optic,8.0,No,No,No,No,No,No,No,Yes
1848-LBZHY,,Yes,33.24,No,Yes,DSL,53.0,Yes,No,No,No,No,No,No,Yes
1849-RJYIG,,Yes,46.78,No,Yes,DSL,24.0,Yes,No,No,No,Yes,No,No,Yes
1850-AKQEP,,Yes,14.37,No,No,,,,,,,,,,
1852-QSWCD,,Yes,35.25,Yes,No,,,,,,,,,,
1852-XEMDW,Offer D,Yes,43.78,Yes,Yes,DSL,47.0,Yes,Yes,Yes,No,No,No,No,No
1853-ARAAQ,,No,,,Yes,DSL,7.0,No,No,Yes,No,Yes,Yes,Yes,Yes
1853-UDXBW,,Yes,38.8,No,Yes,Fiber Optic,4.0,No,No,No,No,No,No,No,Yes
1855-AGAWH,,Yes,36.69,No,Yes,Fiber Optic,52.0,No,No,Yes,No,Yes,Yes,Yes,Yes
1855-CFULU,,Yes,41.98,No,No,,,,,,,,,,
1862-QRWPE,,Yes,37.96,No,No,,,,,,,,,,
1862-SKORY,,No,,,Yes,Cable,3.0,No,Yes,No,No,Yes,No,No,Yes
1866-DIOQZ,,No,,,Yes,Cable,85.0,Yes,Yes,Yes,Yes,Yes,Yes,Yes,Yes
1866-NXPSP,,Yes,32.0,No,Yes,Cable,23.0,Yes,Yes,Yes,Yes,No,Yes,Yes,No
1866-OBPNR,,Yes,42.99,No,Yes,Fiber Optic,59.0,No,Yes,No,No,No,No,No,Yes
1866-RZZQS,Offer B,Yes,42.06,Yes,Yes,Fiber Optic,21.0,No,No,Yes,No,Yes,Yes,No,Yes
1866-ZSLJM,Offer D,Yes,32.89,No,No,,,,,,,,,,
1867-BDVFH,Offer D,Yes,9.14,Yes,Yes,Fiber Optic,19.0,No,No,No,No,No,No,No,Yes
1867-TJHTS,,Yes,22.71,Yes,Yes,Fiber Optic,14.0,Yes,No,No,No,No,No,No,Yes
1871-MOWRM,,Yes,18.26,No,Yes,Fiber Optic,18.0,Yes,No,No,Yes,No,No,No,Yes
1872-EBWSC,,Yes,21.19,No,No,,,,,,,,,,
1875-QIVME,Offer E,Yes,11.51,Yes,Yes,Fiber Optic,53.0,No,No,Yes,Yes,Yes,Yes,Yes,Yes
1877-HKBQX,Offer D,Yes,1.16,No,Yes,DSL,41.0,Yes,No,No,Yes,No,No,No,Yes
1891-FZYSA,,Yes,16.34,Yes,Yes,Fiber Optic,4.0,No,Yes,No,No,Yes,No,No,No
1891-QRQSA,Offer B,Yes,16.33,Yes,Yes,Fiber Optic,10.0,Yes,No,Yes,Yes,Yes,Yes,No,Yes
1891-UAWWU,,Yes,4.77,Yes,Yes,Fiber Optic,17.0,No,No,Yes,No,Yes,No,No,Yes
1894-IGFSG,,Yes,18.01,No,Yes,Fiber Optic,2.0,No,No,No,No,Yes,Yes,Yes,Yes
1895-QTKDO,,Yes,45.59,No,Yes,DSL,5.0,No,No,No,No,No,No,No,Yes
1897-OKVMW,,Yes,37.0,Yes,Yes,DSL,19.0,Yes,Yes,Yes,Yes,Yes,Yes,Yes,Yes
1897-RCFUM,,Yes,5.88,Yes,No,,,,,,,,,,
1898-JSNDC,Offer C,Yes,48.17,No,Yes,DSL,58.0,No,Yes,No,No,Yes,No,No,Yes
1899-VXWXM,,Yes,24.73,Yes,Yes,Fiber Optic,4.0,No,Yes,Yes,No,Yes,Yes,Yes,Yes
1902-XBTFB,Offer D,Yes,39.58,No,Yes,Fiber Optic,12.0,No,Yes,Yes,No,Yes,No,No,Yes
1904-WAJAA,Offer C,Yes,46.54,Yes,Yes,DSL,85.0,Yes,Yes,Yes,No,No,No,No,Yes
1905-OEILC,Offer E,Yes,20.11,No,No,,,,,,,,,,
1907-UBQFC,,Yes,5.46,No,Yes,Fiber Optic,24.0,No,Yes,No,No,No,No,No,No
1907-YLNYW,,Yes,41.13,No,Yes,DSL,27.0,Yes,No,Yes,No,No,Yes,Yes,Yes
1910-FMXJM,,Yes,49.33,No,Yes,Fiber Optic,23.0,No,No,No,No,No,Yes,Yes,Yes
1915-IOFGU,,Yes,41.39,No,Yes,Fiber Optic,3.0,No,No,No,No,No,No,No,Yes
1915-OAKWD,Offer D,Yes,44.05,No,No,,,,,,,,,,
1918-ZBFQJ,,Yes,33.54,No,Yes,Fiber Optic,76.0,No,Yes,Yes,No,No,No,No,Yes
1919-RTPQD,Offer E,Yes,28.7,No,Yes,DSL,17.0,No,No,No,No,No,No,No,Yes
1921-KYSAY,,Yes,36.93,Yes,Yes,DSL,30.0,No,No,Yes,Yes,No,Yes,Yes,Yes
1925-GMVBW,,Yes,24.53,No,No,,,,,,,,,,
1925-LFCZZ,,No,,,Yes,DSL,23.0,No,No,Yes,No,Yes,Yes,No,Yes
1925-TIBLE,,Yes,22.61,Yes,Yes,Fiber Optic,11.0,No,No,No,No,Yes,No,No,No
1926-QUZNN,,Yes,49.51,Yes,No,,,,,,,,,,
1927-QEWMY,Offer A,Yes,43.91,No,No,,,,,,,,,,
1928-BXYIV,Offer E,Yes,17.07,Yes,Yes,DSL,3.0,Yes,Yes,No,No,No,No,No,Yes
1929-ZCBHE,Offer B,No,,,Yes,DSL,47.0,Yes,No,Yes,Yes,No,No,No,Yes
1930-BZLHI,,Yes,22.53,No,No,,,,,,,,,,
1930-QPBVZ,Offer A,Yes,9.29,No,Yes,Fiber Optic,18.0,Yes,Yes,No,Yes,No,Yes,Yes,Yes
1930-WNXSB,,Yes,47.69,No,Yes,Fiber Optic,24.0,No,Yes,No,No,Yes,Yes,Yes,Yes
1932-UEDCX,,Yes,44.1,Yes,Yes,Fiber Optic,22.0,No,Yes,No,No,Yes,Yes,No,Yes
1934-MKPXS,,Yes,49.37,No,No,,,,,,,,,,
1934-SJVJK,Offer E,Yes,40.51,No,No,,,,,,,,,,
1935-IMVBB,,Yes,3.79,No,Yes,Fiber Optic,14.0,No,No,No,No,Yes,Yes,Yes,Yes
1936-CZAKF,,No,,,Yes,Cable,27.0,No,Yes,No,No,Yes,Yes,Yes,Yes
1936-UAFEH,,Yes,48.82,Yes,Yes,Fiber Optic,17.0,Yes,Yes,No,Yes,Yes,Yes,Yes,No
1937-OTUKY,,Yes,25.48,Yes,Yes,Fiber Optic,3.0,Yes,No,Yes,Yes,Yes,No,No,Yes
1941-HOSAM,,Yes,24.33,No,Yes,Fiber Optic,59.0,No,No,No,No,Yes,Yes,Yes,Yes
1942-OQFRW,Offer E,Yes,13.4,No,Yes,DSL,17.0,No,No,No,No,No,No,No,Yes
1945-XISKS,,Yes,33.01,No,No,,,,,,,,,,
1950-KSVVJ,Offer B,Yes,33.54,Yes,Yes,Fiber Optic,4.0,Yes,Yes,Yes,Yes,Yes,Yes,Yes,Yes
1951-IEYXM,,Yes,34.97,Yes,Yes,Cable,11.0,Yes,Yes,Yes,Yes,Yes,Yes,Yes,Yes
1952-DVVSW,,Yes,14.04,No,No,,,,,,,,,,
1955-IBMMB,,Yes,47.17,No,No,,,,,,,,,,
1956-YIFGE,,Yes,9.05,No,Yes,Fiber Optic,57.0,No,Yes,Yes,No,Yes,Yes,Yes,Yes
1958-RNRKS,,Yes,5.56,Yes,Yes,DSL,8.0,No,No,No,No,No,No,No,No
1960-UOTYM,,Yes,16.53,No,Yes,DSL,12.0,Yes,Yes,Yes,No,Yes,Yes,Yes,Yes
1960-UYCNN,,Yes,26.43,Yes,Yes,Fiber Optic,13.0,No,Yes,Yes,No,No,Yes,Yes,Yes
1963-SVUCV,,Yes,28.37,No,Yes,DSL,7.0,No,No,No,No,No,No,No,No
1963-VAUKV,Offer E,Yes,22.12,No,No,,,,,,,,,,
1964-SVLEA,Offer D,Yes,30.13,No,No,,,,,,,,,,
1965-AKTSX,Offer D,Yes,16.36,Yes,Yes,Fiber Optic,6.0,No,Yes,No,No,No,No,No,Yes
1965-DDBWU,,Yes,11.96,Yes,Yes,Fiber Optic,18.0,No,No,No,Yes,No,Yes,Yes,Yes
1970-KKFWL,,Yes,6.52,Yes,No,,,,,,,,,,
1971-DTCZB,,Yes,42.64,Yes,Yes,DSL,15.0,Yes,Yes,Yes,Yes,Yes,Yes,Yes,Yes
1972-XMUWV,,Yes,10.23,No,Yes,Cable,14.0,No,No,No,Yes,Yes,No,No,Yes
1976-AZZPJ,Offer E,No,,,Yes,DSL,17.0,Yes,Yes,No,No,No,No,No,Yes
1976-CFOCS,,Yes,7.74,No,Yes,DSL,19.0,No,No,No,No,No,No,No,Yes
1977-STDKI,,Yes,20.55,No,Yes,Fiber Optic,5.0,No,Yes,No,No,No,No,No,Yes
1980-KXVPM,,Yes,23.82,Yes,Yes,Fiber Optic,30.0,No,No,No,No,No,No,No,Yes
1981-INRFU,,Yes,8.32,No,Yes,Fiber Optic,16.0,No,No,No,No,Yes,No,No,Yes
1982-FEBTD,,Yes,25.54,Yes,No,,,,,,,,,,
1984-FCOWB,Offer A,Yes,41.88,Yes,Yes,Fiber Optic,59.0,No,Yes,Yes,Yes,Yes,Yes,Yes,No
1984-GPTEH,,Yes,4.53,Yes,No,,,,,,,,,,
1985-MBRYP,Offer B,Yes,6.71,No,No,,,,,,,,,,
1986-PHGZF,Offer D,Yes,47.34,Yes,Yes,DSL,7.0,Yes,Yes,No,No,No,No,No,Yes
1987-AUELQ,,Yes,44.84,Yes,No,,,,,,,,,,
1989-PRJHP,,Yes,10.6,Yes,Yes,Fiber Optic,23.0,No,No,No,No,No,No,No,Yes
1991-VOPLL,Offer E,Yes,31.28,No,No,,,,,,,,,,
1996-DBMUS,,Yes,12.6,No,Yes,Fiber Optic,21.0,No,No,No,No,No,No,No,Yes
1998-VHJHK,,Yes,20.18,No,No,,,,,,,,,,
2000-DHJUY,Offer A,Yes,18.67,Yes,Yes,DSL,21.0,Yes,Yes,Yes,Yes,Yes,Yes,Yes,Yes
2000-MPKCA,Offer B,Yes,46.7,Yes,Yes,Fiber Optic,19.0,Yes,Yes,Yes,No,Yes,Yes,Yes,Yes
2001-EWBQU,,Yes,35.47,Yes,Yes,Fiber Optic,51.0,No,Yes,Yes,No,Yes,Yes,Yes,No
2001-MCUUW,,Yes,37.5,Yes,Yes,Fiber Optic,22.0,No,Yes,Yes,Yes,Yes,Yes,Yes,Yes
2002-MZHWP,Offer E,Yes,26.12,No,No,,,,,,,,,,
2003-CKLOR,Offer A,Yes,25.82,No,Yes,Cable,26.0,No,Yes,Yes,No,Yes,Yes,Yes,Yes
2004-OCQXK,Offer E,Yes,44.94,No,Yes,Fiber Optic,16.0,No,No,No,No,No,Yes,Yes,Yes
2005-DWQZJ,,Yes,42.67,No,No,,,,,,,,,,
2007-QVGAW,Offer A,Yes,46.61,No,No,,,,,,,,,,
2011-TRQYE,Offer D,No,,,Yes,DSL,26.0,No,Yes,Yes,No,No,No,No,Yes
2012-NWRPA,Offer D,Yes,1.28,Yes,Yes,Fiber Optic,14.0,No,No,Yes,No,Yes,Yes,No,Yes
2013-SGDXK,,Yes,1.63,No,Yes,Fiber Optic,59.0,No,Yes,No,No,Yes,No,No,No
2014-MKGMH,Offer B,Yes,27.97,Yes,Yes,Fiber Optic,22.0,No,No,Yes,No,Yes,Yes,Yes,Yes
2017-CCBLH,,Yes,23.46,No,No,,,,,,,,,,
2018-PZKMU,Offer E,Yes,44.37,No,Yes,Fiber Optic,57.0,No,No,Yes,Yes,Yes,Yes,Yes,Yes
2018-QKYGT,,Yes,36.32,No,Yes,Fiber Optic,85.0,No,No,No,No,No,Yes,Yes,Yes
2019-HDCZY,,Yes,2.72,Yes,Yes,Fiber Optic,22.0,No,No,Yes,No,Yes,Yes,Yes,Yes
2023-VQFDL,Offer D,Yes,33.16,No,No,,,,,,,,,,
2024-BASKD,Offer E,Yes,22.16,No,Yes,Fiber Optic,47.0,No,No,Yes,No,No,No,No,No
2025-JKFWI,,Yes,24.14,Yes,Yes,Fiber Optic,21.0,No,No,No,Yes,Yes,Yes,Yes,Yes
2026-TGDHM,,Yes,19.21,No,Yes,Fiber Optic,16.0,No,No,No,No,No,Yes,Yes,No
2027-CWDNU,,Yes,28.04,No,Yes,Fiber Optic,28.0,No,No,No,Yes,No,Yes,Yes,Yes
2027-DNKIV,,Yes,35.67,No,Yes,DSL,76.0,Yes,No,Yes,Yes,No,No,No,Yes
2027-FECZV,,Yes,25.19,Yes,Yes,Fiber Optic,12.0,No,Yes,Yes,No,Yes,Yes,Yes,Yes
2027-OAQQC,Offer B,No,,,Yes,DSL,12.0,No,No,Yes,No,Yes,Yes,Yes,Yes
2027-WKXMW,Offer B,Yes,20.37,Yes,Yes,Fiber Optic,26.0,No,Yes,Yes,Yes,Yes,Yes,Yes,Yes
2030-BTZRO,,Yes,41.36,No,No,,,,,,,,,,
2034-CGRHZ,,Yes,3.23,Yes,Yes,Fiber Optic,26.0,No,Yes,Yes,No,Yes,Yes,No,Yes
2034-GDRCN,Offer E,Yes,10.53,No,Yes,Fiber Optic,8.0,No,No,No,No,Yes,Yes,Yes,Yes
2037-SGXHH,,Yes,49.7,Yes,Yes,Fiber Optic,30.0,No,Yes,Yes,No,Yes,No,No,Yes
2037-XJFUP,Offer C,Yes,41.8,No,Yes,Fiber Optic,41.0,No,No,Yes,No,Yes,Yes,Yes,No
2038-LLMLM,,Yes,10.5,Yes,Yes,Fiber Optic,12.0,No,No,Yes,Yes,Yes,Yes,Yes,Yes
2038-OEQZH,,Yes,44.36,No,Yes,Fiber Optic,20.0,No,No,Yes,No,No,Yes,Yes,Yes
2038-YSEZE,Offer C,Yes,13.74,Yes,Yes,DSL,2.0,Yes,Yes,No,Yes,No,No,No,Yes
2039-JONDJ,,Yes,20.29,No,Yes,DSL,21.0,Yes,Yes,No,No,No,No,No,Yes
2040-LDIWQ,Offer B,Yes,41.57,Yes,Yes,DSL,16.0,No,Yes,Yes,Yes,Yes,Yes,Yes,Yes
2040-OBMLJ,,Yes,17.18,Yes,Yes,Fiber Optic,76.0,No,No,No,Yes,No,No,No,Yes
2040-VZIKE,,Yes,44.81,Yes,Yes,Fiber Optic,10.0,Yes,No,No,No,Yes,Yes,Yes,Yes
2040-XBAVJ,Offer A,Yes,24.95,Yes,Yes,Fiber Optic,13.0,Yes,Yes,Yes,Yes,Yes,Yes,Yes,Yes
2041-JIJCI,,Yes,44.78,Yes,Yes,Cable,29.0,No,Yes,No,No,No,Yes,Yes,Yes
2043-WVTQJ,,Yes,17.68,No,Yes,Cable,9.0,Yes,No,Yes,No,No,No,No,Yes
2045-BMBTJ,,No,,,Yes,DSL,16.0,Yes,Yes,Yes,No,Yes,Yes,No,Yes
2049-BAFNW,Offer E,No,,,Yes,DSL,7.0,No,No,Yes,Yes,No,No,No,Yes
2050-ONYDQ,,Yes,2.95,Yes,No,,,,,,,,,,
2054-PJOCK,,Yes,16.11,Yes,Yes,Cable,18.0,No,No,Yes,Yes,Yes,Yes,Yes,Yes
2055-BFOCC,,Yes,40.65,No,Yes,DSL,29.0,Yes,Yes,Yes,Yes,Yes,Yes,Yes,Yes
2055-PDADH,Offer E,Yes,2.26,No,Yes,Fiber Optic,3.0,No,No,No,No,No,No,No,Yes
2055-SIFSS,,Yes,29.53,Yes,Yes,Cable,29.0,No,No,No,No,No,No,No,Yes
2056-EVGZL,,Yes,8.88,No,Yes,Fiber Optic,17.0,No,Yes,Yes,Yes,Yes,Yes,Yes,Yes
2057-BOYKM,,Yes,28.09,Yes,Yes,Fiber Optic,20.0,Yes,Yes,Yes,Yes,No,No,No,Yes
2057-ZBLPD,Offer D,Yes,42.22,Yes,Yes,Fiber Optic,29.0,No,No,No,No,No,Yes,Yes,Yes
2058-DCJBE,Offer E,Yes,31.14,No,Yes,Fiber Optic,5.0,No,No,No,No,No,No,No,Yes
2061-VVFST,,Yes,45.19,No,No,,,,,,,,,,
2065-MMKGR,,Yes,41.38,Yes,Yes,DSL,4.0,No,No,No,No,Yes,Yes,Yes,Yes
2067-QYTCF,,Yes,8.6,Yes,Yes,Fiber Optic,21.0,No,Yes,Yes,Yes,Yes,Yes,Yes,Yes
2068-WWXQZ,Offer B,Yes,30.25,No,No,,,,,,,,,,
2070-FNEXE,Offer E,Yes,26.95,No,Yes,Fiber Optic,18.0,Yes,No,No,No,No,No,No,No
2070-XYMFH,,Yes,8.72,Yes,Yes,Fiber Optic,18.0,No,No,Yes,No,No,No,No,Yes
2072-ZVJJX,Offer A,Yes,22.83,Yes,No,,,,,,,,,,
2073-QBVBI,,No,,,Yes,Cable,17.0,No,Yes,No,Yes,No,No,No,Yes
2074-GKOWZ,Offer E,Yes,8.86,No,Yes,Fiber Optic,23.0,No,No,No,No,Yes,Yes,Yes,Yes
2074-GUHPQ,,Yes,49.78,Yes,Yes,Fiber Optic,19.0,No,Yes,Yes,Yes,No,No,No,Yes
2075-PUEPR,,Yes,24.7,No,No,,,,,,,,,,
2075-RMJIK,,Yes,47.06,No,Yes,Cable,52.0,Yes,No,No,No,No,No,No,No
2077-DDHJK,,Yes,27.41,Yes,Yes,DSL,9.0,Yes,Yes,Yes,Yes,No,No,No,Yes
2077-MPJQO,,Yes,21.37,Yes,Yes,Fiber Optic,21.0,No,No,No,No,No,No,No,Yes
2079-FBMZK,,Yes,39.36,No,Yes,Fiber Optic,5.0,No,No,No,No,No,No,No,Yes
2080-CAZNM,Offer B,Yes,6.33,Yes,Yes,Fiber Optic,15.0,No,Yes,Yes,No,Yes,Yes,No,Yes
2080-GKCWQ,,Yes,3.76,No,Yes,Fiber Optic,16.0,No,Yes,No,No,No,No,No,Yes
2080-SRCDE,Offer E,Yes,32.73,Yes,No,,,,,,,,,,
2081-KJSQF,,Yes,42.96,No,No,,,,,,,,,,
2081-VEYEH,Offer E,Yes,12.66,No,Yes,Fiber Optic,28.0,No,Yes,Yes,Yes,Yes,Yes,Yes,Yes
2082-CEFLT,Offer E,Yes,11.73,No,Yes,DSL,24.0,No,No,No,No,No,No,No,Yes
2082-OJVTK,,Yes,4.0,Yes,Yes,Fiber Optic,48.0,No,No,Yes,No,No,Yes,Yes,Yes
2085-BOJKI,Offer D,Yes,28.83,No,Yes,Fiber Optic,5.0,No,No,Yes,No,Yes,Yes,Yes,Yes
2085-JVGAD,,Yes,2.15,No,No,,,,,,,,,,
2087-QAREY,Offer D,Yes,39.83,No,Yes,Cable,16.0,No,Yes,Yes,No,No,No,No,Yes
2088-IEBAU,,Yes,21.82,Yes,Yes,DSL,2.0,Yes,Yes,Yes,Yes,Yes,Yes,Yes,Yes
2091-GPPIQ,Offer A,Yes,26.04,Yes,Yes,Cable,6.0,No,Yes,No,Yes,Yes,Yes,Yes,Yes
2091-MJTFX,,No,,,Yes,DSL,12.0,No,No,No,Yes,Yes,Yes,Yes,Yes
2091-RFFBA,,Yes,15.43,Yes,Yes,Fiber Optic,2.0,No,No,No,No,No,No,No,Yes
2096-XOTMO,,Yes,12.82,No,No,,,,,,,,,,
2097-YVPKN,,Yes,4.9,Yes,No,,,,,,,,,,
2100-BDNSN,,Yes,14.9,Yes,Yes,DSL,4.0,No,No,Yes,Yes,Yes,No,No,No
2101-RANCD,,Yes,8.93,Yes,Yes,Fiber Optic,26.0,No,No,No,No,No,No,No,Yes
2103-ZRXFN,,Yes,24.66,Yes,Yes,DSL,26.0,No,No,No,No,No,No,No,Yes
2105-PHWON,,Yes,10.34,Yes,Yes,Fiber Optic,22.0,No,No,Yes,Yes,No,Yes,Yes,No
2107-FBPTK,,Yes,41.93,Yes,Yes,Fiber Optic,21.0,No,Yes,Yes,No,Yes,Yes,No,Yes
2108-GLPQB,Offer C,Yes,11.6,Yes,Yes,DSL,10.0,No,No,Yes,No,No,No,No,Yes
2108-XWMPY,,No,,,Yes,DSL,85.0,Yes,Yes,No,No,No,No,No,Yes
2108-YKQTY,,Yes,9.81,No,Yes,DSL,30.0,No,Yes,No,No,No,No,No,Yes
2111-DWYHN,,Yes,18.81,No,No,,,,,,,,,,
2114-MGINA,Offer D,Yes,10.3,No,Yes,Fiber Optic,29.0,No,No,No,No,Yes,Yes,Yes,Yes
2115-BFTIW,,Yes,24.91,No,Yes,Fiber Optic,18.0,No,No,No,No,No,No,No,No
2120-SMPEX,Offer C,Yes,17.64,No,No,,,,,,,,,,
2121-JAFOM,,Yes,1.67,Yes,Yes,Fiber Optic,59.0,Yes,Yes,Yes,Yes,Yes,Yes,Yes,Yes
2122-SZZZD,,Yes,18.14,No,No,,,,,,,,,,
2122-YWVYA,Offer D,Yes,15.01,No,Yes,Fiber Optic,22.0,Yes,No,No,No,No,No,No,Yes
2123-AGEEN,Offer E,Yes,26.29,No,Yes,Fiber Optic,20.0,No,No,Yes,No,Yes,No,No,No
2123-VSCOT,,Yes,24.81,Yes,Yes,Cable,24.0,No,No,Yes,Yes,Yes,No,No,Yes
2126-GSEGL,,Yes,9.28,Yes,Yes,DSL,24.0,No,Yes,Yes,Yes,Yes,Yes,Yes,No
2129-ALKBS,,Yes,49.22,Yes,No,,,,,,,,,,
2133-TSRRM,,Yes,32.94,No,Yes,Fiber Optic,21.0,Yes,Yes,Yes,No,Yes,Yes,Yes,No
2135-DQWAQ,Offer E,Yes,45.74,No,Yes,Fiber Optic,30.0,No,Yes,No,No,Yes,No,No,No
2135-RXIHG,Offer E,Yes,14.12,No,Yes,Cable,24.0,No,No,No,No,No,No,No,Yes
2137-DQMEV,Offer A,No,,,Yes,DSL,19.0,Yes,Yes,No,No,Yes,No,No,Yes
2138-VFAPZ,Offer D,Yes,15.33,No,No,,,,,,,,,,
2139-FQHLM,Offer D,Yes,9.55,No,Yes,Fiber Optic,6.0,No,No,Yes,Yes,Yes,No,No,Yes
2141-RRYGO,Offer E,Yes,10.64,No,Yes,DSL,23.0,No,Yes,No,No,Yes,Yes,Yes,Yes
2143-LJULT,,Yes,35.34,Yes,No,,,,,,,,,,
2144-BFDSO,Offer B,Yes,9.18,Yes,Yes,Fiber Optic,2.0,Yes,Yes,Yes,No,Yes,Yes,Yes,Yes
2144-ESWKO,,No,,,Yes,Cable,4.0,Yes,No,Yes,No,No,No,No,Yes
2146-EGVDT,Offer B,Yes,25.57,No,No,,,,,,,,,,
2150-OEGBV,,Yes,33.4,No,No,,,,,,,,,,
2150-UWTFY,Offer D,Yes,42.98,No,Yes,DSL,30.0,Yes,Yes,Yes,No,No,No,No,No
2150-WLKUW,Offer B,Yes,42.1,Yes,Yes,DSL,52.0,No,Yes,No,No,Yes,No,No,Yes
2153-MREFK,,Yes,30.16,Yes,Yes,Fiber Optic,4.0,Yes,No,Yes,Yes,No,Yes,Yes,Yes
2154-KVJFF,Offer D,Yes,42.83,Yes,Yes,Fiber Optic,21.0,No,Yes,No,No,No,No,No,Yes
2155-AMQRX,,Yes,3.25,Yes,Yes,Cable,11.0,No,No,No,Yes,No,No,No,Yes
2157-MXBJS,Offer D,Yes,41.22,Yes,Yes,Cable,82.0,No,No,Yes,No,Yes,Yes,Yes,Yes
2159-TURXX,,Yes,22.16,No,No,,,,,,,,,,
2160-GPFXD,Offer B,Yes,24.59,Yes,Yes,DSL,52.0,Yes,Yes,No,Yes,No,No,No,Yes
2162-FRZAA,Offer B,No,,,Yes,DSL,16.0,No,Yes,Yes,Yes,No,No,No,Yes
2164-SOQXL,,Yes,14.79,No,No,,,,,,,,,,
2165-VOEGB,,Yes,43.04,No,Yes,Fiber Optic,71.0,Yes,Yes,No,Yes,Yes,Yes,Yes,Yes
2167-FQSTQ,,Yes,37.45,Yes,Yes,DSL,48.0,Yes,Yes,Yes,Yes,Yes,Yes,Yes,No
2169-RRLFW,,Yes,11.18,Yes,No,,,,,,,,,,
2171-UDMFD,Offer C,Yes,35.05,No,No,,,,,,,,,,
2172-EJXVF,,Yes,25.61,Yes,Yes,Fiber Optic,23.0,No,Yes,Yes,No,Yes,Yes,Yes,No
2176-LVPNX,Offer A,Yes,37.39,Yes,Yes,DSL,22.0,Yes,Yes,Yes,Yes,Yes,Yes,No,No
2176-OSJUV,Offer A,Yes,40.63,Yes,Yes,DSL,69.0,Yes,Yes,No,Yes,No,No,Yes,Yes
2178-PMGCJ,Offer D,Yes,15.77,No,Yes,Fiber Optic,42.0,No,No,No,No,No,No,No,Yes
2180-DXNEG,,Yes,25.54,No,Yes,Fiber Optic,27.0,No,No,Yes,No,Yes,Yes,Yes,Yes
2181-TIDSV,Offer A,Yes,19.75,No,No,,,,,,,,,,
2181-UAESM,,Yes,12.59,No,Yes,Cable,76.0,Yes,No,Yes,No,No,No,No,Yes
2186-QZEYA,Offer C,Yes,8.88,Yes,Yes,DSL,22.0,Yes,Yes,No,No,No,No,No,Yes
2187-LZGPL,,No,,,Yes,DSL,19.0,No,Yes,No,No,No,Yes,Yes,Yes
2187-PKZAY,,Yes,40.06,No,Yes,Fiber Optic,41.0,No,No,No,No,No,Yes,Yes,Yes
2188-SXWVT,Offer C,Yes,43.17,No,Yes,DSL,8.0,Yes,Yes,No,No,No,No,No,Yes
2189-UXTKY,,Yes,13.11,Yes,Yes,DSL,51.0,Yes,No,No,Yes,Yes,Yes,Yes,Yes
2189-WWOEW,,Yes,24.63,No,Yes,Fiber Optic,13.0,No,Yes,No,No,No,Yes,Yes,Yes
2190-BCXEC,,Yes,39.97,Yes,Yes,Fiber Optic,17.0,No,No,No,Yes,No,No,No,Yes
2190-PHBHR,Offer A,Yes,22.74,Yes,Yes,Fiber Optic,48.0,Yes,Yes,No,No,No,Yes,Yes,Yes
2192-CKRLV,Offer A,No,,,Yes,DSL,15.0,Yes,Yes,Yes,No,No,Yes,Yes,Yes
2192-OZITF,Offer B,Yes,44.29,Yes,Yes,DSL,15.0,Yes,No,No,Yes,No,Yes,Yes,Yes
2193-SFWQW,,Yes,24.08,No,Yes,Fiber Optic,19.0,Yes,Yes,Yes,Yes,Yes,Yes,Yes,Yes
2194-IIQOF,Offer A,Yes,19.9,Yes,Yes,DSL,27.0,Yes,Yes,Yes,Yes,Yes,Yes,Yes,Yes
2195-VVRJF,,Yes,5.73,No,Yes,DSL,13.0,Yes,No,No,No,No,Yes,No,Yes
2195-ZRVAX,,Yes,44.26,No,Yes,Cable,23.0,No,No,Yes,No,No,Yes,Yes,Yes
2197-OMWGI,,No,,,Yes,DSL,23.0,No,Yes,Yes,No,Yes,Yes,Yes,Yes
2200-DSAAL,,Yes,20.3,Yes,Yes,DSL,13.0,No,Yes,Yes,No,Yes,Yes,Yes,No
2202-CUYXZ,,Yes,36.07,No,Yes,Fiber Optic,41.0,No,No,Yes,No,Yes,No,Yes,Yes
2202-OUTMO,,Yes,12.3,Yes,Yes,DSL,26.0,Yes,No,No,Yes,No,No,No,Yes
2203-GHNWN,,Yes,44.93,Yes,Yes,Fiber Optic,82.0,No,No,Yes,No,No,No,Yes,Yes
2205-LPVGL,Offer B,Yes,18.43,Yes,Yes,Fiber Optic,10.0,Yes,Yes,No,Yes,No,No,No,No
2205-YMZZJ,,Yes,39.51,Yes,Yes,Fiber Optic,13.0,No,No,No,No,Yes,No,No,No
2207-NHRJK,Offer E,Yes,1.28,No,Yes,DSL,27.0,No,Yes,No,No,No,No,No,Yes
2207-OBZNX,,Yes,34.49,No,Yes,Cable,22.0,Yes,No,No,No,No,No,No,Yes
2207-QPJED,,Yes,15.6,No,Yes,Fiber Optic,19.0,No,No,Yes,Yes,Yes,No,No,Yes
2207-RYYRL,Offer B,Yes,29.55,Yes,No,,,,,,,,,,
2208-MPXIO,,Yes,21.73,No,No,,,,,,,,,,
2208-NKVVH,,Yes,2.81,Yes,No,,,,,,,,,,
2208-NQBCT,,Yes,42.95,No,Yes,Fiber Optic,27.0,Yes,Yes,No,No,No,No,No,Yes
2208-UGTGR,Offer B,Yes,10.99,Yes,Yes,Fiber Optic,28.0,No,Yes,No,No,Yes,Yes,Yes,Yes
2209-XADXF,Offer E,No,,,Yes,DSL,15.0,No,No,No,No,No,No,No,No
2211-RMNHO,,Yes,25.16,Yes,Yes,Cable,26.0,No,Yes,Yes,Yes,Yes,Yes,Yes,Yes
2212-LYASK,,No,,,Yes,DSL,27.0,No,Yes,Yes,No,No,Yes,Yes,No
2215-ZAFGX,Offer E,Yes,11.5,Yes,Yes,Fiber Optic,14.0,No,No,No,No,Yes,No,No,Yes
2219-MVUSO,,Yes,35.53,No,Yes,Cable,5.0,No,No,No,No,No,No,No,Yes
2220-IAHLS,,Yes,2.85,No,No,,,,,,,,,,
2223-GDSHL,Offer A,Yes,26.38,Yes,Yes,Fiber Optic,18.0,Yes,Yes,Yes,Yes,Yes,Yes,Yes,No
2223-KAGMX,Offer D,Yes,33.14,No,No,,,,,,,,,,
2225-ZRGSG,Offer A,Yes,5.48,Yes,Yes,Fiber Optic,14.0,Yes,Yes,Yes,Yes,No,No,No,Yes
2226-ICFDO,,Yes,10.87,Yes,Yes,DSL,24.0,Yes,No,Yes,Yes,Yes,Yes,Yes,Yes
2227-JRSJX,Offer D,Yes,6.12,No,Yes,Fiber Optic,51.0,No,Yes,No,Yes,Yes,Yes,Yes,Yes
2228-BZDEE,Offer B,Yes,26.25,No,No,,,,,,,,,,
2229-DPMBI,,Yes,13.21,No,No,,,,,,,,,,
2229-VWQJH,,Yes,4.82,No,Yes,DSL,16.0,No,No,Yes,No,No,No,No,Yes
2230-XTUWL,Offer B,Yes,13.26,No,No,,,,,,,,,,
2232-DMLXU,,Yes,35.6,No,Yes,DSL,58.0,No,No,No,No,Yes,No,Yes,Yes
2233-FAGXV,,Yes,6.7,Yes,No,,,,,,,,,,
2233-TXSIU,,No,,,Yes,DSL,52.0,Yes,No,Yes,No,Yes,No,No,Yes
2234-EOFPT,,Yes,29.8,No,Yes,DSL,14.0,Yes,Yes,No,Yes,Yes,Yes,Yes,No
2234-XADUH,,Yes,29.66,Yes,Yes,Fiber Optic,59.0,No,Yes,Yes,No,Yes,Yes,Yes,Yes
2235-DWLJU,,No,,,Yes,DSL,24.0,No,No,No,No,Yes,Yes,Yes,Yes
2235-EZAIK,Offer A,Yes,22.41,Yes,Yes,DSL,59.0,Yes,Yes,Yes,Yes,Yes,No,No,No
2235-ZGKPT,,Yes,12.88,Yes,Yes,Cable,22.0,No,No,No,No,No,No,No,Yes
2236-HILPA,Offer B,Yes,11.15,No,No,,,,,,,,,,
2237-ZFSMY,Offer C,Yes,4.48,No,Yes,Fiber Optic,71.0,Yes,No,Yes,Yes,Yes,No,Yes,Yes
2239-CFOUJ,,Yes,27.5,No,No,,,,,,,,,,
2239-CGBUZ,Offer B,Yes,47.18,No,Yes,Cable,12.0,Yes,Yes,No,Yes,No,No,No,Yes
2239-JALAW,Offer B,Yes,44.5,Yes,Yes,Fiber Optic,47.0,No,Yes,Yes,No,Yes,Yes,Yes,Yes
2240-HSJQD,,Yes,1.27,Yes,Yes,Fiber Optic,13.0,No,Yes,No,No,No,No,No,Yes
2242-MFOTG,,Yes,25.71,Yes,Yes,Fiber Optic,48.0,Yes,No,No,No,No,No,No,Yes
2243-FNMMI,Offer D,Yes,31.02,No,No,,,,,,,,,,
2245-ADZFJ,Offer C,Yes,28.52,Yes,Yes,DSL,2.0,No,Yes,No,Yes,Yes,Yes,Yes,Yes
2249-YPRNG,,Yes,28.79,Yes,Yes,Fiber Optic,16.0,No,Yes,Yes,No,Yes,Yes,Yes,Yes
2250-IVBWA,,Yes,49.49,No,Yes,Fiber Optic,12.0,Yes,Yes,No,No,No,No,No,Yes
2251-PYLPB,Offer A,Yes,45.05,Yes,Yes,Cable,9.0,Yes,Yes,Yes,Yes,No,Yes,Yes,Yes
2252-ISRNH,Offer E,Yes,30.46,Yes,Yes,Fiber Optic,82.0,No,No,Yes,No,Yes,No,No,Yes
2252-JHJGE,Offer B,Yes,45.69,Yes,Yes,Fiber Optic,48.0,Yes,No,Yes,No,Yes,Yes,Yes,Yes
2252-NKNSI,,Yes,32.02,Yes,Yes,DSL,28.0,Yes,Yes,No,Yes,Yes,Yes,Yes,Yes
2253-KPMNB,,No,,,Yes,DSL,69.0,Yes,Yes,Yes,Yes,No,No,No,Yes
2254-DLXRI,Offer E,Yes,18.0,Yes,Yes,Fiber Optic,23.0,No,Yes,No,No,No,No,No,No
2256-YLYLP,,Yes,34.13,No,Yes,DSL,25.0,No,No,Yes,Yes,Yes,Yes,Yes,Yes
2257-BOVXD,,Yes,22.14,Yes,Yes,DSL,11.0,No,No,No,Yes,Yes,No,No,Yes
2259-OUUSZ,Offer E,No,,,Yes,DSL,48.0,No,No,Yes,Yes,No,No,No,Yes
2260-USTRB,,Yes,9.55,No,Yes,Fiber Optic,28.0,No,No,No,No,No,No,No,Yes
2262-SLNVK,,Yes,1.15,No,Yes,Fiber Optic,23.0,No,No,No,No,No,No,No,Yes
2263-SFSQZ,,Yes,16.85,Yes,No,,,,,,,,,,
2265-CYWIV,,Yes,18.91,Yes,Yes,Fiber Optic,20.0,Yes,No,No,No,Yes,Yes,No,Yes
2266-FUBDZ,,Yes,46.47,No,No,,,,,,,,,,
2266-SJNAT,Offer A,Yes,11.85,Yes,Yes,Fiber Optic,82.0,No,Yes,Yes,Yes,Yes,Yes,Yes,Yes
2267-FPIMA,Offer B,Yes,17.58,Yes,Yes,Fiber Optic,47.0,Yes,Yes,No,No,No,Yes,Yes,Yes
2267-WTPYD,,Yes,23.05,Yes,Yes,Fiber Optic,30.0,No,Yes,Yes,No,No,Yes,No,Yes
2270-CHBFN,Offer B,Yes,32.72,Yes,Yes,Fiber Optic,6.0,Yes,Yes,Yes,Yes,No,No,No,Yes
2272-JKMSI,Offer B,Yes,13.25,Yes,Yes,Fiber Optic,57.0,No,Yes,Yes,Yes,Yes,Yes,Yes,Yes
2272-QAGFO,,Yes,35.07,Yes,Yes,Fiber Optic,10.0,No,No,No,No,No,No,No,Yes
2272-UOINI,Offer E,Yes,3.34,No,Yes,Cable,13.0,Yes,Yes,No,Yes,Yes,Yes,Yes,Yes
2272-WUSPA,,Yes,39.74,Yes,Yes,Fiber Optic,5.0,Yes,Yes,Yes,No,Yes,Yes,Yes,Yes
2273-QCKXA,,Yes,25.77,No,Yes,Cable,5.0,No,No,No,Yes,No,No,No,Yes
2274-XUATA,Offer A,No,,,Yes,Cable,26.0,Yes,Yes,Yes,Yes,Yes,Yes,Yes,Yes
2275-RBYQS,Offer E,Yes,49.33,No,Yes,DSL,21.0,No,No,No,No,No,No,No,Yes
2276-YDAVZ,Offer E,Yes,26.52,Yes,Yes,Fiber Optic,10.0,No,No,No,No,No,No,No,Yes
2277-AXSDC,,Yes,43.8,No,No,,,,,,,,,,
2277-BKJKN,,Yes,22.0,No,Yes,Fiber Optic,27.0,No,Yes,Yes,No,Yes,Yes,Yes,Yes
2277-DJJDL,Offer B,Yes,10.4,Yes,Yes,Fiber Optic,5.0,No,No,No,Yes,Yes,Yes,No,No
2277-VWCNI,,Yes,31.13,Yes,Yes,DSL,15.0,No,No,No,No,No,No,No,Yes
2279-AXJJK,,Yes,8.94,Yes,Yes,Fiber Optic,85.0,No,Yes,No,Yes,No,Yes,Yes,Yes
2282-YGNOR,,Yes,14.46,No,Yes,DSL,25.0,Yes,No,Yes,Yes,No,No,No,Yes
2284-VFLKH,Offer B,Yes,33.93,No,Yes,Fiber Optic,27.0,No,No,Yes,Yes,Yes,Yes,Yes,Yes
2292-XQWSV,,No,,,Yes,DSL,26.0,No,Yes,Yes,Yes,Yes,Yes,Yes,Yes
2293-IJWPS,Offer B,Yes,3.72,Yes,Yes,Fiber Optic,11.0,No,No,Yes,No,Yes,Yes,Yes,Yes
2294-DMMUS,,Yes,36.54,Yes,Yes,DSL,41.0,No,No,No,No,Yes,Yes,Yes,Yes
2294-SALNE,Offer D,Yes,16.63,No,Yes,Fiber Optic,22.0,No,Yes,Yes,Yes,No,No,No,No
2296-DKZFP,Offer B,Yes,1.29,No,Yes,DSL,51.0,Yes,Yes,Yes,No,No,Yes,Yes,Yes
2300-RQGOI,Offer C,Yes,41.63,No,No,,,,,,,,,,
2302-ANTDP,,Yes,43.04,Yes,Yes,Fiber Optic,5.0,Yes,Yes,Yes,Yes,Yes,Yes,No,Yes
2302-OUZXB,Offer A,Yes,22.01,Yes,Yes,DSL,5.0,No,Yes,Yes,No,Yes,Yes,Yes,Yes
2303-PJYHN,Offer E,Yes,36.05,No,No,,,,,,,,,,
2305-MRGLV,,Yes,21.91,No,Yes,Fiber Optic,5.0,No,No,No,Yes,No,No,No,Yes
2307-FYNNL,,Yes,4.4,Yes,Yes,Fiber Optic,10.0,Yes,No,Yes,Yes,Yes,Yes,Yes,Yes
2308-STERM,,Yes,6.65,No,No,,,,,,,,,,
2309-OSFEU,,No,,,Yes,DSL,30.0,No,No,No,No,No,Yes,Yes,Yes
2311-QYMUQ,,Yes,31.73,No,Yes,Fiber Optic,25.0,No,Yes,Yes,No,Yes,No,No,Yes
2314-TNDJQ,Offer A,No,,,Yes,Cable,59.0,Yes,Yes,Yes,Yes,No,Yes,Yes,Yes
2316-ESMLS,,No,,,Yes,DSL,27.0,Yes,No,No,Yes,No,No,No,Yes
2320-JRSDE,,Yes,7.49,No,No,,,,,,,,,,
2320-SLKMB,,No,,,Yes,Cable,29.0,No,No,Yes,Yes,Yes,No,No,Yes
2320-TZRRH,,Yes,38.74,No,No,,,,,,,,,,
2320-YKQBO,,Yes,7.32,No,No,,,,,,,,,,
2321-OMBXY,Offer C,Yes,42.14,No,Yes,DSL,19.0,Yes,Yes,No,Yes,Yes,Yes,Yes,Yes
2322-VCZHZ,Offer D,Yes,31.53,No,Yes,Fiber Optic,20.0,Yes,Yes,No,No,No,Yes,No,Yes
2323-ARSVR,,Yes,46.89,No,Yes,Fiber Optic,29.0,Yes,Yes,Yes,Yes,Yes,Yes,Yes,Yes
2324-AALNO,Offer B,Yes,23.76,Yes,No,,,,,,,,,,
2324-EFHVG,,Yes,45.82,Yes,Yes,Fiber Optic,14.0,No,Yes,Yes,No,Yes,Yes,Yes,Yes
2325-NBPZG,,Yes,10.1,No,Yes,Fiber Optic,73.0,Yes,No,No,No,No,No,No,Yes
2325-WINES,,Yes,14.21,Yes,Yes,Fiber Optic,28.0,No,Yes,Yes,No,Yes,Yes,Yes,Yes
2325-ZUSFD,Offer B,Yes,36.65,No,Yes,DSL,7.0,Yes,No,No,No,Yes,Yes,Yes,Yes
2330-PQGDQ,,Yes,9.5,Yes,Yes,Fiber Optic,51.0,No,Yes,No,Yes,No,No,No,Yes
2332-EFBJY,Offer D,Yes,5.74,No,No,,,,,,,,,,
2332-TODQS,Offer B,Yes,34.96,Yes,No,,,,,,,,,,
2333-KWEWW,,Yes,26.26,No,No,,,,,,,,,,
2335-GSODA,,No,,,Yes,DSL,26.0,Yes,No,Yes,Yes,No,No,No,Yes
2338-BQEZT,Offer B,Yes,3.62,No,Yes,DSL,17.0,Yes,No,No,No,No,No,No,Yes
2342-CKIAO,,Yes,12.68,No,No,,,,,,,,,,
2344-JMOGN,,Yes,17.47,No,Yes,Fiber Optic,6.0,No,Yes,Yes,Yes,Yes,No,No,Yes
2346-CZYIL,Offer C,Yes,39.77,No,No,,,,,,,,,,
2346-DJQTB,,No,,,Yes,DSL,21.0,No,No,No,No,No,No,No,No
2346-LOCWC,,Yes,25.86,No,No,,,,,,,,,,
2347-WKKAE,,Yes,41.16,Yes,Yes,Fiber Optic,11.0,Yes,No,Yes,No,No,Yes,Yes,Yes
2348-KCJLT,Offer B,Yes,44.87,No,Yes,Cable,20.0,Yes,Yes,Yes,No,No,No,No,No
2351-BKRZW,,Yes,29.98,No,Yes,Cable,59.0,Yes,No,Yes,No,Yes,Yes,Yes,Yes
2351-RRBUE,Offer E,Yes,41.64,No,No,,,,,,,,,,
2357-COQEK,,Yes,28.14,Yes,Yes,Fiber Optic,10.0,No,No,Yes,Yes,Yes,Yes,No,Yes
2359-KLTEK,,Yes,43.19,No,Yes,Fiber Optic,59.0,No,No,Yes,No,Yes,Yes,Yes,Yes
2359-KMGLI,Offer C,Yes,49.3,Yes,Yes,Fiber Optic,20.0,No,Yes,No,No,No,No,No,Yes
2359-QWQUL,,Yes,9.51,No,Yes,Fiber Optic,7.0,Yes,No,Yes,Yes,Yes,Yes,Yes,Yes
2360-RDGRO,,Yes,41.2,Yes,Yes,Fiber Optic,10.0,Yes,No,Yes,No,Yes,Yes,Yes,Yes
2361-FJWNO,,No,,,Yes,Cable,12.0,No,Yes,No,Yes,No,No,No,No
2361-UPSND,,Yes,44.75,No,Yes,DSL,27.0,Yes,Yes,No,Yes,No,Yes,Yes,Yes
2362-IBOOY,Offer C,Yes,43.97,Yes,Yes,Fiber Optic,42.0,No,No,No,No,No,Yes,Yes,Yes
2363-BJLSL,Offer B,Yes,48.72,No,Yes,DSL,2.0,No,Yes,Yes,Yes,Yes,Yes,Yes,Yes
2364-UFROM,,Yes,32.41,No,Yes,Cable,22.0,Yes,Yes,No,Yes,Yes,No,No,Yes
2368-GAKKQ,Offer A,Yes,17.32,Yes,Yes,Fiber Optic,30.0,Yes,Yes,Yes,Yes,Yes,Yes,Yes,Yes
2369-FEVNO,,Yes,7.76,No,No,,,,,,,,,,
2369-UAPKZ,Offer E,Yes,38.89,Yes,Yes,Fiber Optic,8.0,No,Yes,Yes,No,Yes,Yes,Yes,Yes
2371-JQHZZ,,Yes,46.91,Yes,Yes,Fiber Optic,20.0,No,No,No,No,Yes,Yes,Yes,No
2371-JUNGC,Offer D,Yes,28.62,No,No,,,,,,,,,,
2371-KFUOG,Offer B,Yes,32.67,No,Yes,Fiber Optic,14.0,Yes,Yes,No,No,Yes,Yes,Yes,Yes
2372-HWUHI,Offer E,Yes,46.84,No,Yes,DSL,3.0,No,No,No,No,No,No,No,Yes
2373-NTKOD,Offer E,Yes,25.72,No,Yes,Cable,24.0,No,No,No,No,Yes,Yes,Yes,Yes
2378-HTWFW,,Yes,26.19,Yes,Yes,Fiber Optic,19.0,Yes,No,No,No,No,Yes,No,No
2378-VTKDH,Offer B,Yes,8.59,Yes,Yes,Fiber Optic,7.0,No,Yes,Yes,No,Yes,Yes,No,Yes
2378-YIZKA,,Yes,6.28,No,Yes,DSL,16.0,Yes,Yes,Yes,Yes,Yes,Yes,Yes,No
2379-ENZGV,Offer E,Yes,39.32,No,Yes,Fiber Optic,12.0,No,Yes,No,No,Yes,No,No,Yes
2379-GYFLQ,,Yes,22.13,Yes,Yes,Fiber Optic,22.0,No,Yes,Yes,No,Yes,No,No,Yes
2380-DAMQP,,Yes,40.59,Yes,Yes,Fiber Optic,25.0,Yes,Yes,Yes,Yes,Yes,Yes,Yes,Yes
2382-BCKQJ,Offer B,Yes,32.58,Yes,Yes,Fiber Optic,15.0,No,No,Yes,No,Yes,Yes,Yes,Yes
2384-OVPSA,,Yes,4.09,No,No,,,,,,,,,,
2386-LAHRK,,Yes,14.58,No,Yes,DSL,73.0,No,No,No,No,Yes,No,No,Yes
2386-OWURY,,Yes,35.55,No,Yes,Fiber Optic,73.0,No,No,No,Yes,Yes,Yes,Yes,Yes
2387-KDZQY,,Yes,31.6,No,No,,,,,,,,,,
2388-LAESQ,Offer A,Yes,28.72,Yes,Yes,Fiber Optic,25.0,Yes,Yes,Yes,Yes,Yes,Yes,No,Yes
2391-IPLOP,Offer B,Yes,14.32,Yes,Yes,Cable,58.0,No,No,Yes,Yes,Yes,No,No,Yes
2391-SOORI,Offer E,Yes,26.04,No,Yes,DSL,27.0,Yes,No,No,No,No,No,No,Yes
2393-DIVAI,Offer E,Yes,15.37,No,No,,,,,,,,,,
2397-BRLOM,,Yes,26.99,No,Yes,Fiber Optic,2.0,No,No,No,No,Yes,No,No,Yes
2398-YPMUR,,Yes,37.86,No,Yes,Fiber Optic,19.0,No,No,No,No,No,No,No,No
2400-FEQME,Offer B,Yes,40.94,No,No,,,,,,,,,,
2400-XIWIO,,Yes,22.33,Yes,Yes,Cable,71.0,Yes,Yes,Yes,Yes,Yes,Yes,Yes,Yes
2402-TAIRZ,,Yes,9.61,No,Yes,Fiber Optic,11.0,No,Yes,Yes,No,No,No,No,Yes
2403-BCASL,Offer B,Yes,45.04,Yes,Yes,Cable,29.0,No,Yes,Yes,Yes,Yes,Yes,No,Yes
2404-JIBFC,,Yes,8.39,Yes,Yes,DSL,52.0,Yes,No,Yes,Yes,Yes,Yes,Yes,Yes
2405-LBMUW,Offer B,No,,,Yes,DSL,59.0,Yes,Yes,No,Yes,No,Yes,Yes,No
2408-PSJVE,,Yes,37.68,No,Yes,DSL,24.0,No,Yes,Yes,Yes,No,No,No,Yes
2408-TZMJL,Offer B,Yes,22.71,Yes,Yes,Fiber Optic,26.0,Yes,Yes,Yes,No,Yes,Yes,Yes,Yes
2408-WITXK,Offer D,No,,,Yes,DSL,4.0,No,No,No,No,No,Yes,No,Yes
2410-CIYFZ,,Yes,49.53,No,No,,,,,,,,,,
2418-TPEUN,Offer B,Yes,48.56,No,No,,,,,,,,,,
2419-FSORS,Offer A,Yes,10.68,Yes,Yes,Fiber Optic,59.0,No,Yes,Yes,Yes,Yes,Yes,Yes,Yes
2424-WVHPL,,Yes,27.65,No,Yes,Fiber Optic,2.0,No,No,No,Yes,No,No,No,Yes
2428-HYUNX,,Yes,1.89,No,No,,,,,,,,,,
2428-ZMCTB,Offer D,Yes,20.29,No,No,,,,,,,,,,
2429-AYKKO,Offer A,Yes,3.43,No,No,,,,,,,,,,
2430-RRYUW,Offer A,Yes,11.56,No,Yes,DSL,30.0,Yes,Yes,No,No,No,No,No,Yes
2430-USGXP,,Yes,34.62,Yes,Yes,Fiber Optic,23.0,No,No,Yes,No,Yes,Yes,Yes,Yes
2432-TFSMK,,Yes,34.78,Yes,Yes,Fiber Optic,2.0,No,No,Yes,No,Yes,No,No,Yes
2433-KMEAS,Offer D,Yes,7.28,Yes,Yes,DSL,7.0,Yes,No,No,No,No,No,No,Yes
2434-EEVDB,Offer B,Yes,1.27,Yes,Yes,Fiber Optic,13.0,Yes,No,Yes,No,Yes,No,No,Yes
2436-QBZFP,,No,,,Yes,DSL,19.0,No,Yes,No,No,Yes,No,No,No
2439-LYPMQ,Offer C,Yes,4.75,Yes,Yes,Fiber Optic,24.0,No,Yes,Yes,No,Yes,Yes,No,Yes
2439-QKJUL,,Yes,7.83,No,No,,,,,,,,,,
2446-BEGGB,,Yes,47.35,Yes,Yes,Fiber Optic,29.0,No,Yes,No,No,Yes,Yes,Yes,Yes
2446-PLQVO,Offer E,Yes,5.67,No,Yes,Fiber Optic,7.0,No,No,No,No,No,No,No,Yes
2446-ZKVAF,,Yes,1.28,Yes,Yes,DSL,30.0,No,Yes,No,No,No,No,No,Yes
2450-ZKEED,Offer D,Yes,7.42,No,Yes,DSL,17.0,No,No,Yes,Yes,No,No,No,Yes
2451-YMUXS,Offer A,Yes,28.88,Yes,Yes,DSL,11.0,Yes,Yes,No,Yes,No,No,No,Yes
2452-KDRRH,,Yes,38.85,Yes,Yes,Fiber Optic,19.0,No,No,Yes,No,Yes,Yes,No,Yes
2452-MRMZF,,Yes,8.48,Yes,No,,,,,,,,,,
2452-SNHFZ,,Yes,48.03,No,Yes,Fiber Optic,69.0,Yes,No,No,No,No,No,No,Yes
2453-SAFNS,Offer B,Yes,45.43,Yes,Yes,Cable,2.0,No,Yes,No,Yes,Yes,No,No,Yes
2454-RPBRZ,Offer D,Yes,30.63,Yes,Yes,Fiber Optic,27.0,No,Yes,Yes,No,Yes,No,No,Yes
2455-USLMV,Offer C,Yes,24.21,Yes,Yes,Fiber Optic,48.0,Yes,No,Yes,No,No,No,No,Yes
2458-EOMRE,Offer D,Yes,40.96,No,Yes,DSL,52.0,Yes,No,Yes,No,No,Yes,Yes,No
2460-FPSYH,,No,,,Yes,Cable,6.0,Yes,Yes,No,No,Yes,Yes,Yes,No
2460-NGXBJ,,Yes,28.64,Yes,Yes,Fiber Optic,22.0,No,No,No,No,No,No,No,Yes
2462-XIIJB,,Yes,3.25,Yes,Yes,Fiber Optic,25.0,No,No,Yes,No,Yes,No,No,Yes
2465-BLLEU,Offer E,Yes,10.22,No,No,,,,,,,,,,
2466-FCCPT,,Yes,7.31,No,No,,,,,,,,,,
2466-NEJOJ,Offer E,Yes,26.17,No,No,,,,,,,,,,
2468-SJFLM,,Yes,39.55,No,Yes,Fiber Optic,21.0,No,No,No,Yes,No,No,No,Yes
2469-DTSGX,Offer A,Yes,44.81,Yes,Yes,Fiber Optic,14.0,No,Yes,Yes,Yes,Yes,Yes,No,Yes
2472-OVKUP,,Yes,42.08,No,Yes,Fiber Optic,29.0,No,Yes,Yes,No,No,Yes,Yes,Yes
2474-BRUCM,,Yes,2.85,Yes,Yes,Fiber Optic,3.0,Yes,No,No,No,Yes,Yes,No,Yes
2474-LCNUE,Offer D,Yes,14.53,Yes,Yes,Cable,48.0,No,No,No,Yes,Yes,Yes,Yes,Yes
2475-MROZF,Offer C,Yes,2.87,Yes,Yes,Fiber Optic,29.0,Yes,Yes,Yes,Yes,No,No,No,Yes
2476-YGEFM,,Yes,7.01,Yes,Yes,Fiber Optic,42.0,No,No,No,No,No,No,No,Yes
2478-EEWWM,Offer B,No,,,Yes,DSL,53.0,No,No,No,No,Yes,Yes,Yes,No
2479-BRAMR,Offer B,Yes,45.84,Yes,Yes,Fiber Optic,18.0,Yes,No,Yes,No,No,No,No,Yes
2480-EJWYP,Offer B,Yes,45.37,Yes,Yes,Fiber Optic,28.0,No,Yes,No,No,Yes,Yes,No,Yes
2480-JZOSN,,Yes,35.24,No,No,,,,,,,,,,
2480-SQIOB,Offer E,Yes,25.9,No,Yes,DSL,19.0,No,No,No,No,No,No,No,Yes
2481-SBOYW,Offer B,Yes,32.05,Yes,No,,,,,,,,,,
2482-CZGBB,,Yes,27.28,No,Yes,Fiber Optic,27.0,No,No,No,No,No,No,No,Yes
2483-XSSMZ,,Yes,25.33,No,Yes,DSL,82.0,Yes,No,No,No,No,No,No,No
2484-DGXPZ,,Yes,30.07,No,No,,,,,,,,,,
2485-ITVKB,Offer E,No,,,Yes,DSL,12.0,No,No,No,No,No,Yes,Yes,No
2486-WYVVE,,Yes,3.12,Yes,Yes,DSL,6.0,No,No,Yes,Yes,Yes,Yes,Yes,Yes
2495-INZWQ,Offer E,No,,,Yes,Cable,20.0,No,No,No,No,Yes,Yes,Yes,No
2495-KZNFB,,Yes,16.76,Yes,Yes,Fiber Optic,85.0,Yes,No,No,No,No,Yes,Yes,Yes
2495-TTHBQ,,Yes,32.15,No,No,,,,,,,,,,
2498-XLDZR,,Yes,19.76,No,Yes,DSL,59.0,Yes,Yes,Yes,Yes,No,Yes,Yes,Yes
2499-AJYUA,Offer A,Yes,15.85,Yes,Yes,Fiber Optic,2.0,No,Yes,Yes,Yes,Yes,Yes,No,Yes
2501-XWWTZ,,Yes,1.01,No,Yes,Fiber Optic,8.0,No,No,No,No,No,No,No,Yes
2504-DSHIH,,Yes,42.59,Yes,Yes,Fiber Optic,2.0,No,No,No,No,No,Yes,Yes,Yes
2506-CLAKW,Offer E,Yes,20.26,No,Yes,Fiber Optic,26.0,Yes,Yes,Yes,Yes,No,Yes,Yes,Yes
2506-TNFCO,,Yes,12.46,No,Yes,Fiber Optic,22.0,No,No,No,No,No,No,No,Yes
2507-QZPQS,,Yes,9.97,Yes,Yes,Fiber Optic,47.0,No,Yes,No,Yes,No,Yes,Yes,Yes
2509-TFPJU,,Yes,40.04,Yes,No,,,,,,,,,,
2511-ALLCS,,Yes,18.86,Yes,No,,,,,,,,,,
2511-MORQY,Offer B,Yes,10.33,Yes,Yes,DSL,6.0,No,No,Yes,No,No,No,No,Yes
2514-GINMM,Offer E,Yes,48.97,No,Yes,Fiber Optic,23.0,No,No,No,No,Yes,No,No,No
2516-VQRRV,,Yes,23.46,Yes,Yes,Fiber Optic,25.0,No,No,No,No,No,No,No,Yes
2516-XSJKX,,Yes,32.29,No,Yes,DSL,69.0,Yes,Yes,No,Yes,Yes,Yes,Yes,Yes
2519-ERQOJ,Offer C,No,,,Yes,Cable,11.0,No,No,Yes,Yes,Yes,Yes,No,Yes
2519-FAKOD,Offer C,Yes,31.27,Yes,Yes,Fiber Optic,85.0,No,No,Yes,No,Yes,Yes,Yes,Yes
2519-LBNQL,,Yes,22.95,Yes,Yes,Fiber Optic,15.0,No,Yes,Yes,No,Yes,Yes,Yes,Yes
2519-TWKFS,,Yes,47.1,Yes,Yes,DSL,25.0,No,No,No,Yes,No,No,No,Yes
2520-SGTTA,Offer E,Yes,20.05,No,No,,,,,,,,,,
2521-NPUZR,Offer A,Yes,41.05,No,Yes,Fiber Optic,59.0,Yes,Yes,Yes,Yes,No,Yes,Yes,Yes
2522-AHJXR,,Yes,4.59,Yes,Yes,Fiber Optic,9.0,Yes,No,Yes,Yes,Yes,Yes,Yes,Yes
2522-WLNSF,,Yes,12.33,No,Yes,Cable,23.0,No,No,Yes,Yes,Yes,No,No,Yes
2523-EWWZL,Offer C,Yes,39.67,No,Yes,Fiber Optic,59.0,No,Yes,No,No,No,No,No,Yes
2525-GVKQU,Offer B,Yes,47.07,No,No,,,,,,,,,,
2528-HFYZX,,Yes,1.05,No,Yes,Fiber Optic,8.0,No,Yes,No,No,No,No,No,Yes
2530-ENDWQ,Offer A,Yes,40.52,Yes,Yes,Fiber Optic,17.0,No,No,No,No,Yes,Yes,Yes,Yes
2530-FMFXO,Offer B,Yes,42.16,Yes,Yes,Fiber Optic,19.0,No,No,Yes,Yes,Yes,Yes,Yes,Yes
2533-QVMSK,Offer B,Yes,26.94,Yes,Yes,Fiber Optic,11.0,No,Yes,No,Yes,Yes,No,No,Yes
2533-TIBIX,,No,,,Yes,Cable,16.0,Yes,No,No,No,No,No,No,Yes
2535-PBCGC,Offer A,No,,,Yes,Cable,46.0,Yes,Yes,Yes,Yes,Yes,Yes,Yes,Yes
2538-OIMXF,Offer E,No,,,Yes,Cable,48.0,No,No,No,No,No,No,No,No
2541-YGPKE,,Yes,44.95,No,Yes,DSL,69.0,Yes,No,No,Yes,No,Yes,Yes,Yes
2542-HYGIQ,,Yes,38.84,No,No,,,,,,,,,,
2545-EBUPK,Offer E,Yes,21.9,Yes,Yes,Fiber Optic,22.0,No,No,No,No,No,Yes,No,Yes
2545-LXYVJ,Offer A,Yes,21.72,No,No,,,,,,,,,,
2546-KZAAT,,Yes,10.4,No,Yes,DSL,85.0,Yes,Yes,No,No,Yes,Yes,Yes,Yes
2550-AEVRU,,Yes,17.01,No,Yes,DSL,11.0,Yes,Yes,No,No,No,No,No,Yes
2550-QHZGP,Offer E,Yes,30.58,No,No,,,,,,,,,,
2558-BUOZZ,Offer B,Yes,40.25,Yes,Yes,Fiber Optic,20.0,Yes,Yes,No,No,Yes,No,No,Yes
2560-PPCHE,,Yes,26.83,Yes,Yes,Fiber Optic,59.0,No,Yes,No,Yes,Yes,Yes,Yes,Yes
2560-QTSBS,,Yes,18.14,Yes,No,,,,,,,,,,
2560-WBWXF,,Yes,37.79,Yes,No,,,,,,,,,,
2565-JSLRY,,Yes,20.26,Yes,No,,,,,,,,,,
2568-BRGYX,,Yes,13.02,No,Yes,Fiber Optic,15.0,No,No,No,No,No,No,No,Yes
2568-OIADY,,Yes,36.29,Yes,Yes,Fiber Optic,27.0,No,No,Yes,No,Yes,Yes,Yes,Yes
2569-WGERO,,Yes,22.77,No,No,,,,,,,,,,
2573-GYRUU,,Yes,25.19,Yes,Yes,Fiber Optic,22.0,No,No,Yes,No,No,Yes,Yes,Yes
2575-GFSOE,Offer E,Yes,8.95,No,Yes,Fiber Optic,73.0,No,No,No,No,No,No,Yes,Yes
2576-HXMPA,,Yes,8.23,No,No,,,,,,,,,,
2577-GVSIL,,Yes,13.39,Yes,Yes,DSL,20.0,No,No,No,Yes,Yes,Yes,Yes,Yes
2578-JQPHZ,Offer B,Yes,48.95,No,Yes,Fiber Optic,59.0,No,No,Yes,Yes,Yes,Yes,Yes,Yes
2580-ASVVY,,No,,,Yes,DSL,27.0,Yes,No,No,Yes,Yes,No,No,Yes
2580-ATZSQ,Offer B,Yes,19.25,No,Yes,DSL,19.0,Yes,Yes,Yes,No,No,No,No,Yes
2581-VKIRT,,Yes,14.49,Yes,Yes,Cable,25.0,Yes,Yes,No,Yes,No,No,No,Yes
2582-FFFZR,,No,,,Yes,DSL,8.0,No,No,Yes,No,Yes,Yes,Yes,Yes
2585-KTFRE,,Yes,20.1,No,Yes,Cable,21.0,Yes,Yes,No,Yes,No,Yes,Yes,Yes
2586-CWXVV,Offer B,No,,,Yes,Cable,9.0,No,Yes,No,No,No,No,No,Yes
2587-EKXTS,Offer B,Yes,44.45,Yes,Yes,Fiber Optic,19.0,Yes,Yes,Yes,No,Yes,Yes,Yes,Yes
2587-YNLES,Offer E,Yes,25.05,No,No,,,,,,,,,,
2589-AYCRP,Offer B,Yes,37.95,No,No,,,,,,,,,,
2592-HODOV,Offer D,Yes,45.03,No,No,,,,,,,,,,
2592-SEIFQ,,No,,,Yes,DSL,18.0,No,No,No,No,No,No,No,Yes
2592-YKDIF,,Yes,44.09,No,No,,,,,,,,,,
2595-KIWPV,Offer C,Yes,32.28,No,No,,,,,,,,,,
2599-CIPQE,,Yes,28.47,No,Yes,Fiber Optic,57.0,Yes,Yes,Yes,Yes,Yes,Yes,Yes,No
2599-CZABP,Offer D,Yes,44.95,No,Yes,DSL,19.0,No,No,No,No,No,No,No,Yes
2603-HVKCG,Offer C,Yes,19.38,No,Yes,Fiber Optic,76.0,No,Yes,Yes,No,Yes,Yes,Yes,Yes
2604-IJPDU,Offer D,Yes,28.57,No,Yes,Fiber Optic,15.0,Yes,Yes,No,Yes,Yes,No,No,Yes
2604-XVDAM,Offer D,Yes,6.56,No,Yes,DSL,17.0,No,No,No,No,No,No,No,Yes
2606-PKWJB,,No,,,Yes,Cable,57.0,Yes,Yes,No,Yes,No,No,No,Yes
2606-RMDHZ,Offer E,No,,,Yes,DSL,14.0,No,Yes,No,No,No,No,No,Yes
2607-DHDAK,,Yes,38.84,No,No,,,,,,,,,,
2607-FBDFF,,Yes,49.19,No,Yes,DSL,17.0,No,No,No,Yes,No,No,No,Yes
2608-BHKFN,,Yes,12.58,No,Yes,Fiber Optic,19.0,No,No,No,No,No,No,No,Yes
2609-IAICY,,Yes,27.7,Yes,Yes,Fiber Optic,19.0,No,No,No,No,No,No,No,No
2612-PHGOX,,Yes,6.59,Yes,Yes,Cable,20.0,No,Yes,Yes,Yes,Yes,No,No,Yes
2612-RANWT,Offer D,Yes,30.54,Yes,Yes,Fiber Optic,47.0,No,No,Yes,No,Yes,Yes,Yes,Yes
2612-RRIDN,Offer E,Yes,21.62,No,Yes,Fiber Optic,59.0,No,No,No,No,Yes,No,Yes,No
2615-YVMYX,,Yes,30.59,Yes,Yes,Fiber Optic,19.0,Yes,Yes,Yes,No,Yes,Yes,No,No
2616-FLVQC,,Yes,38.96,No,No,,,,,,,,,,
2616-UUTFK,,Yes,19.11,Yes,Yes,DSL,21.0,Yes,Yes,Yes,No,Yes,No,No,Yes
2619-WFQWU,,Yes,2.24,No,Yes,Fiber Optic,6.0,No,No,No,No,No,No,No,Yes
2621-UDNLU,,Yes,11.77,No,No,,,,,,,,,,
2623-DRYAM,,Yes,19.88,Yes,Yes,Fiber Optic,26.0,No,No,Yes,No,Yes,Yes,Yes,Yes
2625-TRCZQ,Offer B,No,,,Yes,DSL,42.0,No,Yes,No,No,Yes,Yes,Yes,Yes
2626-URJFX,Offer E,Yes,8.58,Yes,Yes,DSL,57.0,No,No,No,No,No,No,No,Yes
2626-VEEWG,,Yes,5.48,No,No,,,,,,,,,,
2632-IVXVF,,Yes,14.11,Yes,Yes,Fiber Optic,57.0,Yes,No,Yes,Yes,Yes,Yes,Yes,Yes
2632-TACXW,,Yes,8.91,Yes,No,,,,,,,,,,
2632-UCGVD,,Yes,49.85,Yes,Yes,Fiber Optic,14.0,No,No,No,Yes,Yes,Yes,No,Yes
2634-HCZGT,,Yes,21.67,Yes,Yes,Cable,6.0,Yes,No,No,Yes,No,No,No,No
2636-ALXXZ,Offer E,Yes,45.8,No,Yes,Fiber Optic,10.0,No,No,No,No,No,No,No,Yes
2636-OHFMN,,No,,,Yes,DSL,76.0,No,Yes,No,No,Yes,Yes,Yes,Yes
2636-SJDOU,,Yes,30.27,Yes,Yes,Fiber Optic,12.0,Yes,Yes,No,No,No,No,No,Yes
2637-FKFSY,,Yes,2.66,No,Yes,DSL,7.0,No,No,No,No,No,No,No,Yes
2639-UGMAZ,Offer A,No,,,Yes,DSL,20.0,Yes,Yes,No,No,Yes,Yes,Yes,Yes
2640-LYMOV,Offer E,Yes,9.61,No,No,,,,,,,,,,
2640-PMGFL,,Yes,24.72,Yes,Yes,Fiber Optic,29.0,No,No,No,Yes,No,No,No,Yes
2642-DTVCO,Offer E,Yes,12.18,Yes,Yes,Fiber Optic,6.0,No,No,No,No,No,Yes,No,No
2642-MAWLJ,Offer C,Yes,42.51,No,No,,,,,,,,,,
2645-QTLMB,Offer E,Yes,12.05,No,Yes,Fiber Optic,69.0,No,Yes,No,No,Yes,Yes,Yes,Yes
2649-HWLYB,Offer B,Yes,21.58,Yes,Yes,DSL,13.0,Yes,No,Yes,Yes,No,Yes,Yes,Yes
2650-GYRYL,,Yes,5.86,No,No,,,,,,,,,,
2651-ZCBXV,Offer B,Yes,17.76,Yes,Yes,Fiber Optic,4.0,Yes,Yes,No,Yes,Yes,Yes,Yes,Yes
2654-VBVPB,,Yes,11.83,No,No,,,,,,,,,,
2656-FMOKZ,Offer D,Yes,44.07,Yes,Yes,Fiber Optic,19.0,No,No,No,No,No,No,No,Yes
2656-TABEH,,Yes,28.22,Yes,Yes,Fiber Optic,10.0,No,Yes,No,No,Yes,Yes,Yes,Yes
2657-ALMWY,Offer C,Yes,18.26,No,Yes,Fiber Optic,3.0,No,Yes,No,No,No,Yes,Yes,Yes
2657-VPXTA,,Yes,32.76,No,Yes,Fiber Optic,51.0,No,No,No,No,Yes,Yes,Yes,Yes
2659-VXMWZ,Offer A,Yes,29.24,Yes,Yes,Fiber Optic,21.0,Yes,Yes,Yes,No,Yes,Yes,Yes,Yes
2660-EMUBI,Offer D,Yes,41.37,Yes,Yes,Fiber Optic,14.0,No,No,No,No,Yes,Yes,No,Yes
2661-GKBTK,,Yes,27.2,No,Yes,DSL,21.0,No,Yes,No,Yes,Yes,Yes,Yes,Yes
2662-NNTDK,Offer B,Yes,45.87,Yes,No,,,,,,,,,,
2664-XJZNO,Offer A,Yes,6.95,No,Yes,Fiber Optic,57.0,Yes,No,Yes,Yes,Yes,Yes,Yes,Yes
2665-NPTGL,Offer C,Yes,18.66,Yes,Yes,Fiber Optic,11.0,No,No,Yes,No,Yes,Yes,No,Yes
2667-WYLWJ,Offer E,Yes,46.13,No,No,,,,,,,,,,
2668-TZSPS,,Yes,39.61,No,No,,,,,,,,,,
2669-OIDSD,Offer B,Yes,1.02,No,Yes,Fiber Optic,2.0,No,No,Yes,Yes,Yes,Yes,Yes,Yes
2669-QVCRG,,Yes,7.83,Yes,Yes,Fiber Optic,19.0,Yes,No,No,No,No,No,No,Yes
2672-DZUOY,Offer E,No,,,Yes,DSL,5.0,No,No,No,No,No,No,No,Yes
2672-HUYVI,,Yes,11.81,No,Yes,Fiber Optic,24.0,No,No,No,No,Yes,Yes,Yes,Yes
2672-OJQZP,,Yes,40.87,No,Yes,Cable,21.0,No,No,No,No,No,No,No,Yes
2672-TGEFF,Offer C,Yes,1.08,Yes,Yes,Fiber Optic,16.0,No,Yes,No,No,Yes,No,No,Yes
2673-CXQEU,,Yes,47.13,Yes,Yes,Fiber Optic,29.0,Yes,Yes,Yes,No,Yes,Yes,No,Yes
2673-ZALNP,Offer E,Yes,16.2,No,No,,,,,,,,,,
2674-MIAHT,,Yes,38.74,Yes,Yes,Fiber Optic,51.0,No,Yes,No,No,No,No,No,Yes
2674-MLXMN,Offer A,Yes,34.36,Yes,Yes,Fiber Optic,13.0,No,Yes,No,No,Yes,Yes,No,Yes
2675-DHUTR,,Yes,31.11,Yes,Yes,Fiber Optic,4.0,No,Yes,No,No,Yes,Yes,No,Yes
2675-IJRGJ,,Yes,23.17,No,No,,,,,,,,,,
2675-OTVVJ,Offer C,Yes,46.06,Yes,Yes,Fiber Optic,18.0,Yes,No,No,No,Yes,No,No,Yes
2676-ISHSF,,Yes,29.19,No,No,,,,,,,,,,
2676-OXPPQ,,Yes,3.16,No,Yes,DSL,41.0,Yes,Yes,No,No,No,No,No,Yes
2676-SSLTO,,Yes,17.77,Yes,Yes,DSL,13.0,No,No,No,Yes,Yes,No,No,Yes
2680-XKKNJ,,Yes,17.52,No,Yes,DSL,28.0,Yes,Yes,No,Yes,No,No,No,No
2682-KEVRP,,Yes,34.39,No,No,,,,,,,,,,
2683-BPJSO,,Yes,28.37,Yes,Yes,Fiber Optic,12.0,Yes,Yes,No,No,No,No,No,Yes
2683-JXWQQ,,No,,,Yes,DSL,76.0,Yes,No,Yes,No,No,No,No,No
2684-EIWEO,,Yes,45.88,Yes,Yes,Fiber Optic,19.0,Yes,Yes,Yes,No,No,No,No,Yes
2685-SREOM,,Yes,23.24,Yes,Yes,Fiber Optic,25.0,No,No,Yes,No,No,Yes,Yes,Yes
2688-BHGOG,Offer E,Yes,24.85,No,Yes,Fiber Optic,15.0,No,No,No,No,No,Yes,No,No
2690-DVRVK,,Yes,41.21,No,No,,,,,,,,,,
2691-NZETQ,Offer E,Yes,49.14,Yes,Yes,Fiber Optic,58.0,No,No,No,No,Yes,No,No,Yes
2692-AQCPF,Offer B,Yes,41.34,Yes,Yes,Fiber Optic,15.0,No,Yes,Yes,Yes,Yes,Yes,Yes,Yes
2692-BUCFV,Offer C,Yes,6.59,No,Yes,Fiber Optic,21.0,No,Yes,Yes,No,Yes,Yes,No,No
2692-PFYTJ,,Yes,15.22,Yes,No,,,,,,,,,,
2694-CIUMO,Offer D,Yes,21.93,Yes,Yes,Fiber Optic,16.0,No,No,No,Yes,No,No,No,Yes
2696-ECXKC,Offer B,Yes,41.18,Yes,Yes,Fiber Optic,18.0,Yes,No,No,No,Yes,Yes,Yes,Yes
2696-NARTR,,Yes,44.94,No,Yes,Fiber Optic,25.0,No,No,No,Yes,No,No,No,Yes
2696-RZVZW,Offer A,Yes,25.19,Yes,No,,,,,,,,,,
2697-NQBPF,,Yes,28.0,Yes,Yes,Fiber Optic,18.0,No,Yes,No,Yes,Yes,Yes,Yes,Yes
2700-LUEVA,,Yes,36.28,No,No,,,,,,,,,,
2703-AMTUL,,Yes,8.0,No,Yes,Cable,19.0,Yes,Yes,No,No,No,No,No,Yes
2706-QZIHY,,Yes,46.68,Yes,No,,,,,,,,,,
2709-UQGNP,,Yes,49.04,No,Yes,Cable,23.0,Yes,No,No,No,No,No,No,Yes
2710-WYVXG,,Yes,37.0,No,Yes,DSL,22.0,Yes,Yes,No,Yes,No,Yes,Yes,Yes
2712-SYWAY,Offer E,Yes,43.84,Yes,No,,,,,,,,,,
2716-GFZOR,Offer B,Yes,7.63,No,Yes,Fiber Optic,20.0,Yes,Yes,Yes,No,No,No,No,Yes
2717-HVIZY,Offer E,Yes,15.66,No,No,,,,,,,,,,
2718-GAXQD,Offer E,Yes,42.13,No,Yes,Cable,52.0,No,No,No,No,No,No,No,Yes
2718-YSKCS,Offer A,Yes,16.13,No,No,,,,,,,,,,
2719-BDAQO,,Yes,4.51,No,Yes,Fiber Optic,13.0,Yes,No,No,No,Yes,Yes,Yes,Yes
2720-FVBQP,Offer E,Yes,24.83,Yes,Yes,Cable,82.0,No,No,No,No,No,No,No,Yes
2720-WGKHP,Offer E,Yes,20.99,Yes,Yes,Fiber Optic,22.0,No,No,No,No,Yes,Yes,Yes,Yes
2722-JMONI,Offer E,Yes,24.24,No,Yes,Cable,9.0,Yes,No,No,No,No,No,No,Yes
2722-VOJQL,,Yes,24.23,Yes,Yes,Fiber Optic,73.0,No,Yes,No,Yes,Yes,Yes,Yes,Yes
2724-FJDYW,,No,,,Yes,DSL,29.0,No,No,Yes,Yes,Yes,Yes,Yes,Yes
2725-IWWBA,Offer B,Yes,38.45,No,Yes,DSL,15.0,Yes,No,Yes,Yes,No,No,No,Yes
2725-KXXWT,Offer E,Yes,23.06,No,Yes,Fiber Optic,52.0,No,No,No,No,Yes,Yes,Yes,Yes
2725-TTRIQ,Offer A,Yes,37.84,Yes,Yes,Cable,53.0,Yes,No,Yes,Yes,Yes,Yes,Yes,Yes
2729-VNVAP,,Yes,12.51,No,No,,,,,,,,,,
2731-GJRDG,,Yes,4.61,Yes,Yes,Fiber Optic,12.0,Yes,No,Yes,Yes,Yes,Yes,Yes,Yes
2732-ISEZX,,Yes,24.61,No,No,,,,,,,,,,
2737-WFVYW,,No,,,Yes,DSL,48.0,No,No,No,No,Yes,Yes,Yes,No
2737-YNGYW,Offer E,Yes,33.89,No,Yes,Fiber Optic,41.0,No,No,No,No,No,Yes,Yes,Yes
2739-CACDQ,Offer D,Yes,1.06,Yes,Yes,Fiber Optic,25.0,No,No,Yes,No,No,No,No,Yes
2739-CCZMB,,Yes,8.01,No,No,,,,,,,,,,
2740-JFBOK,Offer D,Yes,3.01,Yes,No,,,,,,,,,,
2740-TVLFN,Offer E,Yes,39.87,Yes,Yes,DSL,2.0,No,No,No,No,No,No,No,Yes
2746-DIJLO,Offer B,Yes,36.47,Yes,Yes,DSL,8.0,No,Yes,No,No,No,No,No,Yes
2748-MYRVK,Offer B,Yes,8.38,Yes,Yes,Fiber Optic,59.0,No,Yes,No,No,Yes,Yes,Yes,Yes
2749-CTKAJ,,Yes,48.06,No,No,,,,,,,,,,
2750-BJLSB,Offer B,Yes,2.45,No,Yes,Fiber Optic,13.0,Yes,No,Yes,Yes,Yes,Yes,Yes,Yes
2753-JMMCV,Offer B,Yes,22.23,Yes,Yes,DSL,18.0,No,Yes,Yes,Yes,No,Yes,Yes,Yes
2754-SDJRD,Offer E,Yes,39.86,Yes,Yes,Fiber Optic,23.0,No,No,No,Yes,Yes,Yes,Yes,Yes
2754-VDLTR,Offer D,Yes,35.63,Yes,Yes,Fiber Optic,18.0,No,No,No,No,Yes,Yes,Yes,Yes
2754-XBHTB,,Yes,22.88,No,Yes,Fiber Optic,23.0,No,No,No,No,Yes,No,No,Yes
2758-RNWXS,Offer C,Yes,49.61,No,Yes,Fiber Optic,26.0,Yes,No,No,Yes,No,Yes,Yes,Yes
2761-OCIAX,,Yes,6.51,No,Yes,Fiber Optic,11.0,No,Yes,No,No,No,No,No,Yes
2761-XECQW,,No,,,Yes,Cable,27.0,No,Yes,Yes,No,No,Yes,No,Yes
2770-NSVDG,Offer C,No,,,Yes,DSL,51.0,No,No,Yes,No,No,No,No,Yes
2773-MADBQ,,No,,,Yes,Cable,9.0,Yes,Yes,Yes,Yes,No,Yes,Yes,Yes
2773-OVBPK,Offer A,Yes,21.71,Yes,Yes,Fiber Optic,30.0,No,Yes,Yes,Yes,Yes,Yes,Yes,Yes
2774-LVQUS,,Yes,44.13,Yes,Yes,Fiber Optic,3.0,No,No,Yes,Yes,No,No,No,No
2775-SEFEE,,Yes,29.95,Yes,Yes,DSL,19.0,Yes,Yes,No,Yes,No,No,No,Yes
2777-PHDEI,,Yes,29.41,No,Yes,Fiber Optic,59.0,No,No,No,No,Yes,No,Yes,No
2778-OCLGR,,No,,,Yes,DSL,5.0,Yes,No,No,No,No,Yes,No,Yes
2782-JEEBU,,No,,,Yes,DSL,9.0,No,Yes,No,Yes,No,No,No,Yes
2782-LFZVW,Offer D,Yes,24.57,Yes,Yes,Cable,10.0,No,No,No,No,No,Yes,Yes,No
2786-GCDPI,Offer B,Yes,17.65,Yes,Yes,Fiber Optic,29.0,No,No,Yes,Yes,Yes,Yes,No,Yes
2788-CJQAQ,Offer D,Yes,22.31,No,No,,,,,,,,,,
2789-CZANW,Offer B,Yes,21.16,Yes,Yes,Fiber Optic,23.0,Yes,Yes,No,Yes,Yes,Yes,Yes,Yes
2789-HQBOU,Offer E,Yes,49.63,No,Yes,Fiber Optic,26.0,No,No,No,No,No,Yes,Yes,Yes
2790-XUYMV,,Yes,31.89,Yes,Yes,Fiber Optic,30.0,Yes,Yes,No,No,No,No,No,Yes
2791-SFVEW,Offer E,Yes,34.79,No,No,,,,,,,,,,
2792-LSHWX,,Yes,43.06,No,Yes,Fiber Optic,9.0,Yes,Yes,No,Yes,No,No,No,Yes
2792-VPPET,,Yes,37.01,No,No,,,,,,,,,,
2794-XIMMO,,No,,,Yes,DSL,13.0,No,Yes,Yes,Yes,Yes,Yes,Yes,Yes
2796-NNUFI,,Yes,30.47,No,No,,,,,,,,,,
2796-UUZZO,Offer B,Yes,18.88,No,Yes,Fiber Optic,48.0,No,Yes,Yes,No,No,No,No,No
2798-NYLMZ,Offer A,Yes,31.97,Yes,Yes,Fiber Optic,73.0,Yes,No,Yes,Yes,Yes,Yes,Yes,Yes
2799-ARNLO,Offer E,Yes,9.56,No,Yes,Fiber Optic,13.0,No,No,No,No,No,No,No,Yes
2799-TSLAG,,Yes,34.03,Yes,No,,,,,,,,,,
2800-QQUSO,,Yes,25.69,Yes,Yes,Fiber Optic,13.0,No,No,No,Yes,Yes,Yes,Yes,Yes
2800-VEQXM,,Yes,12.5,No,Yes,Fiber Optic,4.0,No,No,Yes,No,No,No,No,Yes
2801-NISEI,,Yes,30.07,No,Yes,DSL,69.0,Yes,No,No,Yes,No,No,No,Yes
2804-ETQDK,,Yes,20.63,No,No,,,,,,,,,,
2805-AUFQN,Offer C,Yes,13.93,No,No,,,,,,,,,,
2805-EDJPQ,,Yes,20.53,Yes,Yes,Fiber Optic,19.0,No,Yes,Yes,Yes,No,Yes,Yes,Yes
2806-MLNTI,,Yes,29.15,Yes,Yes,Fiber Optic,9.0,No,Yes,Yes,No,Yes,Yes,Yes,Yes
2808-CHTDM,,Yes,35.86,Yes,No,,,,,,,,,,
2809-ILCYT,,Yes,3.6,Yes,No,,,,,,,,,,
2809-ZMYOQ,,Yes,41.53,Yes,Yes,Fiber Optic,28.0,No,No,Yes,No,Yes,Yes,Yes,Yes
2810-FTLEM,,Yes,14.26,No,Yes,DSL,53.0,Yes,No,No,No,No,No,No,Yes
2811-POVEX,,Yes,2.03,No,Yes,Fiber Optic,53.0,No,Yes,Yes,No,No,Yes,No,Yes
2812-ENYMO,Offer C,No,,,Yes,Cable,82.0,Yes,No,No,Yes,Yes,Yes,Yes,Yes
2812-REYAT,,Yes,22.1,No,No,,,,,,,,,,
2812-SFXMJ,,Yes,7.66,No,No,,,,,,,,,,
2815-CPTUL,,Yes,2.27,No,Yes,Fiber Optic,17.0,No,No,No,No,No,No,No,Yes
2817-LVCPP,,Yes,12.62,No,No,,,,,,,,,,
2817-NTQDO,Offer D,No,,,Yes,DSL,17.0,Yes,No,No,Yes,Yes,No,No,Yes
2819-GWENI,Offer C,Yes,21.91,No,No,,,,,,,,,,
2821-WARNZ,,Yes,45.64,No,No,,,,,,,,,,
2823-LKABH,,Yes,7.42,Yes,Yes,Fiber Optic,12.0,No,No,Yes,Yes,No,Yes,Yes,Yes
2824-DXNKN,Offer A,Yes,38.99,Yes,Yes,Cable,73.0,Yes,No,Yes,No,Yes,No,Yes,Yes
2824-MYYBN,,Yes,1.6,Yes,Yes,Fiber Optic,11.0,No,No,No,No,Yes,Yes,Yes,Yes
2826-DXLQO,Offer E,No,,,Yes,DSL,13.0,Yes,No,No,No,No,No,No,Yes
2826-UWHIS,Offer B,Yes,1.59,Yes,Yes,Fiber Optic,19.0,No,Yes,No,No,No,No,No,Yes
2828-SLQPF,,Yes,29.52,No,Yes,DSL,5.0,No,No,No,No,No,No,No,Yes
2829-HYVZP,,Yes,46.12,No,No,,,,,,,,,,
2830-LEWOA,Offer B,Yes,43.08,No,Yes,Fiber Optic,19.0,No,Yes,Yes,Yes,Yes,Yes,Yes,Yes
2831-EBWRN,Offer E,Yes,33.93,No,Yes,Cable,20.0,No,No,No,No,No,No,No,Yes
2832-KJCRD,Offer C,Yes,23.95,Yes,Yes,Fiber Optic,27.0,No,No,Yes,Yes,Yes,Yes,Yes,No
2832-SCUCO,Offer E,Yes,26.9,No,No,,,,,,,,,,
2833-SLKDQ,,Yes,48.03,No,Yes,Cable,73.0,No,No,No,No,No,No,Yes,Yes
2834-JKOOW,Offer D,No,,,Yes,DSL,25.0,Yes,Yes,Yes,Yes,No,No,No,Yes
2834-JRTUA,Offer A,Yes,49.42,Yes,Yes,Fiber Optic,53.0,Yes,No,Yes,Yes,Yes,Yes,Yes,Yes
2834-SPCJV,,Yes,38.37,No,Yes,Fiber Optic,14.0,Yes,No,No,No,Yes,No,No,Yes
2839-RFSQE,Offer E,Yes,24.71,No,No,,,,,,,,,,
2840-XANRC,Offer C,Yes,16.1,No,Yes,Cable,12.0,No,No,Yes,No,Yes,Yes,Yes,Yes
2842-BCQGE,Offer B,Yes,19.66,Yes,Yes,Fiber Optic,28.0,No,No,No,No,No,No,No,Yes
2842-JTCCU,Offer E,Yes,29.69,No,Yes,Cable,52.0,No,No,No,No,No,No,Yes,No
2843-CQMEG,Offer C,Yes,3.72,No,Yes,Cable,59.0,No,Yes,No,No,No,No,No,Yes
2845-AFFTX,,Yes,22.56,Yes,Yes,Fiber Optic,15.0,No,No,Yes,No,Yes,Yes,No,Yes
2845-HSJCY,,Yes,29.18,Yes,Yes,Fiber Optic,19.0,No,No,Yes,No,No,Yes,Yes,Yes
2845-KDHVX,,Yes,23.29,No,Yes,DSL,25.0,No,Yes,Yes,Yes,No,Yes,Yes,Yes
2848-YXSMW,Offer A,Yes,49.5,No,No,,,,,,,,,,
2851-MMUTZ,,Yes,1.31,No,Yes,Cable,53.0,No,Yes,No,Yes,No,No,No,Yes
2851-STERV,,Yes,3.04,No,Yes,DSL,18.0,No,No,Yes,Yes,Yes,Yes,No,Yes
2853-CWQFQ,,Yes,41.39,No,Yes,Cable,48.0,No,No,No,Yes,No,Yes,Yes,Yes
2856-HYAPG,Offer E,Yes,12.4,No,Yes,Fiber Optic,28.0,No,No,No,No,No,No,No,Yes
2856-NNASM,,Yes,39.12,No,Yes,Fiber Optic,6.0,No,No,No,No,Yes,Yes,Yes,Yes
2858-EIMXH,,Yes,30.09,Yes,Yes,Fiber Optic,12.0,No,No,No,No,Yes,Yes,No,Yes
2858-MOFSQ,,Yes,24.31,Yes,Yes,DSL,21.0,No,No,Yes,No,No,No,No,Yes
2860-RANUS,Offer D,Yes,29.29,Yes,Yes,Fiber Optic,15.0,No,No,No,No,No,Yes,Yes,Yes
2862-JVEOY,,Yes,10.54,No,No,,,,,,,,,,
2862-PFNIK,,No,,,Yes,Cable,21.0,No,No,No,No,No,No,No,No
2863-IMQDR,,Yes,23.45,Yes,Yes,DSL,8.0,Yes,Yes,Yes,Yes,Yes,Yes,Yes,Yes
2865-TCHJW,,Yes,48.35,Yes,Yes,Cable,24.0,No,No,Yes,No,Yes,No,No,Yes
2866-IKBTM,,Yes,40.63,No,No,,,,,,,,,,
2867-UIMSS,,Yes,35.77,No,Yes,Fiber Optic,69.0,No,No,No,No,No,Yes,Yes,Yes
2868-LLSKM,Offer A,Yes,15.94,Yes,Yes,Fiber Optic,29.0,No,Yes,No,Yes,No,No,No,Yes
2868-MZAGQ,Offer E,Yes,19.98,No,Yes,Fiber Optic,5.0,No,No,No,No,No,Yes,Yes,Yes
2868-SNELZ,,Yes,5.32,Yes,Yes,Fiber Optic,20.0,No,No,Yes,No,No,No,No,Yes
2869-ADAWR,Offer B,Yes,14.12,Yes,Yes,Fiber Optic,24.0,No,Yes,No,No,Yes,No,No,Yes
2873-ZLIWT,Offer B,Yes,2.03,Yes,Yes,Fiber Optic,19.0,No,No,Yes,Yes,No,No,No,Yes
2874-YXVVA,,Yes,2.82,No,Yes,Fiber Optic,2.0,No,Yes,Yes,Yes,Yes,Yes,Yes,Yes
2876-GZYZC,,Yes,29.21,Yes,Yes,Fiber Optic,22.0,No,No,No,No,No,Yes,Yes,Yes
2876-VBBBL,Offer E,Yes,10.71,No,No,,,,,,,,,,
2877-VDUER,,No,,,Yes,DSL,30.0,No,No,No,Yes,Yes,No,No,Yes
2878-DHMIN,,Yes,24.23,No,No,,,,,,,,,,
2878-RMWXY,,Yes,28.5,Yes,Yes,Fiber Optic,5.0,Yes,Yes,Yes,No,No,Yes,No,Yes
2880-FPNAE,Offer E,Yes,7.29,No,Yes,Fiber Optic,14.0,No,No,Yes,No,No,No,No,Yes
2882-DDZPG,,Yes,35.81,No,No,,,,,,,,,,
2882-WDTBA,Offer A,Yes,44.33,No,Yes,Cable,18.0,Yes,Yes,Yes,Yes,Yes,No,No,Yes
2883-ILGWO,,Yes,32.12,Yes,Yes,Fiber Optic,15.0,No,Yes,No,Yes,Yes,Yes,No,No
2884-GBPFB,Offer C,Yes,10.43,No,Yes,Fiber Optic,4.0,No,No,No,No,No,No,No,No
2885-HIJDH,,Yes,26.35,Yes,Yes,DSL,53.0,Yes,No,Yes,Yes,Yes,Yes,Yes,Yes
2886-KEFUM,,Yes,1.93,Yes,Yes,Fiber Optic,21.0,No,Yes,Yes,No,Yes,Yes,Yes,No
2887-JPYLU,,Yes,38.94,No,Yes,DSL,28.0,No,No,No,No,No,No,No,Yes
2888-ADFAO,,Yes,3.95,No,No,,,,,,,,,,
2889-FPWRM,,Yes,34.87,Yes,Yes,Fiber Optic,8.0,Yes,Yes,Yes,Yes,Yes,Yes,Yes,Yes
2890-WFBHU,Offer B,Yes,1.94,Yes,Yes,DSL,73.0,Yes,Yes,Yes,Yes,No,Yes,Yes,Yes
2892-GESUL,,Yes,20.0,No,No,,,,,,,,,,
2894-QOJRX,Offer C,No,,,Yes,Cable,82.0,No,No,No,No,Yes,No,No,Yes
2896-TBNBE,Offer B,Yes,12.97,No,Yes,Fiber Optic,24.0,No,Yes,Yes,No,No,No,No,Yes
2897-DOVND,,Yes,11.19,No,Yes,Fiber Optic,14.0,No,No,No,No,No,No,No,No
2898-LSJGD,,No,,,Yes,Cable,69.0,Yes,No,Yes,No,Yes,Yes,Yes,No
2898-MRKPI,Offer A,Yes,34.62,Yes,Yes,Fiber Optic,18.0,No,Yes,No,No,Yes,Yes,Yes,Yes
2900-PHPLN,Offer A,Yes,15.9,No,No,,,,,,,,,,
2903-YYTBW,,Yes,41.1,No,Yes,DSL,18.0,No,No,No,No,No,No,No,Yes
2904-GGUAZ,Offer A,Yes,16.15,Yes,Yes,Fiber Optic,52.0,Yes,Yes,No,No,No,No,Yes,Yes
2905-KFQUV,,Yes,7.49,No,Yes,Fiber Optic,14.0,No,No,No,No,No,No,No,Yes
2907-ILJBN,,Yes,1.92,No,No,,,,,,,,,,
2908-WGAXL,,Yes,29.06,Yes,No,,,,,,,,,,
2908-ZTPNF,Offer C,No,,,Yes,Cable,2.0,No,Yes,No,Yes,No,No,No,Yes
2911-IJORQ,,Yes,44.52,Yes,Yes,DSL,6.0,Yes,Yes,Yes,Yes,Yes,Yes,Yes,Yes
2911-UREFD,,No,,,Yes,DSL,13.0,Yes,No,Yes,No,Yes,Yes,Yes,Yes
2911-WDXMV,Offer D,Yes,41.08,Yes,Yes,Fiber Optic,48.0,No,No,Yes,No,No,No,No,Yes
2916-BQZLN,,Yes,11.42,Yes,Yes,Fiber Optic,41.0,Yes,No,Yes,No,No,No,No,Yes
2919-HBCJO,,Yes,24.09,No,Yes,Fiber Optic,17.0,No,Yes,No,No,No,No,No,Yes
2920-RNCEZ,,Yes,11.45,No,Yes,Fiber Optic,14.0,No,No,No,No,No,No,No,Yes
2921-XWDJH,,Yes,3.42,No,Yes,Fiber Optic,15.0,Yes,No,No,No,No,Yes,No,Yes
2923-ARZLG,Offer E,Yes,46.23,No,No,,,,,,,,,,
2924-KHUVI,,Yes,46.9,Yes,Yes,Fiber Optic,48.0,Yes,No,No,No,Yes,Yes,Yes,Yes
2925-MXLSX,Offer C,Yes,22.64,Yes,Yes,DSL,18.0,No,Yes,Yes,No,Yes,No,No,Yes
2925-VDZHY,Offer A,Yes,28.63,Yes,Yes,DSL,19.0,Yes,Yes,Yes,Yes,Yes,Yes,Yes,Yes
2926-JEJJC,,Yes,5.27,No,No,,,,,,,,,,
2927-CVULT,Offer B,Yes,28.36,Yes,Yes,Fiber Optic,17.0,Yes,Yes,Yes,Yes,No,Yes,Yes,Yes
2927-QRRQV,Offer B,Yes,10.13,Yes,Yes,Fiber Optic,3.0,No,Yes,Yes,No,Yes,No,No,Yes
2928-HLDBA,Offer E,Yes,7.72,No,No,,,,,,,,,,
2929-ERCFZ,Offer E,Yes,38.83,No,Yes,Fiber Optic,76.0,No,No,Yes,No,Yes,Yes,Yes,Yes
2929-QNSRW,,Yes,19.16,Yes,Yes,Fiber Optic,48.0,No,Yes,No,No,Yes,Yes,Yes,No
2930-UOTMB,Offer C,Yes,31.14,Yes,Yes,Cable,52.0,Yes,No,Yes,Yes,No,No,No,No
2931-FSOHN,,Yes,49.9,No,Yes,DSL,30.0,No,Yes,No,No,Yes,No,No,Yes
2931-SVLTV,Offer B,Yes,11.5,Yes,Yes,Fiber Optic,22.0,Yes,Yes,No,Yes,Yes,Yes,Yes,Yes
2931-VUVJN,,Yes,19.14,Yes,Yes,Fiber Optic,13.0,Yes,Yes,Yes,Yes,No,No,No,No
2931-XIQBR,,Yes,47.48,No,Yes,Fiber Optic,27.0,No,No,Yes,Yes,Yes,Yes,Yes,Yes
2933-FILNV,,No,,,Yes,DSL,52.0,No,No,No,No,No,No,No,Yes
2933-XEUJM,Offer B,Yes,46.83,Yes,Yes,DSL,2.0,Yes,No,Yes,No,Yes,Yes,Yes,Yes
2937-FTHUR,Offer D,Yes,42.45,Yes,Yes,DSL,28.0,Yes,No,No,No,No,Yes,Yes,Yes
2946-KIQSP,Offer C,No,,,Yes,Cable,12.0,No,No,Yes,Yes,No,No,No,No
2947-DOMLJ,,Yes,11.86,No,Yes,Cable,13.0,Yes,No,No,No,No,No,No,Yes
2951-QOQTK,,Yes,42.33,Yes,Yes,Fiber Optic,76.0,No,No,No,Yes,No,No,Yes,Yes
2952-QAYZF,,Yes,36.52,Yes,Yes,Fiber Optic,27.0,No,Yes,Yes,No,No,No,No,Yes
2954-PIBKO,,Yes,39.88,Yes,Yes,Cable,17.0,Yes,No,Yes,Yes,No,No,No,No
2955-BJZHG,,Yes,16.61,No,Yes,Fiber Optic,3.0,No,No,No,No,Yes,No,No,Yes
2955-PSXOE,,Yes,43.52,No,No,,,,,,,,,,
2956-GGUCQ,,Yes,2.05,Yes,Yes,Fiber Optic,22.0,Yes,No,No,No,No,No,No,Yes
2957-JIRMN,,Yes,19.52,Yes,Yes,Fiber Optic,3.0,No,No,No,No,Yes,No,No,Yes
2957-LOLHO,,Yes,11.12,No,Yes,DSL,14.0,No,No,No,No,No,No,No,Yes
2958-NHPPS,,Yes,35.32,No,No,,,,,,,,,,
2959-EEXWB,Offer B,No,,,Yes,DSL,18.0,Yes,No,No,No,Yes,Yes,Yes,Yes
2959-FENLU,,Yes,48.38,No,Yes,Fiber Optic,8.0,No,No,Yes,No,No,Yes,Yes,No
2959-MJHIC,,Yes,32.43,No,Yes,Fiber Optic,13.0,No,No,No,No,Yes,No,No,Yes
2960-NKRSO,,Yes,9.53,No,Yes,Fiber Optic,24.0,No,Yes,Yes,Yes,No,No,No,Yes
2961-VNFKL,Offer A,Yes,24.71,Yes,No,,,,,,,,,,
2962-XPMCQ,Offer E,Yes,6.47,No,Yes,DSL,21.0,No,No,No,No,No,No,No,Yes
2967-MXRAV,,Yes,43.57,No,No,,,,,,,,,,
2968-SSGAA,,Yes,45.21,Yes,Yes,Fiber Optic,3.0,No,No,Yes,No,Yes,Yes,Yes,Yes
2969-QWUBZ,,No,,,Yes,Cable,21.0,No,Yes,No,No,Yes,Yes,Yes,Yes
2969-VAPYH,Offer A,Yes,35.99,No,Yes,DSL,73.0,Yes,Yes,No,Yes,No,No,No,Yes
2969-WGHQO,,Yes,18.91,No,Yes,DSL,29.0,Yes,Yes,Yes,No,Yes,No,No,Yes
2971-SGAFL,Offer D,Yes,38.4,Yes,Yes,DSL,23.0,Yes,No,Yes,No,Yes,Yes,Yes,No
2972-YDYUW,,Yes,38.94,Yes,Yes,Fiber Optic,7.0,No,Yes,No,Yes,No,Yes,Yes,Yes
2974-GGUXS,Offer C,Yes,11.32,Yes,Yes,Fiber Optic,16.0,No,Yes,No,No,Yes,No,No,Yes
2977-CEBSX,,Yes,13.28,Yes,Yes,DSL,24.0,Yes,Yes,Yes,Yes,Yes,Yes,Yes,Yes
2978-XXSOG,Offer D,Yes,32.75,Yes,Yes,DSL,24.0,Yes,No,No,Yes,No,No,No,Yes
2979-SXESE,Offer D,Yes,25.79,Yes,Yes,Cable,12.0,Yes,No,Yes,No,Yes,No,No,Yes
2982-IHMFT,,Yes,39.61,Yes,Yes,Fiber Optic,16.0,No,No,No,No,No,No,No,Yes
2982-VPSGI,Offer D,Yes,25.67,Yes,Yes,Fiber Optic,18.0,No,No,No,No,Yes,Yes,Yes,Yes
2983-ZANRP,,Yes,8.5,No,Yes,Fiber Optic,59.0,No,Yes,No,No,No,No,Yes,Yes
2984-AFWNC,,Yes,17.01,No,Yes,Fiber Optic,28.0,No,Yes,No,No,Yes,Yes,Yes,Yes
2984-MIIZL,,Yes,7.26,No,Yes,Fiber Optic,29.0,No,No,Yes,No,No,No,No,Yes
2984-RGEYA,Offer A,Yes,5.27,No,No,,,,,,,,,,
2984-TBYKU,Offer A,Yes,32.22,Yes,Yes,Fiber Optic,25.0,Yes,Yes,Yes,Yes,No,Yes,Yes,Yes
2985-FMWYF,Offer D,Yes,18.12,Yes,Yes,Fiber Optic,23.0,No,No,No,No,Yes,Yes,Yes,Yes
2985-JUUBZ,Offer B,Yes,13.86,Yes,Yes,DSL,75.0,No,No,Yes,No,Yes,Yes,Yes,Yes
2987-BJXIK,,Yes,16.93,Yes,Yes,DSL,10.0,Yes,Yes,Yes,No,Yes,Yes,Yes,Yes
2988-GBIVW,,Yes,38.5,Yes,Yes,Fiber Optic,25.0,Yes,No,No,No,No,Yes,Yes,Yes
2988-PLAHS,Offer E,Yes,29.51,No,Yes,Cable,17.0,No,No,Yes,No,Yes,Yes,Yes,No
2988-QRAJY,Offer A,Yes,5.71,Yes,Yes,Fiber Optic,73.0,Yes,Yes,Yes,No,Yes,Yes,Yes,Yes
2990-HWIML,Offer E,Yes,47.92,No,Yes,Fiber Optic,25.0,No,No,No,No,Yes,Yes,Yes,Yes
2990-IAJSV,,Yes,45.41,Yes,Yes,Cable,20.0,Yes,Yes,Yes,Yes,Yes,Yes,Yes,Yes
2990-OGYTD,Offer A,Yes,3.2,Yes,Yes,DSL,23.0,No,Yes,Yes,Yes,Yes,Yes,Yes,Yes
2995-UPRYS,,Yes,19.76,No,Yes,Fiber Optic,22.0,No,Yes,No,Yes,Yes,Yes,Yes,Yes
2995-YWTCD,,Yes,31.58,Yes,No,,,,,,,,,,
2996-XAUVF,Offer A,No,,,Yes,DSL,59.0,No,No,No,Yes,No,Yes,Yes,Yes
2999-AANRQ,,Yes,17.35,No,Yes,DSL,71.0,Yes,Yes,No,Yes,Yes,No,No,No
3001-CBHLQ,Offer C,Yes,43.51,Yes,Yes,Fiber Optic,22.0,No,No,Yes,Yes,Yes,Yes,No,Yes
3001-UNBTL,Offer C,Yes,49.36,Yes,Yes,Fiber Optic,19.0,No,No,Yes,No,Yes,Yes,No,Yes
3002-WQZWT,Offer C,Yes,16.38,Yes,Yes,Fiber Optic,82.0,No,No,No,No,No,No,No,Yes
3003-CMDUU,,Yes,29.81,No,Yes,Fiber Optic,52.0,No,No,No,Yes,Yes,Yes,Yes,No
3005-NFMTA,Offer B,Yes,8.93,Yes,Yes,Fiber Optic,21.0,Yes,No,No,No,Yes,Yes,Yes,Yes
3005-TYFRD,Offer B,Yes,33.66,Yes,Yes,Fiber Optic,25.0,No,Yes,Yes,No,Yes,Yes,Yes,Yes
3006-XIMLN,,Yes,42.89,Yes,Yes,Fiber Optic,13.0,No,No,No,No,Yes,Yes,Yes,Yes
3007-FDPEA,,Yes,13.89,No,No,,,,,,,,,,
3009-JWMPU,Offer B,Yes,22.64,Yes,Yes,Fiber Optic,9.0,No,No,Yes,No,Yes,Yes,Yes,Yes
3011-WQKSZ,Offer D,Yes,24.1,No,No,,,,,,,,,,
3012-VFFMN,,Yes,5.01,No,No,,,,,,,,,,
3014-WJKSM,,Yes,3.35,No,Yes,Fiber Optic,59.0,No,No,Yes,No,No,No,No,Yes
3016-KSVCP,Offer C,No,,,Yes,DSL,22.0,No,No,No,No,Yes,No,No,Yes
3018-TFTSU,Offer D,Yes,18.38,No,Yes,Fiber Optic,3.0,Yes,No,Yes,No,No,No,No,Yes
3021-VLNRJ,Offer B,Yes,37.52,No,Yes,DSL,71.0,Yes,No,Yes,Yes,Yes,No,No,Yes
3022-BEXHZ,,Yes,40.96,Yes,Yes,Fiber Optic,47.0,No,Yes,Yes,Yes,Yes,Yes,Yes,Yes
3023-GFLBR,,Yes,14.34,Yes,Yes,Fiber Optic,28.0,No,No,No,No,No,Yes,Yes,Yes
3026-ATZYV,Offer C,Yes,1.12,No,Yes,Cable,23.0,Yes,Yes,No,No,Yes,Yes,Yes,Yes
3027-YNWZU,Offer B,Yes,6.81,Yes,No,,,,,,,,,,
3027-ZTDHO,Offer E,Yes,32.85,No,Yes,Fiber Optic,53.0,No,No,No,No,Yes,Yes,Yes,Yes
3030-YDNRM,Offer E,Yes,11.58,Yes,Yes,Fiber Optic,7.0,No,No,No,No,No,No,No,Yes
3030-YZADT,Offer E,Yes,2.88,No,Yes,DSL,26.0,No,No,No,No,No,No,No,No
3030-ZKIWL,,Yes,18.15,No,No,,,,,,,,,,
3034-ZBEQN,,No,,,Yes,DSL,22.0,No,Yes,Yes,No,No,No,No,Yes
3038-PQIUY,,Yes,20.14,Yes,Yes,DSL,13.0,Yes,Yes,Yes,No,No,No,No,Yes
3039-MJSLN,,Yes,18.43,No,No,,,,,,,,,,
3043-SUDUA,Offer C,Yes,15.53,No,No,,,,,,,,,,
3043-TYBNO,,Yes,22.49,No,Yes,DSL,11.0,No,No,No,Yes,No,Yes,Yes,Yes
3045-XETSH,,Yes,43.26,Yes,Yes,Fiber Optic,21.0,No,Yes,Yes,No,No,Yes,Yes,Yes
3049-NDXFL,Offer E,Yes,34.47,Yes,Yes,Fiber Optic,59.0,No,No,No,No,No,Yes,Yes,Yes
3049-SOLAY,,Yes,23.26,Yes,Yes,Fiber Optic,42.0,No,No,No,No,Yes,Yes,Yes,No
3050-GBUSH,,No,,,Yes,DSL,46.0,No,No,No,No,Yes,No,No,Yes
3050-RLLXC,Offer B,Yes,25.9,Yes,Yes,Cable,30.0,Yes,Yes,Yes,Yes,Yes,No,No,Yes
3055-MJDSB,Offer E,No,,,Yes,DSL,52.0,No,No,No,No,No,No,No,Yes
3055-OYMSE,,Yes,16.74,No,Yes,Fiber Optic,15.0,No,Yes,No,No,No,No,No,Yes
3055-VTCGS,Offer B,Yes,27.38,No,Yes,DSL,9.0,No,No,Yes,No,No,Yes,Yes,Yes
3057-VJJQE,,Yes,20.39,Yes,Yes,DSL,21.0,Yes,No,No,No,No,No,No,Yes
3058-HJCUY,Offer B,Yes,45.03,Yes,Yes,Fiber Optic,10.0,No,No,Yes,Yes,Yes,Yes,Yes,Yes
3058-WQDRE,Offer D,No,,,Yes,Cable,16.0,No,No,No,No,No,No,No,Yes
3059-NGMXB,Offer D,Yes,2.96,Yes,Yes,DSL,76.0,Yes,Yes,No,No,No,Yes,Yes,Yes
3061-BCKYI,Offer D,Yes,43.5,No,No,,,,,,,,,,
3062-ICYZQ,,Yes,27.23,Yes,Yes,Fiber Optic,75.0,Yes,Yes,No,No,No,Yes,Yes,Yes
3063-QFSZL,Offer E,Yes,13.01,No,Yes,Cable,4.0,No,No,No,No,No,Yes,Yes,Yes
3066-RRJIO,Offer E,Yes,13.04,No,Yes,Fiber Optic,46.0,No,No,No,No,No,No,No,Yes
3067-SVMTC,,Yes,44.79,No,Yes,Cable,14.0,Yes,No,No,Yes,No,No,No,No
3068-OMWZA,,Yes,49.6,Yes,Yes,Fiber Optic,20.0,No,No,Yes,No,Yes,No,No,No
3069-SSVSN,,No,,,Yes,DSL,18.0,No,No,No,No,No,No,No,Yes
3070-BDOQC,,Yes,16.81,No,Yes,Fiber Optic,21.0,No,Yes,Yes,No,Yes,Yes,Yes,Yes
3070-DVEYC,,Yes,32.4,Yes,Yes,Fiber Optic,7.0,No,No,No,No,No,No,No,Yes
3070-FNFZQ,Offer D,Yes,39.59,No,No,,,,,,,,,,
3071-MVJCD,Offer A,Yes,48.44,Yes,Yes,Cable,15.0,Yes,Yes,Yes,Yes,Yes,No,No,Yes
3071-VBYPO,Offer E,Yes,33.3,No,Yes,Fiber Optic,12.0,Yes,Yes,No,No,Yes,No,No,Yes
3074-GQWYX,,Yes,46.88,Yes,Yes,Fiber Optic,59.0,No,No,No,No,No,No,No,Yes
3077-RSNTJ,,Yes,5.52,No,No,,,,,,,,,,
3078-ZKNTS,,Yes,5.58,No,No,,,,,,,,,,
3079-BCHLN,Offer B,Yes,43.2,No,No,,,,,,,,,,
3082-VQXNH,Offer E,No,,,Yes,DSL,4.0,No,Yes,No,No,No,No,No,Yes
3082-WQRVY,,Yes,45.76,No,No,,,,,,,,,,
3082-YVEKW,,Yes,33.02,Yes,Yes,DSL,12.0,Yes,No,Yes,Yes,Yes,No,No,Yes
3084-DOWLE,Offer A,Yes,43.29,Yes,Yes,DSL,16.0,Yes,Yes,Yes,Yes,Yes,Yes,Yes,No
3085-QUOZK,Offer E,Yes,34.48,No,Yes,Cable,9.0,No,No,No,No,No,No,No,Yes
3086-RUCRN,Offer A,Yes,43.14,Yes,Yes,Fiber Optic,20.0,Yes,Yes,Yes,Yes,No,Yes,Yes,Yes
3088-FVYWK,Offer B,Yes,33.31,Yes,No,,,,,,,,,,
3088-LHEFH,Offer D,Yes,10.06,Yes,Yes,Fiber Optic,48.0,Yes,No,No,No,No,No,No,Yes
3090-HAWSU,,Yes,7.82,Yes,Yes,Fiber Optic,11.0,Yes,No,Yes,Yes,Yes,Yes,Yes,Yes
3090-LETTY,,Yes,14.88,Yes,Yes,DSL,12.0,Yes,Yes,No,No,No,No,No,Yes
3090-QFUVD,,Yes,4.09,No,No,,,,,,,,,,
3091-FYHKI,Offer E,No,,,Yes,DSL,22.0,No,No,No,No,No,Yes,Yes,Yes
3092-IGHWF,Offer A,Yes,28.4,Yes,Yes,Cable,10.0,No,Yes,Yes,No,No,No,No,Yes
3094-JOJAI,,Yes,4.38,Yes,Yes,Fiber Optic,20.0,No,No,No,No,No,No,No,Yes
3096-GKWEB,,Yes,34.17,Yes,Yes,Fiber Optic,16.0,No,No,No,No,Yes,Yes,Yes,Yes
3096-IZETN,Offer D,Yes,42.55,No,Yes,Fiber Optic,18.0,No,No,No,No,No,Yes,Yes,Yes
3096-JRDSO,Offer C,Yes,10.19,Yes,Yes,Fiber Optic,27.0,Yes,No,No,Yes,Yes,Yes,No,Yes
3096-WPXBT,Offer B,Yes,18.26,Yes,Yes,Fiber Optic,19.0,Yes,Yes,Yes,No,No,Yes,Yes,No
3096-YXENJ,,Yes,27.69,Yes,Yes,Fiber Optic,52.0,No,Yes,Yes,Yes,Yes,Yes,Yes,Yes
3097-FQTVJ,Offer B,Yes,10.09,No,No,,,,,,,,,,
3097-IDVPU,Offer D,Yes,9.47,Yes,Yes,DSL,13.0,No,No,No,No,No,No,No,No
3097-NNSPB,Offer E,Yes,14.7,No,Yes,DSL,13.0,No,Yes,No,No,No,No,No,No
3097-NQYSN,,Yes,4.19,Yes,Yes,Fiber Optic,11.0,No,No,No,No,Yes,No,No,No
3097-PYWXL,,Yes,28.55,No,No,,,,,,,,,,
3099-OONVS,Offer C,Yes,37.97,No,Yes,DSL,22.0,Yes,No,No,Yes,No,No,No,Yes
3104-OWCGK,Offer B,Yes,33.25,No,Yes,Fiber Optic,52.0,No,Yes,Yes,No,Yes,No,Yes,Yes
3106-ULWFW,Offer E,Yes,26.41,Yes,Yes,Fiber Optic,16.0,No,No,No,No,No,Yes,Yes,Yes
3108-PCCGG,Offer A,Yes,16.72,Yes,Yes,Cable,9.0,Yes,Yes,Yes,No,Yes,Yes,No,Yes
3113-IWHLC,,Yes,41.29,No,Yes,DSL,51.0,Yes,No,Yes,No,No,No,No,Yes
3115-CZMZD,,Yes,13.16,No,No,,,,,,,,,,
3115-JPJDD,,Yes,29.6,No,Yes,Fiber Optic,12.0,Yes,No,Yes,No,No,No,No,Yes
3118-UHVVQ,Offer A,Yes,17.12,Yes,No,,,,,,,,,,
3120-FAZKD,Offer B,Yes,41.58,Yes,No,,,,,,,,,,
3125-RAHBV,Offer D,Yes,23.03,No,No,,,,,,,,,,
3126-WQMGH,,Yes,28.42,Yes,Yes,DSL,41.0,No,No,No,No,No,No,Yes,No
3128-YOVTD,,Yes,2.53,No,Yes,Fiber Optic,71.0,Yes,Yes,No,No,No,No,No,Yes
3129-AAQOU,Offer D,Yes,38.43,Yes,No,,,,,,,,,,
3130-ICDUP,,Yes,5.3,Yes,Yes,Fiber Optic,11.0,Yes,No,No,No,No,No,No,Yes
3131-NWVFJ,,Yes,19.03,No,No,,,,,,,,,,
3132-TVFDZ,,No,,,Yes,Cable,3.0,No,No,No,No,Yes,Yes,Yes,Yes
3133-PZNSR,,Yes,20.79,Yes,Yes,Fiber Optic,59.0,Yes,Yes,No,Yes,No,Yes,Yes,Yes
3134-DSHVC,,Yes,23.62,Yes,Yes,Fiber Optic,21.0,Yes,Yes,Yes,No,Yes,No,No,Yes
3137-LUPIX,,Yes,1.1,Yes,Yes,Cable,19.0,No,No,No,Yes,Yes,No,No,Yes
3137-NYQQI,Offer D,Yes,45.35,No,Yes,DSL,11.0,Yes,Yes,No,No,No,Yes,Yes,Yes
3138-BKYAV,,Yes,11.97,No,Yes,Fiber Optic,27.0,No,Yes,No,No,Yes,No,No,Yes
3143-ILDAL,,Yes,25.41,Yes,Yes,Fiber Optic,51.0,No,Yes,No,Yes,No,Yes,Yes,Yes
3143-JQEGI,,Yes,17.83,No,Yes,Fiber Optic,10.0,No,No,No,No,Yes,Yes,Yes,Yes
3144-AUDBS,Offer E,Yes,6.94,No,Yes,DSL,28.0,No,No,No,Yes,No,No,No,Yes
3144-KMTWZ,Offer A,Yes,26.56,Yes,Yes,Fiber Optic,7.0,No,Yes,Yes,No,No,Yes,Yes,No
3146-JTQHR,Offer D,Yes,39.35,No,No,,,,,,,,,,
3146-MSEGF,Offer A,Yes,20.48,Yes,Yes,DSL,6.0,Yes,Yes,Yes,Yes,Yes,Yes,Yes,Yes
3148-AOIQT,,Yes,45.12,Yes,No,,,,,,,,,,
3148-BLQJT,Offer E,Yes,16.81,No,No,,,,,,,,,,
3154-CFSZG,,Yes,38.25,No,Yes,Fiber Optic,20.0,Yes,No,Yes,No,No,Yes,Yes,Yes
3154-HMWUU,Offer B,Yes,31.29,No,No,,,,,,,,,,
3156-QLHBO,,Yes,21.18,No,No,,,,,,,,,,
3158-MOERK,,Yes,48.34,Yes,Yes,Fiber Optic,28.0,No,No,No,No,Yes,Yes,Yes,Yes
3160-TYXLT,Offer B,No,,,Yes,DSL,24.0,Yes,Yes,No,No,No,Yes,Yes,Yes
3161-GETRM,Offer C,Yes,20.05,Yes,Yes,Fiber Optic,57.0,No,No,Yes,No,No,Yes,Yes,Yes
3161-ONRWK,Offer B,Yes,43.57,No,Yes,DSL,30.0,Yes,Yes,Yes,Yes,No,No,No,Yes
3162-KKZXO,,Yes,29.6,Yes,Yes,Fiber Optic,3.0,No,No,Yes,No,Yes,Yes,No,Yes
3162-ZJZFU,,Yes,24.33,No,Yes,Fiber Optic,52.0,No,Yes,No,Yes,Yes,No,No,Yes
3164-AALRN,,Yes,45.25,No,Yes,DSL,22.0,No,No,Yes,No,Yes,Yes,Yes,No
3164-YAXFY,Offer B,No,,,Yes,DSL,30.0,Yes,No,Yes,No,Yes,Yes,Yes,Yes
3165-HDOEW,,Yes,14.9,No,Yes,DSL,6.0,No,No,No,No,No,No,No,Yes
3166-PNEOF,Offer B,Yes,4.51,Yes,Yes,Cable,24.0,Yes,No,Yes,Yes,Yes,Yes,Yes,Yes
3167-SNQPL,,Yes,28.3,Yes,Yes,Fiber Optic,27.0,No,Yes,No,No,Yes,Yes,No,Yes
3170-GWYKC,,Yes,22.88,No,Yes,Fiber Optic,48.0,Yes,No,Yes,Yes,Yes,Yes,Yes,Yes
3170-NMYVV,Offer B,Yes,26.95,No,No,,,,,,,,,,
3173-NVMPX,,Yes,23.36,Yes,Yes,DSL,22.0,No,Yes,No,No,No,No,No,Yes
3173-WSSUE,,Yes,22.36,No,No,,,,,,,,,,
3174-AKMAS,,Yes,37.02,No,Yes,DSL,6.0,No,Yes,No,Yes,Yes,No,No,Yes
3174-RKMOW,,Yes,48.3,Yes,Yes,Fiber Optic,73.0,No,Yes,Yes,Yes,Yes,Yes,Yes,Yes
3177-LASXD,,Yes,40.4,No,Yes,Cable,13.0,No,No,No,No,No,No,No,No
3178-CIFOT,Offer D,Yes,10.41,No,No,,,,,,,,,,
3178-FESZO,Offer E,Yes,20.23,Yes,Yes,Fiber Optic,17.0,No,Yes,No,No,Yes,Yes,Yes,Yes
3179-GBRWV,,Yes,42.95,No,Yes,DSL,30.0,Yes,Yes,No,No,No,Yes,No,Yes
3181-MIZBN,,Yes,31.99,No,No,,,,,,,,,,
3181-VTHOE,,No,,,Yes,DSL,41.0,No,Yes,Yes,Yes,No,Yes,Yes,No
3186-AJIEK,,Yes,30.96,No,Yes,Fiber Optic,11.0,Yes,No,Yes,Yes,Yes,Yes,Yes,Yes
3186-BAXNB,Offer E,Yes,17.23,No,Yes,Fiber Optic,52.0,No,Yes,No,Yes,Yes,No,Yes,Yes
3190-FZATL,,Yes,40.66,No,No,,,,,,,,,,
3190-ITQXP,,Yes,27.65,No,No,,,,,,,,,,
3190-XFANI,,Yes,18.97,Yes,Yes,Fiber Optic,3.0,No,No,No,Yes,Yes,Yes,Yes,Yes
3191-CSNMG,Offer E,Yes,23.72,No,Yes,Fiber Optic,17.0,No,No,No,No,Yes,No,No,Yes
3192-LNKRK,,Yes,5.65,No,Yes,Fiber Optic,26.0,No,No,Yes,No,Yes,No,No,Yes
3192-NQECA,Offer A,Yes,14.79,Yes,Yes,Fiber Optic,47.0,No,Yes,Yes,Yes,Yes,Yes,Yes,Yes
3194-ORPIK,,Yes,35.33,Yes,Yes,Fiber Optic,17.0,No,No,No,No,Yes,No,No,Yes
3195-TQDZX,,Yes,1.57,No,No,,,,,,,,,,
3196-NVXLZ,Offer C,Yes,9.57,Yes,Yes,Fiber Optic,59.0,No,No,No,No,Yes,No,No,Yes
3197-ARFOY,,Yes,7.95,No,Yes,Fiber Optic,12.0,Yes,Yes,No,Yes,Yes,Yes,No,No
3197-NNYNB,Offer B,Yes,27.75,Yes,Yes,Fiber Optic,30.0,No,Yes,Yes,No,Yes,Yes,Yes,Yes
3198-VELRD,,Yes,38.09,Yes,Yes,Fiber Optic,30.0,No,No,No,No,No,Yes,Yes,Yes
3199-NPKCN,,Yes,35.03,Yes,Yes,Fiber Optic,23.0,Yes,No,Yes,Yes,Yes,Yes,Yes,Yes
3199-XGZCY,,Yes,18.82,Yes,Yes,Fiber Optic,3.0,No,No,No,No,No,No,No,Yes
3200-MNQTF,,Yes,28.06,Yes,Yes,DSL,15.0,Yes,Yes,Yes,Yes,No,No,No,Yes
3205-MXZRA,Offer C,Yes,3.26,No,Yes,DSL,6.0,No,No,No,Yes,Yes,No,No,Yes
3207-OYBWH,,Yes,49.91,Yes,Yes,Fiber Optic,21.0,No,Yes,Yes,No,No,Yes,No,Yes
3208-YPIOE,Offer C,Yes,36.17,Yes,Yes,Fiber Optic,5.0,No,No,No,No,No,No,No,Yes
3209-ZPKFI,Offer B,Yes,39.25,Yes,Yes,DSL,26.0,No,Yes,No,No,No,No,Yes,Yes
3211-AAPKX,,Yes,23.22,Yes,Yes,Fiber Optic,59.0,No,No,No,Yes,Yes,Yes,Yes,Yes
3211-ILJTT,,Yes,13.68,No,Yes,Fiber Optic,11.0,No,No,No,No,No,No,No,Yes
3212-KXOCR,,Yes,28.3,No,No,,,,,,,,,,
3213-VVOLG,,Yes,36.37,Yes,No,,,,,,,,,,
3214-IYUUQ,,Yes,10.21,No,Yes,Fiber Optic,69.0,Yes,Yes,No,Yes,No,Yes,Yes,Yes
3217-FZDMN,Offer E,Yes,5.21,No,Yes,Fiber Optic,8.0,No,No,Yes,No,Yes,Yes,No,Yes
3219-JQRSL,,Yes,24.44,Yes,Yes,DSL,13.0,Yes,Yes,Yes,Yes,Yes,Yes,No,Yes
3221-CJMSG,,Yes,2.33,No,Yes,DSL,2.0,No,No,No,Yes,No,No,No,Yes
3223-DWFIO,,Yes,30.11,No,Yes,Fiber Optic,25.0,No,No,No,No,No,No,No,Yes
3223-WZWJM,,Yes,14.3,Yes,Yes,Fiber Optic,20.0,No,No,No,No,No,Yes,Yes,Yes
3224-DFQNQ,,Yes,37.38,Yes,Yes,Fiber Optic,8.0,Yes,Yes,No,Yes,No,No,No,Yes
3227-WLKLI,,Yes,10.11,Yes,Yes,Cable,26.0,Yes,Yes,Yes,Yes,Yes,Yes,Yes,Yes
3229-USWAR,Offer C,Yes,5.32,No,Yes,DSL,23.0,Yes,No,Yes,Yes,Yes,Yes,Yes,Yes
3230-IUALN,,Yes,26.01,No,Yes,Cable,29.0,Yes,No,Yes,Yes,Yes,Yes,Yes,Yes
3230-JCNZS,Offer A,Yes,15.73,Yes,Yes,Fiber Optic,17.0,Yes,Yes,Yes,No,Yes,No,No,Yes
3230-WYKIR,,Yes,12.5,Yes,Yes,DSL,5.0,No,No,Yes,Yes,Yes,Yes,Yes,Yes
3234-VKACU,,Yes,23.52,No,Yes,DSL,48.0,No,No,No,Yes,Yes,Yes,Yes,Yes
3235-ETOOB,,Yes,47.91,No,Yes,Fiber Optic,23.0,Yes,No,No,No,No,No,No,Yes
3237-AJGEH,,No,,,Yes,DSL,19.0,No,No,No,Yes,No,No,No,No
3239-TPHPZ,Offer D,Yes,40.34,No,No,,,,,,,,,,
3243-ZHOHY,Offer D,Yes,20.65,No,No,,,,,,,,,,
3244-CQPHU,Offer A,Yes,14.12,Yes,Yes,Fiber Optic,23.0,Yes,Yes,No,Yes,Yes,Yes,No,Yes
3244-DCJWY,Offer E,Yes,23.0,No,Yes,Fiber Optic,59.0,No,No,No,No,No,No,No,Yes
3247-MHJKM,,Yes,42.15,No,No,,,,,,,,,,
3247-ZVOUO,Offer D,Yes,6.01,Yes,Yes,Fiber Optic,27.0,No,No,No,No,No,Yes,No,Yes
3249-VHRIP,Offer B,No,,,Yes,Cable,30.0,No,Yes,Yes,No,No,Yes,Yes,Yes
3249-ZPQRG,Offer E,Yes,42.06,Yes,Yes,Fiber Optic,58.0,No,Yes,No,No,No,No,Yes,Yes
3251-YMVWZ,Offer B,Yes,39.37,Yes,No,,,,,,,,,,
3253-HKOKL,,Yes,7.99,No,Yes,Fiber Optic,19.0,Yes,No,Yes,No,Yes,Yes,Yes,Yes
3254-YRILK,Offer D,Yes,39.97,Yes,Yes,Fiber Optic,9.0,No,Yes,No,No,Yes,No,No,Yes
3255-GRXMG,Offer D,Yes,34.07,No,Yes,DSL,28.0,No,No,No,No,No,No,No,No
3256-EZDBI,Offer B,No,,,Yes,DSL,21.0,No,Yes,No,No,No,No,No,Yes
3258-SANFR,Offer E,Yes,19.74,No,Yes,DSL,7.0,No,No,No,No,No,No,No,Yes
3258-SYSWS,,Yes,24.67,Yes,Yes,Fiber Optic,26.0,Yes,Yes,Yes,Yes,Yes,Yes,No,Yes
3258-ZKPAI,,Yes,21.29,Yes,Yes,Fiber Optic,52.0,Yes,Yes,Yes,Yes,Yes,Yes,Yes,Yes
3259-FDWOY,Offer A,Yes,47.34,Yes,Yes,Fiber Optic,12.0,No,Yes,Yes,No,Yes,Yes,Yes,Yes
3259-KNMRR,Offer B,Yes,9.1,Yes,Yes,DSL,16.0,No,Yes,Yes,No,Yes,Yes,No,Yes
3259-QMXUN,Offer B,Yes,22.14,Yes,Yes,DSL,2.0,Yes,Yes,Yes,No,Yes,Yes,Yes,No
3261-CQXOL,Offer A,Yes,4.15,Yes,No,,,,,,,,,,
3262-EIDHV,Offer A,Yes,24.9,Yes,Yes,DSL,19.0,Yes,No,Yes,Yes,Yes,Yes,Yes,Yes
3266-FTKHB,,Yes,27.66,No,No,,,,,,,,,,
3269-ATYWD,Offer C,Yes,41.93,Yes,Yes,Fiber Optic,23.0,No,No,No,No,Yes,Yes,No,No
3272-VUHPV,,Yes,31.86,No,Yes,Cable,59.0,No,Yes,No,Yes,No,No,No,No
3274-NSDWE,,Yes,32.99,No,No,,,,,,,,,,
3275-RHRNE,,No,,,Yes,DSL,52.0,No,Yes,Yes,Yes,Yes,Yes,Yes,Yes
3276-HDUEG,Offer E,Yes,32.86,Yes,Yes,Fiber Optic,58.0,No,No,No,No,No,No,No,Yes
3278-FSIXX,Offer E,Yes,39.5,No,Yes,Cable,26.0,No,No,No,No,No,No,No,Yes
3279-DYZQM,,Yes,11.3,No,No,,,,,,,,,,
3280-MRDOF,,Yes,19.92,Yes,Yes,DSL,30.0,No,No,Yes,Yes,Yes,No,No,Yes
3280-NMUVX,,Yes,26.03,No,No,,,,,,,,,,
3282-ZISZV,,Yes,37.48,Yes,Yes,DSL,15.0,No,Yes,Yes,Yes,Yes,Yes,Yes,Yes
3283-WCWXT,Offer E,Yes,31.73,Yes,No,,,,,,,,,,
3284-SVCRO,Offer B,Yes,42.32,Yes,No,,,,,,,,,,
3285-UCQVC,,No,,,Yes,DSL,10.0,No,No,No,Yes,No,No,No,Yes
3292-PBZEJ,,Yes,2.63,Yes,Yes,Fiber Optic,13.0,No,Yes,Yes,Yes,Yes,Yes,No,No
3295-YVUSR,,Yes,15.19,Yes,Yes,Fiber Optic,30.0,No,No,No,No,No,No,No,Yes
3296-SILRA,,Yes,41.16,No,Yes,Fiber Optic,6.0,No,Yes,No,No,No,No,No,Yes
3298-QEICA,,No,,,Yes,DSL,42.0,Yes,No,No,Yes,No,No,No,Yes
3301-LSLWQ,,Yes,17.87,Yes,Yes,Cable,26.0,Yes,No,No,No,No,Yes,Yes,Yes
3301-VKTGC,,Yes,29.67,Yes,Yes,Fiber Optic,85.0,Yes,Yes,No,No,No,No,No,Yes
3307-TLCUD,,No,,,Yes,Cable,10.0,Yes,No,Yes,No,No,No,No,Yes
3308-DGHKL,,Yes,17.74,No,No,,,,,,,,,,
3308-JSGML,,No,,,Yes,Cable,6.0,Yes,No,Yes,Yes,Yes,Yes,No,Yes
3308-MHOOC,,Yes,17.89,No,No,,,,,,,,,,
3312-UUMZW,,Yes,47.89,Yes,Yes,Fiber Optic,9.0,No,Yes,No,No,Yes,Yes,Yes,Yes
3312-ZWLGF,,Yes,10.55,Yes,Yes,Fiber Optic,2.0,No,No,No,Yes,No,No,No,Yes
3313-QKNKB,Offer B,Yes,6.91,Yes,Yes,Fiber Optic,52.0,No,No,No,No,No,Yes,Yes,Yes
3315-IKYZQ,Offer C,No,,,Yes,DSL,19.0,Yes,No,Yes,Yes,Yes,No,No,Yes
3315-TOTBP,Offer D,Yes,44.86,Yes,Yes,Fiber Optic,52.0,No,No,No,No,No,No,Yes,Yes
3316-UWXUY,Offer B,Yes,40.83,No,Yes,Fiber Optic,21.0,Yes,Yes,No,Yes,No,Yes,Yes,Yes
3317-HRTNN,,No,,,Yes,DSL,15.0,No,No,No,No,Yes,Yes,No,Yes
3317-VLGQT,,Yes,4.45,No,Yes,Fiber Optic,16.0,No,No,No,No,No,Yes,Yes,Yes
3318-ISQFQ,Offer D,Yes,10.97,No,No,,,,,,,,,,
3318-NMQXL,Offer E,Yes,15.6,No,Yes,Fiber Optic,9.0,No,No,No,No,Yes,Yes,Yes,Yes
3318-OSATS,Offer C,Yes,35.1,Yes,Yes,Fiber Optic,29.0,No,No,No,No,Yes,Yes,No,No
3319-DWOEP,Offer E,Yes,47.9,No,Yes,Fiber Optic,6.0,No,No,Yes,No,Yes,Yes,No,Yes
3320-VEOYC,,Yes,37.62,Yes,Yes,Fiber Optic,10.0,No,No,No,No,Yes,Yes,Yes,Yes
3323-CPBWR,Offer D,Yes,8.5,Yes,Yes,Fiber Optic,6.0,No,No,Yes,Yes,Yes,No,No,Yes
3324-OIRTO,Offer A,Yes,14.14,No,Yes,Fiber Optic,59.0,Yes,Yes,Yes,No,Yes,Yes,Yes,Yes
3325-FUYCG,Offer C,Yes,9.62,Yes,Yes,Fiber Optic,24.0,Yes,Yes,No,No,Yes,Yes,Yes,Yes
3327-YBAKM,,Yes,19.22,No,Yes,Fiber Optic,21.0,Yes,No,No,Yes,Yes,Yes,Yes,Yes
3329-WDIOK,,No,,,Yes,Cable,25.0,No,Yes,No,No,Yes,Yes,Yes,Yes
3331-HQDTW,,Yes,7.99,Yes,Yes,Fiber Optic,76.0,Yes,Yes,Yes,No,Yes,Yes,Yes,Yes
3334-CTHOL,,Yes,43.49,Yes,Yes,Cable,4.0,No,No,No,No,No,No,No,Yes
3336-JORSO,Offer C,Yes,17.24,Yes,Yes,Fiber Optic,25.0,No,Yes,Yes,Yes,Yes,Yes,Yes,No
3338-CVVEH,Offer D,Yes,13.88,Yes,Yes,Fiber Optic,8.0,No,No,No,No,Yes,Yes,Yes,Yes
3339-EAQNV,,Yes,11.23,Yes,Yes,Fiber Optic,20.0,No,Yes,No,No,Yes,Yes,Yes,Yes
3340-QBBFM,Offer C,Yes,47.16,No,Yes,DSL,28.0,No,No,Yes,Yes,No,No,No,Yes
3345-JHUEO,,Yes,46.53,No,No,,,,,,,,,,
3345-PBBFH,Offer E,Yes,2.38,No,Yes,DSL,53.0,No,Yes,No,No,No,No,No,Yes
3346-BRMIS,,No,,,Yes,DSL,12.0,No,No,Yes,No,Yes,Yes,Yes,Yes
3347-YJZZE,,Yes,6.73,Yes,Yes,DSL,27.0,No,Yes,Yes,No,Yes,Yes,Yes,Yes
3348-CFRNX,,Yes,37.66,No,Yes,Fiber Optic,20.0,Yes,No,No,No,Yes,Yes,Yes,Yes
3349-ANQNH,,Yes,24.27,Yes,Yes,Fiber Optic,9.0,No,No,Yes,No,Yes,Yes,Yes,Yes
3351-NGXYI,Offer D,Yes,9.72,Yes,Yes,DSL,29.0,Yes,No,No,No,No,No,No,Yes
3351-NQLDI,Offer A,Yes,30.94,Yes,Yes,Fiber Optic,11.0,Yes,No,No,Yes,No,Yes,Yes,Yes
3352-ALMCK,,Yes,32.78,Yes,Yes,Fiber Optic,29.0,No,Yes,Yes,No,Yes,Yes,Yes,Yes
3352-RICWQ,Offer E,Yes,16.13,No,No,,,,,,,,,,
3354-OADJP,,Yes,42.78,No,Yes,DSL,27.0,Yes,No,No,Yes,No,No,No,Yes
3359-DSRKA,Offer B,Yes,11.81,No,No,,,,,,,,,,
3363-DTIVD,Offer A,Yes,25.02,Yes,Yes,Fiber Optic,53.0,Yes,No,Yes,No,Yes,Yes,Yes,Yes
3363-EWLGO,,Yes,34.8,No,No,,,,,,,,,,
3365-SAIGS,,Yes,22.61,No,Yes,Fiber Optic,19.0,No,Yes,No,No,Yes,No,No,Yes
3370-GQEAL,,Yes,21.72,Yes,Yes,Fiber Optic,19.0,No,No,No,No,Yes,No,No,No
3370-HXOPH,,Yes,14.35,Yes,Yes,Fiber Optic,17.0,No,No,No,No,No,No,No,Yes
3372-CDXFJ,,Yes,48.7,Yes,No,,,,,,,,,,
3372-KWFBM,,Yes,19.18,Yes,Yes,Fiber Optic,22.0,No,No,No,No,Yes,No,No,Yes
3373-DIUUN,,Yes,40.0,No,No,,,,,,,,,,
3373-YZZYM,,Yes,32.78,No,No,,,,,,,,,,
3374-LXDEV,Offer D,Yes,8.59,Yes,Yes,Fiber Optic,15.0,No,Yes,Yes,Yes,No,No,No,Yes
3374-PZLXD,Offer C,Yes,36.52,No,No,,,,,,,,,,
3374-TTZTK,,Yes,49.82,No,Yes,Fiber Optic,51.0,Yes,Yes,Yes,Yes,Yes,Yes,Yes,Yes
3376-BMGFE,Offer E,Yes,33.5,No,Yes,Fiber Optic,27.0,No,No,No,No,No,No,No,Yes
3378-AJRAO,,Yes,32.22,Yes,No,,,,,,,,,,
3384-CTMSF,Offer B,Yes,48.69,Yes,Yes,Fiber Optic,21.0,No,Yes,Yes,No,Yes,Yes,Yes,Yes
3387-PLKUI,Offer D,Yes,16.74,No,No,,,,,,,,,,
3387-VATUS,Offer E,Yes,40.15,Yes,Yes,Fiber Optic,19.0,No,No,No,No,Yes,Yes,Yes,Yes
3389-KTRXV,,Yes,7.11,Yes,No,,,,,,,,,,
3389-YGYAI,,Yes,45.16,Yes,Yes,Fiber Optic,15.0,No,Yes,Yes,No,Yes,Yes,No,Yes
3391-JSQEW,,Yes,24.3,No,Yes,DSL,28.0,No,Yes,No,No,No,No,No,Yes
3392-EHMNK,Offer A,Yes,11.4,Yes,Yes,Fiber Optic,27.0,No,Yes,No,Yes,Yes,No,No,Yes
3393-FMZPV,,Yes,36.24,Yes,Yes,Fiber Optic,3.0,No,Yes,No,No,Yes,Yes,Yes,Yes
3396-DKDEL,Offer A,Yes,11.36,Yes,Yes,Fiber Optic,53.0,Yes,Yes,Yes,Yes,Yes,Yes,Yes,Yes
3397-AVTKU,,Yes,21.64,No,Yes,DSL,13.0,No,Yes,No,No,No,Yes,Yes,Yes
3398-FSHON,,Yes,34.01,Yes,Yes,Fiber Optic,18.0,No,Yes,No,No,Yes,No,No,Yes
3398-GCPMU,Offer A,Yes,5.77,Yes,Yes,DSL,24.0,Yes,Yes,Yes,Yes,Yes,Yes,No,Yes
3398-ZOUAA,Offer D,Yes,19.74,No,Yes,Fiber Optic,18.0,No,No,No,No,No,No,No,Yes
3399-BMLVW,Offer B,Yes,9.53,No,Yes,DSL,10.0,Yes,Yes,No,Yes,No,No,No,Yes
3400-ESFUW,Offer B,Yes,8.8,No,Yes,DSL,48.0,Yes,Yes,No,Yes,No,No,No,No
3401-URHDA,,Yes,9.85,Yes,Yes,Cable,3.0,Yes,No,No,Yes,No,No,No,Yes
3402-XRIUO,Offer D,Yes,17.22,Yes,Yes,DSL,25.0,Yes,Yes,No,Yes,No,No,No,Yes
3404-JNXAX,Offer B,Yes,29.56,Yes,Yes,Fiber Optic,27.0,No,No,No,Yes,No,No,No,Yes
3407-JMJQQ,,Yes,1.84,Yes,Yes,Fiber Optic,69.0,Yes,Yes,Yes,No,Yes,Yes,Yes,No
3407-QGWLG,,Yes,37.85,No,No,,,,,,,,,,
3410-MHHUM,Offer B,Yes,24.71,Yes,Yes,Fiber Optic,27.0,No,Yes,Yes,No,No,Yes,Yes,No
3410-YOQBQ,,Yes,25.57,No,Yes,DSL,27.0,No,Yes,Yes,Yes,Yes,Yes,Yes,No
3411-WLRSQ,Offer E,Yes,39.51,No,Yes,Fiber Optic,17.0,No,Yes,No,No,No,No,No,No
3413-BMNZE,Offer E,Yes,11.89,No,Yes,DSL,12.0,No,No,No,No,No,No,No,Yes
3413-CSSTH,,Yes,6.6,Yes,Yes,Cable,3.0,No,No,Yes,No,No,No,No,Yes
3413-DHLPB,Offer B,Yes,2.83,Yes,Yes,Fiber Optic,19.0,No,Yes,No,Yes,Yes,Yes,Yes,Yes
3415-TAILE,,Yes,27.27,No,Yes,DSL,51.0,No,No,No,No,Yes,Yes,Yes,Yes
3417-TSCIC,,No,,,Yes,DSL,59.0,No,No,No,No,No,No,No,Yes
3419-SNJJD,Offer B,Yes,18.39,Yes,Yes,Fiber Optic,28.0,Yes,No,Yes,No,Yes,Yes,No,Yes
3420-YJLQT,Offer E,Yes,25.56,Yes,Yes,Fiber Optic,6.0,No,Yes,No,No,No,No,No,Yes
3420-ZDBMA,Offer E,Yes,17.13,No,Yes,Fiber Optic,9.0,No,No,No,No,No,No,No,Yes
3422-GALYP,Offer E,Yes,28.61,Yes,Yes,Fiber Optic,85.0,No,Yes,No,No,No,No,No,Yes
3422-LYEPQ,Offer E,Yes,18.84,No,Yes,Fiber Optic,19.0,No,No,No,No,No,No,No,Yes
3422-WJOYD,,Yes,33.63,No,Yes,DSL,48.0,Yes,No,No,Yes,No,No,No,No
3423-HHXAO,,Yes,41.05,No,No,,,,,,,,,,
3424-NMNBO,,Yes,49.38,Yes,Yes,Fiber Optic,19.0,Yes,Yes,Yes,No,Yes,Yes,No,Yes
3426-NIYYL,Offer D,Yes,3.15,Yes,Yes,DSL,26.0,No,No,No,No,No,No,No,No
3427-GGZZI,,Yes,45.37,Yes,Yes,Fiber Optic,52.0,No,Yes,No,No,No,Yes,Yes,Yes
3428-MMGUB,,Yes,7.1,Yes,Yes,Fiber Optic,10.0,No,No,Yes,No,Yes,No,No,Yes
3428-XZMAZ,,Yes,45.86,No,Yes,Fiber Optic,27.0,No,No,No,No,No,No,No,Yes
3429-IFLEM,Offer A,Yes,18.2,No,Yes,DSL,28.0,Yes,Yes,Yes,Yes,Yes,No,No,Yes
3439-GVUSX,,No,,,Yes,DSL,29.0,No,No,No,No,No,No,No,Yes
3440-JPSCL,,Yes,5.16,No,Yes,Fiber Optic,59.0,No,No,Yes,Yes,Yes,Yes,Yes,Yes
3441-CGZJH,,No,,,Yes,DSL,10.0,Yes,No,Yes,Yes,Yes,Yes,Yes,No
3442-ZHHCC,Offer A,Yes,1.27,Yes,Yes,Cable,13.0,Yes,Yes,Yes,No,No,Yes,Yes,Yes
3445-HXXGF,Offer B,No,,,Yes,DSL,24.0,No,Yes,Yes,No,No,Yes,No,Yes
3446-QDSZF,Offer E,Yes,38.96,No,Yes,DSL,10.0,No,No,No,No,Yes,No,No,Yes
3450-WXOAT,Offer B,Yes,24.13,No,Yes,Cable,16.0,No,No,No,No,No,No,No,Yes
3451-VAWLI,,Yes,15.41,No,No,,,,,,,,,,
3452-ABWRL,,Yes,44.08,Yes,Yes,Fiber Optic,20.0,No,No,No,No,Yes,No,No,Yes
3452-FLHYD,,Yes,25.08,No,No,,,,,,,,,,
3452-GWUIN,,Yes,19.57,Yes,Yes,Fiber Optic,27.0,No,No,No,No,Yes,Yes,No,Yes
3452-SRFEG,Offer B,Yes,23.82,Yes,Yes,Fiber Optic,18.0,No,No,No,No,No,No,No,Yes
3453-RTHJQ,Offer E,Yes,18.65,No,Yes,Fiber Optic,18.0,No,No,No,No,No,No,No,Yes
3454-JFUBC,Offer A,Yes,10.48,No,No,,,,,,,,,,
3457-PQBYH,,Yes,17.21,No,No,,,,,,,,,,
3458-IDMFK,Offer C,Yes,29.38,No,No,,,,,,,,,,
3460-TJBWI,,Yes,7.37,Yes,No,,,,,,,,,,
3462-BJQQA,,Yes,34.42,Yes,Yes,Fiber Optic,42.0,No,Yes,No,No,Yes,No,No,No
3466-BYAVD,,Yes,8.44,No,Yes,Cable,21.0,No,Yes,Yes,Yes,No,Yes,Yes,Yes
3466-RITXD,,Yes,37.59,Yes,Yes,Fiber Optic,8.0,Yes,Yes,No,No,Yes,No,No,Yes
3466-WAESX,Offer D,Yes,13.99,Yes,Yes,DSL,18.0,Yes,Yes,No,No,No,Yes,Yes,Yes
3468-DRVQJ,,Yes,26.37,Yes,Yes,Cable,26.0,Yes,Yes,No,No,Yes,No,No,Yes
3470-BTGQO,Offer D,Yes,19.57,No,Yes,DSL,29.0,No,No,No,No,No,No,No,Yes
3470-OBUET,,Yes,43.01,Yes,Yes,Cable,16.0,Yes,Yes,No,Yes,Yes,No,No,Yes
3472-OAOOR,,No,,,Yes,Cable,52.0,Yes,Yes,No,No,No,No,No,Yes
3472-QPRCH,,Yes,27.95,Yes,No,,,,,,,,,,
3473-XIIIT,,Yes,37.83,Yes,Yes,Cable,26.0,No,Yes,No,No,Yes,Yes,Yes,Yes
3474-BAFSJ,,No,,,Yes,DSL,69.0,No,Yes,Yes,Yes,Yes,Yes,Yes,No
3481-JHUZH,Offer B,Yes,39.39,Yes,Yes,Fiber Optic,3.0,No,Yes,No,No,No,No,No,Yes
3482-ABPKK,Offer C,Yes,28.42,No,Yes,DSL,48.0,Yes,No,No,Yes,No,No,No,No
3486-HOOGQ,Offer A,Yes,8.36,Yes,Yes,DSL,19.0,Yes,Yes,Yes,Yes,Yes,No,No,Yes
3486-KHMLI,Offer D,Yes,31.26,Yes,No,,,,,,,,,,
3486-NPGST,,Yes,41.33,No,No,,,,,,,,,,
3487-EARAT,,Yes,19.1,No,Yes,DSL,21.0,Yes,Yes,Yes,Yes,No,Yes,Yes,Yes
3488-PGMQJ,,Yes,1.78,No,Yes,Fiber Optic,7.0,No,Yes,No,No,No,No,No,Yes
3489-HHPFY,,Yes,22.23,Yes,Yes,Fiber Optic,13.0,No,No,No,No,Yes,No,No,Yes
3489-VSFRD,Offer B,Yes,30.86,No,Yes,DSL,22.0,Yes,No,Yes,Yes,No,No,No,Yes
3494-JCHRQ,,Yes,27.89,No,Yes,Fiber Optic,20.0,No,No,No,No,No,No,No,Yes
3496-LFSZU,,Yes,28.47,No,Yes,Fiber Optic,5.0,No,No,No,No,No,No,No,No
3498-LZGQZ,,Yes,30.1,No,No,,,,,,,,,,
3500-NSDOA,,Yes,11.12,Yes,Yes,Cable,10.0,No,Yes,No,Yes,No,Yes,Yes,Yes
3500-RMZLT,,Yes,19.11,No,Yes,Fiber Optic,8.0,Yes,No,Yes,Yes,No,Yes,No,No
3503-TYDAY,Offer B,Yes,41.83,Yes,Yes,Fiber Optic,15.0,No,Yes,No,No,No,No,No,Yes
3506-LCJDC,,Yes,8.03,No,No,,,,,,,,,,
3506-OVLKD,,Yes,49.13,Yes,No,,,,,,,,,,
3507-GASNP,Offer B,Yes,16.59,No,No,,,,,,,,,,
3508-CFVZL,Offer A,Yes,49.52,Yes,Yes,Fiber Optic,19.0,Yes,Yes,Yes,Yes,Yes,Yes,Yes,Yes
3508-VLHCZ,Offer A,Yes,41.71,Yes,Yes,Cable,20.0,Yes,Yes,Yes,Yes,Yes,Yes,Yes,Yes
3509-GWQGF,Offer C,Yes,31.73,No,Yes,Fiber Optic,13.0,No,No,No,No,No,No,No,No
3511-APPBJ,,Yes,41.94,No,Yes,Fiber Optic,30.0,Yes,No,Yes,No,Yes,Yes,Yes,Yes
3511-BFTJW,Offer A,No,,,Yes,DSL,82.0,Yes,Yes,Yes,No,No,No,No,Yes
3512-IZIKN,Offer A,Yes,42.67,Yes,Yes,DSL,24.0,Yes,No,Yes,Yes,No,No,No,Yes
3518-FSTWG,,Yes,17.71,Yes,Yes,Fiber Optic,4.0,Yes,Yes,Yes,No,Yes,Yes,Yes,Yes
3518-PZXZQ,,Yes,36.69,No,Yes,DSL,82.0,No,No,No,No,Yes,No,No,Yes
3519-ZKXGG,Offer E,Yes,44.34,Yes,Yes,Fiber Optic,29.0,No,No,No,No,No,No,No,Yes
3520-FJGCV,,Yes,17.3,Yes,Yes,Fiber Optic,14.0,Yes,Yes,Yes,Yes,Yes,Yes,Yes,Yes
3521-HTQTV,,Yes,20.47,Yes,No,,,,,,,,,,
3521-MNKLV,,Yes,38.68,No,Yes,DSL,73.0,No,No,Yes,No,No,No,No,Yes
3521-SYVOR,Offer C,Yes,3.27,No,Yes,Cable,71.0,No,No,No,No,Yes,Yes,Yes,Yes
3522-CDKHF,Offer C,Yes,19.3,No,Yes,Fiber Optic,47.0,Yes,No,No,No,No,No,No,Yes
3523-BRGUW,Offer C,Yes,29.88,No,No,,,,,,,,,,
3523-QRQLL,,Yes,35.04,No,Yes,DSL,76.0,No,Yes,No,No,Yes,Yes,Yes,Yes
3524-WQDSG,,Yes,5.25,Yes,Yes,Fiber Optic,59.0,No,No,Yes,No,Yes,Yes,Yes,Yes
3525-DVKFN,Offer D,Yes,30.07,No,No,,,,,,,,,,
3528-HFRIQ,,No,,,Yes,Cable,28.0,No,Yes,Yes,No,Yes,Yes,Yes,No
3530-CRZSB,,Yes,15.54,No,No,,,,,,,,,,
3530-VWVGU,Offer D,Yes,49.51,No,No,,,,,,,,,,
3533-UVMOM,,Yes,11.94,No,Yes,DSL,3.0,Yes,Yes,Yes,No,No,Yes,Yes,Yes
3536-IQCTX,,Yes,49.6,Yes,Yes,Fiber Optic,10.0,No,No,No,No,No,Yes,Yes,Yes
3537-HPKQT,,Yes,23.45,Yes,Yes,Fiber Optic,53.0,No,Yes,No,No,No,No,No,Yes
3537-RYBHH,,Yes,46.77,Yes,Yes,DSL,24.0,Yes,Yes,Yes,No,No,No,No,Yes
3538-WZPHD,Offer E,No,,,Yes,Cable,3.0,No,Yes,No,No,No,No,No,Yes
3540-RZJYU,,Yes,20.03,No,Yes,Fiber Optic,59.0,Yes,No,No,No,Yes,No,Yes,No
3541-ZNUHK,,Yes,20.1,Yes,Yes,Fiber Optic,19.0,Yes,Yes,No,No,No,No,No,Yes
3544-FBCAS,,Yes,12.84,Yes,Yes,DSL,22.0,Yes,Yes,Yes,No,Yes,Yes,Yes,Yes
3545-CNWRG,Offer B,Yes,27.38,Yes,Yes,Fiber Optic,57.0,No,Yes,No,No,Yes,Yes,Yes,Yes
3546-GHEAE,,Yes,9.43,No,No,,,,,,,,,,
3547-LQRIK,,Yes,11.68,Yes,No,,,,,,,,,,
3549-ZTMNH,,Yes,26.17,Yes,No,,,,,,,,,,
3550-SAHFP,,Yes,20.29,Yes,Yes,Fiber Optic,30.0,No,No,No,No,No,Yes,Yes,No
3551-GAEGL,,No,,,Yes,DSL,42.0,Yes,No,No,No,No,No,No,Yes
3551-HUAZH,Offer E,Yes,11.08,Yes,Yes,Fiber Optic,12.0,No,No,No,No,No,No,No,Yes
3552-CTCYF,Offer B,Yes,40.73,Yes,Yes,Fiber Optic,76.0,No,Yes,Yes,No,Yes,Yes,Yes,Yes
3556-BVQGL,Offer D,Yes,19.15,No,No,,,,,,,,,,
3557-HTYWR,,Yes,45.67,Yes,Yes,DSL,3.0,Yes,Yes,No,Yes,No,Yes,Yes,Yes
3563-SVYLG,Offer A,Yes,36.51,No,Yes,DSL,24.0,Yes,Yes,Yes,Yes,No,No,No,Yes
3565-UNOCC,,Yes,22.33,Yes,Yes,Fiber Optic,6.0,No,No,Yes,No,Yes,Yes,Yes,Yes
3566-CAAYU,Offer B,No,,,Yes,DSL,59.0,No,Yes,Yes,Yes,No,Yes,Yes,Yes
3566-HJGPK,Offer E,Yes,16.34,No,Yes,DSL,4.0,No,No,No,No,No,No,No,Yes
3566-VVORZ,,Yes,30.79,No,Yes,DSL,4.0,No,No,No,No,No,No,No,Yes
3567-PQTSO,Offer B,Yes,3.78,Yes,Yes,Fiber Optic,27.0,No,Yes,Yes,No,Yes,Yes,Yes,Yes
3569-EDBPQ,,Yes,25.81,Yes,Yes,Fiber Optic,3.0,Yes,No,No,Yes,No,No,No,Yes
3569-JFODW,,Yes,45.66,Yes,Yes,DSL,47.0,Yes,Yes,Yes,Yes,Yes,Yes,Yes,Yes
3569-VLDHH,Offer A,Yes,29.5,No,Yes,DSL,76.0,Yes,Yes,Yes,Yes,Yes,No,No,Yes
3570-YUEKJ,,Yes,8.71,No,Yes,DSL,23.0,No,Yes,No,No,No,No,No,Yes
3571-DPYUH,Offer B,Yes,43.75,Yes,Yes,Fiber Optic,69.0,No,Yes,No,Yes,Yes,No,No,Yes
3571-RFHAR,Offer B,Yes,9.36,Yes,Yes,Fiber Optic,4.0,No,Yes,Yes,Yes,Yes,Yes,Yes,No
3572-UOLYZ,,Yes,4.08,Yes,Yes,Fiber Optic,59.0,No,No,Yes,Yes,No,No,No,Yes
3572-UUHRS,,Yes,40.59,No,No,,,,,,,,,,
3577-AMVUX,,Yes,14.65,No,Yes,Cable,15.0,No,No,Yes,Yes,No,No,No,Yes
3580-GICBM,,Yes,34.84,Yes,No,,,,,,,,,,
3580-HYCSP,,Yes,33.01,Yes,Yes,Fiber Optic,51.0,Yes,Yes,Yes,No,Yes,Yes,Yes,Yes
3580-REOAC,,Yes,49.58,No,Yes,DSL,17.0,No,No,No,No,No,No,No,Yes
3583-EKAPL,,Yes,47.22,No,Yes,Cable,53.0,No,No,No,No,No,Yes,Yes,Yes
3583-KRKMD,,Yes,26.84,No,Yes,Fiber Optic,20.0,No,No,No,Yes,No,No,No,Yes
3584-WKTTW,Offer B,Yes,39.32,Yes,Yes,Fiber Optic,76.0,Yes,No,Yes,Yes,Yes,Yes,Yes,Yes
3585-ISXZP,,Yes,29.66,Yes,Yes,Fiber Optic,12.0,No,No,No,No,Yes,Yes,Yes,Yes
3585-YNADK,,Yes,6.63,Yes,Yes,Cable,27.0,No,Yes,Yes,Yes,Yes,No,No,Yes
3587-PMCOY,Offer D,Yes,46.33,No,Yes,Fiber Optic,26.0,Yes,No,Yes,No,Yes,Yes,Yes,Yes
3588-WSTTJ,Offer C,Yes,31.64,Yes,Yes,Fiber Optic,7.0,Yes,No,No,No,Yes,Yes,Yes,Yes
3589-PPVKW,Offer E,Yes,38.65,No,Yes,DSL,26.0,No,No,No,No,No,No,No,Yes
3590-TCXTB,,Yes,31.97,No,No,,,,,,,,,,
3594-BDSOA,,Yes,35.86,No,No,,,,,,,,,,
3594-IVHJZ,,Yes,47.19,No,No,,,,,,,,,,
3594-KADLU,Offer E,No,,,Yes,Cable,25.0,Yes,No,No,Yes,No,No,No,Yes
3594-UVONA,Offer C,Yes,8.8,Yes,Yes,Cable,46.0,Yes,No,Yes,Yes,Yes,Yes,Yes,No
3597-MVHJT,,Yes,35.17,Yes,Yes,Fiber Optic,24.0,No,No,No,No,Yes,Yes,Yes,Yes
3597-YASZG,Offer A,Yes,39.34,Yes,Yes,Fiber Optic,13.0,No,Yes,No,Yes,Yes,Yes,No,Yes
3604-WLABM,Offer D,Yes,12.96,No,Yes,DSL,29.0,No,No,Yes,Yes,No,No,No,Yes
3605-JISKB,,Yes,9.08,Yes,Yes,Cable,23.0,Yes,Yes,No,No,No,No,No,Yes
3606-SBKRY,,No,,,Yes,DSL,5.0,No,No,Yes,No,Yes,Yes,Yes,Yes
3606-TWKGI,Offer D,Yes,32.68,Yes,Yes,Cable,11.0,No,Yes,Yes,No,Yes,Yes,No,No
3612-YUNGG,,Yes,13.73,Yes,Yes,Fiber Optic,12.0,No,Yes,Yes,Yes,Yes,Yes,Yes,Yes
3612-YVGSJ,,Yes,33.0,Yes,No,,,,,,,,,,
3617-XLSGQ,,Yes,20.11,Yes,Yes,Fiber Optic,25.0,Yes,Yes,Yes,No,Yes,Yes,Yes,No
3620-EHIMZ,,Yes,9.87,No,No,,,,,,,,,,
3620-MWJNE,,Yes,19.87,No,Yes,DSL,19.0,Yes,No,No,Yes,No,No,No,Yes
3621-CEOVK,,Yes,47.01,Yes,Yes,Fiber Optic,19.0,No,Yes,No,No,Yes,Yes,No,Yes
3621-CHYVB,,No,,,Yes,DSL,14.0,Yes,No,Yes,Yes,No,Yes,Yes,Yes
3623-FQBOX,Offer D,Yes,44.01,No,No,,,,,,,,,,
3627-FCRDW,,Yes,24.52,No,Yes,Fiber Optic,9.0,No,No,No,No,No,No,No,Yes
3627-FHKBK,,Yes,4.13,No,Yes,Fiber Optic,51.0,Yes,No,No,No,No,No,No,Yes
3629-WEAAM,,Yes,45.04,No,Yes,DSL,73.0,No,No,Yes,Yes,No,Yes,Yes,No
3629-ZNKXA,,Yes,17.26,No,Yes,Fiber Optic,25.0,No,Yes,Yes,No,Yes,Yes,No,No
3633-CDBUW,,Yes,45.92,No,Yes,DSL,73.0,No,Yes,Yes,Yes,Yes,Yes,Yes,No
3635-JBPSG,,No,,,Yes,DSL,23.0,No,Yes,No,No,No,Yes,Yes,Yes
3635-QQRQD,,Yes,33.68,No,No,,,,,,,,,,
3638-DIMPH,,Yes,29.49,No,Yes,DSL,2.0,No,No,No,No,No,No,No,Yes
3638-VBZTA,,Yes,11.5,Yes,Yes,DSL,29.0,Yes,Yes,No,Yes,Yes,Yes,Yes,Yes
3638-WEABW,Offer B,Yes,48.98,Yes,Yes,Cable,76.0,No,Yes,No,Yes,No,No,No,Yes
3639-XJHKQ,Offer D,Yes,36.48,No,Yes,DSL,20.0,Yes,Yes,Yes,No,No,No,No,Yes
3640-JQGJG,,Yes,6.18,No,Yes,Cable,59.0,No,No,No,No,No,No,No,No
3640-PHQXK,,Yes,6.33,Yes,Yes,Fiber Optic,11.0,No,No,Yes,No,No,Yes,Yes,Yes
3642-BYHDO,Offer A,Yes,12.22,No,No,,,,,,,,,,
3642-GKTCT,Offer B,Yes,5.55,Yes,Yes,Fiber Optic,7.0,Yes,Yes,Yes,Yes,Yes,Yes,Yes,Yes
3643-AHCFP,,Yes,21.91,Yes,Yes,Cable,11.0,No,No,No,No,Yes,Yes,No,Yes
3644-QXEHN,Offer D,Yes,44.05,No,Yes,Fiber Optic,19.0,No,No,Yes,No,Yes,Yes,Yes,Yes
3645-DEYGF,,Yes,7.57,No,No,,,,,,,,,,
3646-ITDGM,Offer B,Yes,32.88,No,No,,,,,,,,,,
3647-GMGDH,,Yes,37.8,No,Yes,Fiber Optic,15.0,No,No,Yes,No,Yes,Yes,Yes,Yes
3648-GZPHF,Offer C,No,,,Yes,DSL,53.0,No,No,Yes,Yes,No,No,No,Yes
3649-JPUGY,Offer A,Yes,44.46,Yes,Yes,DSL,48.0,No,Yes,Yes,Yes,Yes,Yes,Yes,Yes
3653-NCRDJ,,Yes,14.97,No,No,,,,,,,,,,
3654-ARMGP,,Yes,19.58,Yes,Yes,DSL,22.0,No,Yes,Yes,Yes,Yes,Yes,Yes,Yes
3655-SNQYZ,Offer A,Yes,33.23,Yes,Yes,Fiber Optic,3.0,Yes,Yes,Yes,Yes,Yes,Yes,Yes,Yes
3656-TKRVZ,,Yes,1.24,No,Yes,DSL,52.0,Yes,Yes,No,No,No,No,Yes,Yes
3657-COGMW,,Yes,11.01,Yes,Yes,Fiber Optic,18.0,Yes,Yes,Yes,No,Yes,Yes,No,Yes
3658-KIBGF,,Yes,44.36,No,Yes,DSL,58.0,Yes,Yes,No,No,No,No,Yes,Yes
3658-QQJYD,Offer B,Yes,38.33,No,Yes,Cable,30.0,Yes,Yes,No,No,Yes,Yes,Yes,Yes
3662-FXJFO,Offer B,Yes,10.83,No,No,,,,,,,,,,
3663-MITLP,,Yes,16.82,No,Yes,Fiber Optic,26.0,No,Yes,Yes,No,Yes,Yes,Yes,Yes
3665-JATSN,,No,,,Yes,DSL,59.0,No,Yes,No,No,No,Yes,Yes,No
3668-QPYBK,,Yes,10.47,No,Yes,DSL,21.0,Yes,Yes,No,No,No,No,No,Yes
3669-LVWZB,,No,,,Yes,DSL,59.0,No,Yes,No,No,Yes,Yes,Yes,Yes
3669-OYSJI,Offer E,Yes,48.58,No,Yes,DSL,21.0,No,No,No,No,No,No,No,Yes
3669-WHAFY,Offer A,Yes,9.44,Yes,Yes,Fiber Optic,9.0,Yes,Yes,Yes,Yes,Yes,Yes,Yes,Yes
3671-SHRSP,Offer E,Yes,14.3,No,Yes,Fiber Optic,2.0,No,No,Yes,Yes,No,No,No,Yes
3672-YITQD,Offer C,Yes,31.65,Yes,Yes,Fiber Optic,15.0,No,No,No,No,No,Yes,No,Yes
3675-EQOZA,Offer E,Yes,42.52,No,No,,,,,,,,,,
3675-YDUPJ,Offer D,Yes,1.98,No,No,,,,,,,,,,
3677-IYRBF,,No,,,Yes,DSL,13.0,No,No,Yes,No,No,No,No,Yes
3677-TNKIO,,Yes,36.25,No,Yes,Fiber Optic,52.0,No,No,No,No,No,No,No,Yes
3678-MNGZX,Offer A,Yes,35.89,No,No,,,,,,,,,,
3679-XASPY,Offer E,Yes,16.44,No,No,,,,,,,,,,
3680-CTHUH,,Yes,44.24,Yes,Yes,Fiber Optic,52.0,Yes,Yes,Yes,Yes,Yes,Yes,Yes,Yes
3682-YEUWS,,Yes,4.16,Yes,No,,,,,,,,,,
3683-QKIUE,Offer E,Yes,21.91,No,Yes,DSL,12.0,No,No,No,Yes,No,No,No,Yes
3685-YLCMQ,Offer B,Yes,41.14,Yes,Yes,Fiber Optic,25.0,No,No,Yes,Yes,Yes,Yes,Yes,No
3688-FTHLT,,Yes,42.73,Yes,Yes,DSL,23.0,No,No,No,No,No,Yes,Yes,No
3689-MOZGR,,No,,,Yes,Cable,59.0,No,No,No,Yes,No,No,No,Yes
3692-JHONH,,Yes,27.74,Yes,Yes,Fiber Optic,18.0,No,Yes,Yes,No,Yes,Yes,No,No
3694-DELSO,,No,,,Yes,DSL,53.0,Yes,No,No,No,Yes,No,No,Yes
3694-GLTJM,,Yes,41.93,No,No,,,,,,,,,,
3696-DFHHB,,Yes,9.82,Yes,No,,,,,,,,,,
3696-XRIEN,Offer B,Yes,21.25,Yes,Yes,DSL,2.0,Yes,No,Yes,Yes,Yes,Yes,Yes,Yes
3701-SFMUH,Offer E,Yes,5.17,No,Yes,Cable,51.0,Yes,No,No,No,Yes,Yes,Yes,Yes
3703-KBKZP,Offer D,Yes,22.02,Yes,Yes,Fiber Optic,5.0,No,No,No,No,No,No,No,Yes
3703-TTEPD,,Yes,16.16,No,Yes,DSL,42.0,Yes,No,Yes,No,Yes,No,No,Yes
3703-VAVCL,,Yes,46.92,No,Yes,Fiber Optic,7.0,No,No,Yes,Yes,No,Yes,Yes,Yes
3704-IEAXF,,No,,,Yes,DSL,53.0,No,Yes,No,Yes,Yes,Yes,Yes,Yes
3705-PSNGL,Offer B,Yes,25.4,No,No,,,,,,,,,,
3705-RHRFR,,Yes,45.35,Yes,Yes,Fiber Optic,19.0,Yes,No,No,No,Yes,Yes,Yes,Yes
3707-GNWHM,,Yes,21.8,Yes,Yes,Fiber Optic,42.0,No,No,No,No,No,No,No,Yes
3707-LRWZD,,Yes,40.26,Yes,Yes,Fiber Optic,14.0,No,No,No,No,Yes,No,No,Yes
3709-OIJEA,,Yes,29.72,No,Yes,Fiber Optic,11.0,No,Yes,Yes,Yes,No,No,No,Yes
3712-PKXZA,,Yes,19.27,No,No,,,,,,,,,,
3714-JTVOV,Offer B,Yes,2.9,No,Yes,Fiber Optic,21.0,Yes,No,No,No,No,No,No,Yes
3714-NTNFO,Offer B,Yes,27.2,Yes,Yes,Fiber Optic,24.0,No,No,No,No,No,Yes,Yes,Yes
3714-XPXBW,,Yes,42.41,Yes,Yes,DSL,4.0,Yes,Yes,Yes,Yes,Yes,No,No,No
3716-BDVDB,Offer E,Yes,38.66,No,Yes,Fiber Optic,18.0,No,No,No,No,No,No,No,Yes
3716-LRGXK,,Yes,10.05,Yes,Yes,Fiber Optic,48.0,No,No,Yes,No,Yes,Yes,Yes,Yes
3716-UVSPD,,Yes,14.97,No,Yes,DSL,5.0,No,No,No,Yes,No,No,No,No
3717-FDJFU,Offer E,Yes,29.15,No,No,,,,,,,,,,
3717-LNXKW,,Yes,12.71,Yes,Yes,Fiber Optic,9.0,Yes,No,No,No,Yes,No,No,Yes
3717-OEAUQ,Offer E,Yes,2.72,No,Yes,Fiber Optic,14.0,No,No,No,No,No,No,No,No
3717-OFRTN,Offer E,Yes,5.32,No,No,,,,,,,,,,
3719-TDVQB,,Yes,23.94,No,No,,,,,,,,,,
3720-DBRWL,Offer B,Yes,6.89,No,Yes,Cable,41.0,Yes,Yes,Yes,Yes,Yes,Yes,Yes,Yes
3721-CNEYS,,Yes,15.33,No,Yes,Fiber Optic,26.0,No,No,No,No,No,No,No,Yes
3721-CNZHX,,Yes,5.54,No,No,,,,,,,,,,
3721-WKIIL,,Yes,15.41,No,No,,,,,,,,,,
3722-WPXTK,,Yes,14.26,No,Yes,Fiber Optic,46.0,No,No,No,No,Yes,Yes,Yes,Yes
3723-BFBGR,,Yes,8.66,Yes,Yes,Cable,27.0,No,Yes,No,No,No,No,No,No
3724-BSCVH,Offer D,Yes,37.59,No,No,,,,,,,,,,
3724-UCSHY,Offer E,Yes,36.54,No,No,,,,,,,,,,
3726-TBHQT,,Yes,25.45,Yes,Yes,Fiber Optic,59.0,Yes,Yes,Yes,Yes,Yes,Yes,Yes,Yes
3727-JEZTU,,Yes,45.91,No,No,,,,,,,,,,
3727-OVPRY,Offer A,Yes,42.84,Yes,No,,,,,,,,,,
3727-OWVYD,,Yes,38.38,No,Yes,DSL,82.0,Yes,Yes,Yes,No,No,No,No,Yes
3727-RJMEO,,Yes,8.59,Yes,Yes,Fiber Optic,28.0,No,No,No,No,Yes,No,No,Yes
3729-OWRVL,,Yes,44.23,Yes,Yes,Fiber Optic,27.0,Yes,No,Yes,Yes,Yes,Yes,No,Yes
3733-LSYCE,,Yes,30.09,No,Yes,Fiber Optic,71.0,No,Yes,No,No,No,No,No,Yes
3733-UOCWF,Offer B,Yes,46.65,Yes,Yes,Fiber Optic,23.0,No,Yes,No,Yes,No,No,No,Yes
3733-ZEECP,,Yes,27.91,No,Yes,Cable,27.0,No,No,No,Yes,No,No,No,Yes
3736-BLEPA,Offer C,Yes,13.69,No,Yes,Fiber Optic,12.0,No,Yes,No,Yes,Yes,No,No,Yes
3737-GCSPV,,Yes,26.88,Yes,Yes,Fiber Optic,19.0,Yes,No,No,Yes,Yes,No,No,Yes
3737-XBQDD,Offer C,Yes,13.13,Yes,Yes,Fiber Optic,14.0,No,Yes,Yes,No,No,No,No,No
3739-YBWAB,Offer C,No,,,Yes,Cable,23.0,Yes,No,Yes,No,No,No,No,Yes
3740-RLMVT,Offer A,Yes,42.07,No,Yes,Cable,12.0,Yes,Yes,No,Yes,No,No,No,Yes
3744-ZBHON,,Yes,31.81,No,No,,,,,,,,,,
3744-ZRRDZ,Offer D,Yes,12.76,Yes,Yes,Fiber Optic,48.0,No,Yes,No,No,No,No,Yes,Yes
3745-HRPHI,,No,,,Yes,DSL,28.0,No,No,Yes,Yes,Yes,Yes,Yes,Yes
3746-EUBYR,Offer E,Yes,44.73,Yes,Yes,Fiber Optic,3.0,No,No,No,No,No,No,No,Yes
3748-FVMZZ,,No,,,Yes,DSL,13.0,No,No,No,Yes,No,Yes,Yes,Yes
3750-CKVKH,,Yes,11.75,No,Yes,Fiber Optic,4.0,No,No,No,No,No,No,No,Yes
3750-RNQKR,,Yes,18.12,No,No,,,,,,,,,,
3750-YHRYO,,Yes,21.09,No,No,,,,,,,,,,
3751-KTZEL,Offer E,No,,,Yes,DSL,22.0,No,No,No,No,No,Yes,Yes,Yes
3752-CQSJI,Offer D,Yes,16.4,No,No,,,,,,,,,,
3753-TSEMP,,Yes,12.27,No,Yes,Fiber Optic,76.0,No,No,No,No,Yes,Yes,Yes,Yes
3754-DXMRT,,Yes,43.66,No,Yes,DSL,25.0,No,No,No,No,No,No,No,Yes
3755-JBMNH,,Yes,45.9,No,Yes,Fiber Optic,5.0,No,No,No,No,No,No,No,Yes
3756-VNWDH,,Yes,32.08,Yes,Yes,Fiber Optic,8.0,Yes,No,No,No,Yes,Yes,No,Yes
3757-NJYBX,,Yes,7.92,Yes,Yes,Fiber Optic,3.0,No,Yes,Yes,No,Yes,Yes,No,Yes
3758-CKOQL,Offer B,Yes,41.15,Yes,Yes,Fiber Optic,48.0,Yes,Yes,Yes,Yes,No,Yes,Yes,No
3761-FLYZI,,Yes,48.53,Yes,Yes,Fiber Optic,9.0,No,Yes,Yes,No,Yes,Yes,No,Yes
3763-GCZHZ,Offer A,Yes,20.07,Yes,Yes,Fiber Optic,85.0,No,Yes,No,Yes,Yes,Yes,Yes,Yes
3764-MNMOI,Offer B,Yes,30.99,No,No,,,,,,,,,,
3765-JXVKY,Offer E,Yes,44.11,No,Yes,Fiber Optic,69.0,No,Yes,No,No,No,No,Yes,Yes
3766-EJLFL,,Yes,18.42,Yes,Yes,Fiber Optic,53.0,Yes,No,Yes,Yes,Yes,Yes,Yes,Yes
3768-NLUBH,Offer B,Yes,42.1,Yes,Yes,Fiber Optic,3.0,No,No,Yes,No,Yes,Yes,No,Yes
3768-VHXQO,Offer A,Yes,3.28,Yes,No,,,,,,,,,,
3769-MHZNV,,Yes,24.27,No,No,,,,,,,,,,
3771-PZOBW,Offer D,Yes,25.41,Yes,Yes,Fiber Optic,27.0,No,No,Yes,No,Yes,No,No,Yes
3774-VBNXY,,Yes,36.24,No,No,,,,,,,,,,
3776-EKTKM,,No,,,Yes,Cable,26.0,No,No,No,No,Yes,No,No,Yes
3777-XROBG,,Yes,43.52,No,No,,,,,,,,,,
3778-FOAQW,Offer C,Yes,32.86,No,No,,,,,,,,,,
3779-OSWCF,,Yes,12.12,Yes,Yes,Cable,23.0,Yes,Yes,Yes,Yes,Yes,Yes,Yes,Yes
3780-DDGSE,Offer C,Yes,14.19,No,Yes,DSL,17.0,No,Yes,No,Yes,Yes,Yes,Yes,Yes
3780-YVMFA,,Yes,29.94,No,Yes,Cable,17.0,No,No,No,Yes,Yes,Yes,Yes,Yes
3785-KTYSH,,Yes,34.16,Yes,No,,,,,,,,,,
3785-NRHYR,,Yes,16.91,No,No,,,,,,,,,,
3786-WOVKF,Offer A,Yes,7.85,Yes,Yes,Fiber Optic,20.0,Yes,Yes,No,No,Yes,Yes,Yes,No
3787-TRIAL,Offer D,No,,,Yes,DSL,59.0,No,No,No,No,No,No,No,Yes
3791-LGQCY,,Yes,33.81,Yes,Yes,Cable,29.0,No,No,Yes,No,Yes,Yes,No,No
3793-MMFUH,,Yes,19.03,Yes,Yes,Fiber Optic,24.0,No,No,No,No,Yes,Yes,Yes,Yes
3794-NFNCH,Offer C,Yes,23.16,No,Yes,DSL,6.0,No,No,Yes,No,No,No,No,Yes
3795-CAWEX,Offer A,Yes,40.77,Yes,Yes,Fiber Optic,71.0,Yes,Yes,Yes,Yes,Yes,Yes,Yes,Yes
3795-GWTRD,,Yes,6.33,No,Yes,Cable,30.0,Yes,Yes,Yes,Yes,Yes,No,No,Yes
3796-ENZGF,,Yes,48.14,Yes,Yes,Cable,28.0,No,Yes,No,Yes,No,Yes,Yes,No
3797-FKOGQ,,Yes,5.84,Yes,Yes,Fiber Optic,10.0,No,No,No,No,No,Yes,Yes,No
3797-VTIDR,Offer E,No,,,Yes,DSL,21.0,No,No,No,No,No,No,No,Yes
3798-EPWRR,Offer E,Yes,19.09,No,Yes,DSL,30.0,No,No,No,No,No,No,No,Yes
3799-ISUZQ,,Yes,35.42,No,Yes,Fiber Optic,3.0,No,No,No,No,No,No,No,Yes
3800-LYTRK,,Yes,27.68,No,Yes,DSL,26.0,Yes,No,No,Yes,No,No,No,No
3801-HMYNL,,Yes,32.35,No,Yes,Fiber Optic,18.0,No,No,No,No,Yes,Yes,Yes,Yes
3803-KMQFW,,Yes,37.92,No,No,,,,,,,,,,
3804-RVTGV,Offer B,Yes,42.21,Yes,Yes,Fiber Optic,14.0,No,Yes,Yes,No,Yes,Yes,Yes,Yes
3806-DXQOM,Offer E,No,,,Yes,DSL,4.0,Yes,Yes,No,No,No,No,No,Yes
3806-YAZOV,Offer E,Yes,6.61,No,No,,,,,,,,,,
3807-BPOMJ,Offer B,Yes,24.93,No,Yes,Fiber Optic,17.0,Yes,No,No,No,Yes,Yes,Yes,Yes
3807-XHCJH,,Yes,6.86,No,No,,,,,,,,,,
3808-HFKDE,Offer D,Yes,4.15,No,Yes,Cable,18.0,No,No,No,No,No,No,No,Yes
3810-DVDQQ,,Yes,47.02,Yes,Yes,Fiber Optic,48.0,Yes,Yes,Yes,Yes,Yes,Yes,Yes,Yes
3810-PJUHR,Offer A,Yes,10.46,Yes,No,,,,,,,,,,
3811-VBYBZ,,Yes,47.03,Yes,Yes,Fiber Optic,2.0,No,Yes,No,No,Yes,Yes,Yes,No
3812-LRZIR,,Yes,35.52,Yes,No,,,,,,,,,,
3813-DHBBB,,No,,,Yes,DSL,6.0,Yes,Yes,No,Yes,No,Yes,Yes,Yes
3814-MLAXC,,Yes,16.63,Yes,Yes,Fiber Optic,12.0,No,No,No,Yes,No,No,No,Yes
3815-SLMEF,Offer E,No,,,Yes,Cable,52.0,Yes,No,No,Yes,No,No,No,Yes
3823-KYNQY,Offer D,Yes,25.57,Yes,No,,,,,,,,,,
3824-RHKVR,Offer D,Yes,22.26,No,No,,,,,,,,,,
3831-YCPUO,,Yes,32.23,No,Yes,Fiber Optic,19.0,Yes,Yes,Yes,Yes,Yes,Yes,Yes,Yes
3834-XUIFC,Offer E,Yes,18.83,Yes,Yes,Fiber Optic,26.0,No,No,No,No,No,Yes,Yes,Yes
3836-FZSDJ,Offer A,Yes,22.19,Yes,No,,,,,,,,,,
3838-OZURD,Offer A,Yes,7.28,Yes,Yes,Fiber Optic,51.0,No,Yes,Yes,No,Yes,Yes,Yes,Yes
3841-CONLJ,,No,,,Yes,DSL,14.0,No,No,No,No,No,Yes,Yes,Yes
3841-NFECX,,Yes,47.02,Yes,Yes,Fiber Optic,12.0,Yes,Yes,Yes,Yes,No,No,No,Yes
3842-IYKUE,Offer C,Yes,45.14,Yes,Yes,Fiber Optic,41.0,No,Yes,No,Yes,No,No,Yes,No
3842-QTGDL,,Yes,46.0,No,Yes,Fiber Optic,30.0,Yes,Yes,No,No,No,No,No,Yes
3845-FXCYS,,Yes,7.8,No,No,,,,,,,,,,
3845-JHAMY,Offer D,No,,,Yes,Cable,53.0,No,No,No,No,No,Yes,Yes,No
3847-BAERP,,Yes,12.39,No,No,,,,,,,,,,
3850-OKINF,Offer A,Yes,37.03,Yes,Yes,DSL,26.0,Yes,No,No,No,Yes,No,No,Yes
3853-LYGAM,,Yes,21.14,Yes,Yes,Fiber Optic,5.0,No,No,Yes,Yes,No,Yes,Yes,Yes
3855-ONCAR,,Yes,41.93,No,Yes,Fiber Optic,53.0,No,No,No,No,Yes,No,No,Yes
3858-VOBET,,Yes,28.8,Yes,Yes,Cable,13.0,No,No,No,No,No,No,No,Yes
3858-XHYJO,Offer B,Yes,22.2,Yes,Yes,Fiber Optic,76.0,Yes,No,Yes,No,Yes,Yes,Yes,Yes
3859-CVCET,,Yes,45.4,No,Yes,DSL,27.0,No,No,No,No,No,No,No,Yes
3863-IUBJR,,Yes,27.82,No,Yes,DSL,26.0,No,No,No,No,No,Yes,Yes,Yes
3863-QSTYI,,Yes,16.8,No,Yes,Cable,18.0,No,No,Yes,Yes,Yes,No,No,Yes
3865-QBWSJ,,Yes,45.13,Yes,Yes,Fiber Optic,27.0,Yes,No,No,No,No,No,No,Yes
3865-YIOTT,,Yes,11.67,Yes,Yes,Fiber Optic,26.0,Yes,No,Yes,No,Yes,Yes,Yes,Yes
3865-ZFZIB,Offer D,Yes,34.68,No,No,,,,,,,,,,
3865-ZYKAD,,Yes,14.76,Yes,Yes,Fiber Optic,14.0,Yes,Yes,No,No,No,No,No,Yes
3866-MDTUB,,Yes,26.93,No,Yes,DSL,10.0,Yes,No,No,No,Yes,Yes,Yes,Yes
3870-MQAMG,Offer B,Yes,2.18,Yes,Yes,Fiber Optic,71.0,No,Yes,Yes,Yes,Yes,Yes,Yes,Yes
3870-SPZSI,Offer A,Yes,33.25,Yes,Yes,Fiber Optic,15.0,Yes,Yes,Yes,Yes,Yes,Yes,Yes,Yes
3871-IKPYH,,Yes,16.19,No,Yes,Fiber Optic,12.0,No,No,No,No,No,No,No,Yes
3873-NFTGI,Offer D,Yes,18.48,Yes,Yes,DSL,21.0,No,Yes,No,No,No,No,No,Yes
3873-WOSBC,Offer A,Yes,11.74,Yes,No,,,,,,,,,,
3874-EQOEP,Offer E,Yes,20.52,Yes,Yes,Cable,28.0,No,No,No,No,Yes,Yes,Yes,No
3877-JRJIP,,Yes,22.05,Yes,Yes,Cable,28.0,No,No,No,No,Yes,No,No,Yes
3878-AVSOQ,,Yes,17.6,No,Yes,Fiber Optic,2.0,No,No,No,No,No,No,No,No
3882-IYOIJ,Offer B,Yes,43.33,Yes,Yes,Fiber Optic,28.0,Yes,Yes,Yes,Yes,Yes,Yes,Yes,Yes
3884-HCSWG,,Yes,7.66,No,Yes,Fiber Optic,17.0,No,No,No,No,No,No,No,No
3884-UEBXB,,No,,,Yes,DSL,15.0,Yes,Yes,No,No,No,No,No,Yes
3886-CERTZ,,Yes,31.13,Yes,Yes,Fiber Optic,11.0,No,Yes,Yes,Yes,Yes,Yes,Yes,Yes
3887-PBQAO,Offer B,Yes,22.49,Yes,No,,,,,,,,,,
3889-VWBID,,Yes,27.59,No,Yes,DSL,27.0,Yes,Yes,No,Yes,Yes,Yes,Yes,Yes
3890-RTCMS,,Yes,48.45,No,Yes,DSL,59.0,No,No,No,Yes,No,No,No,Yes
3891-NLXJB,,No,,,Yes,DSL,69.0,Yes,Yes,No,Yes,No,No,Yes,No
3891-PUQOD,,Yes,13.58,No,Yes,DSL,24.0,No,No,Yes,No,No,Yes,Yes,Yes
3892-NXAZG,Offer A,Yes,5.81,Yes,Yes,Fiber Optic,29.0,Yes,Yes,Yes,Yes,Yes,Yes,Yes,Yes
3893-JRNFS,,No,,,Yes,DSL,58.0,No,No,Yes,No,No,Yes,Yes,Yes
3896-RCYYE,,No,,,Yes,DSL,11.0,No,No,Yes,Yes,Yes,Yes,Yes,Yes
3896-ZVNET,,Yes,20.74,Yes,No,,,,,,,,,,
3898-BSJYF,Offer D,Yes,14.24,Yes,Yes,Cable,26.0,Yes,No,Yes,Yes,No,Yes,Yes,Yes
3898-GUYTS,,Yes,12.67,Yes,Yes,Fiber Optic,4.0,Yes,Yes,No,Yes,Yes,No,No,Yes
3900-AQPHZ,,Yes,49.51,No,No,,,,,,,,,,
3902-FOIGH,,Yes,48.5,Yes,Yes,Fiber Optic,4.0,No,Yes,No,No,Yes,Yes,No,Yes
3902-MIVLE,Offer B,Yes,12.15,Yes,Yes,DSL,21.0,Yes,No,Yes,Yes,No,Yes,Yes,Yes
3904-UKFRE,Offer E,Yes,44.16,Yes,Yes,Fiber Optic,82.0,Yes,No,No,No,No,No,No,Yes
3908-BLSYF,,Yes,25.93,No,Yes,Fiber Optic,24.0,No,No,Yes,No,No,Yes,Yes,Yes
3908-MKIMJ,,No,,,Yes,Cable,28.0,Yes,Yes,Yes,No,No,No,No,Yes
3910-MRQOY,,Yes,12.87,No,No,,,,,,,,,,
3911-RSNHI,Offer A,No,,,Yes,DSL,27.0,No,Yes,Yes,Yes,Yes,Yes,Yes,Yes
3913-FCUUW,Offer A,Yes,6.85,Yes,Yes,DSL,19.0,Yes,Yes,Yes,Yes,No,No,No,Yes
3913-RDSJZ,,Yes,49.39,Yes,No,,,,,,,,,,
3914-FDRHP,,Yes,46.34,No,Yes,Fiber Optic,59.0,No,No,No,Yes,Yes,No,No,Yes
3915-ODIYG,,Yes,10.2,Yes,Yes,DSL,29.0,Yes,Yes,No,No,No,Yes,Yes,No
3916-NRPAP,Offer E,Yes,29.84,No,Yes,Fiber Optic,30.0,No,No,Yes,No,No,Yes,Yes,Yes
3920-HIHMQ,,Yes,16.34,Yes,Yes,DSL,19.0,No,No,No,No,No,No,No,No
3923-CSIHK,,Yes,4.6,No,Yes,Cable,24.0,No,No,No,No,No,No,No,Yes
3926-CUQZX,Offer E,Yes,11.06,No,Yes,DSL,58.0,No,No,No,No,No,No,Yes,Yes
3926-YZVVX,,Yes,12.42,No,Yes,Cable,12.0,No,No,No,Yes,No,No,No,Yes
3927-NLNRY,Offer B,Yes,15.77,No,Yes,Fiber Optic,9.0,No,Yes,No,No,Yes,Yes,Yes,Yes
3930-ZGWVE,,Yes,15.77,No,No,,,,,,,,,,
3932-CMDTD,,Yes,43.45,No,Yes,Fiber Optic,52.0,No,Yes,Yes,Yes,Yes,Yes,Yes,Yes
3932-IJWDZ,Offer B,Yes,24.75,Yes,Yes,Fiber Optic,13.0,No,No,Yes,Yes,Yes,Yes,Yes,Yes
3933-DQPWX,,No,,,Yes,DSL,6.0,No,Yes,Yes,Yes,No,No,No,Yes
3934-HXCFZ,Offer D,Yes,19.2,Yes,Yes,Fiber Optic,7.0,Yes,Yes,Yes,No,Yes,No,No,Yes
3935-TBRZZ,Offer B,Yes,15.33,Yes,No,,,,,,,,,,
3936-QQFLL,,Yes,1.97,No,No,,,,,,,,,,
3938-YFPXD,Offer A,Yes,29.03,Yes,Yes,DSL,27.0,Yes,No,Yes,Yes,Yes,Yes,Yes,Yes
3941-XTSKM,,No,,,Yes,DSL,26.0,No,Yes,Yes,No,No,Yes,Yes,Yes
3943-KDREE,,Yes,17.53,Yes,Yes,Fiber Optic,15.0,No,No,No,No,No,No,No,Yes
3945-GFWQL,,Yes,5.16,No,Yes,DSL,16.0,No,No,No,No,No,No,No,No
3946-JEWRQ,,Yes,20.93,Yes,Yes,Fiber Optic,85.0,No,No,No,No,Yes,Yes,Yes,No
3946-MHCZW,Offer E,Yes,6.95,No,Yes,DSL,11.0,No,No,Yes,No,No,No,No,Yes
3948-FVVRP,,Yes,44.46,No,Yes,DSL,24.0,No,Yes,No,Yes,No,No,No,Yes
3948-KXDUF,,Yes,20.52,Yes,Yes,Cable,10.0,Yes,Yes,Yes,Yes,No,No,No,Yes
3948-XHGNA,,Yes,14.39,No,Yes,DSL,28.0,Yes,No,No,No,No,No,No,Yes
3950-VPYJB,,Yes,14.55,No,Yes,DSL,58.0,Yes,Yes,No,Yes,No,No,No,No
3951-NJCVI,,Yes,42.29,Yes,Yes,Fiber Optic,10.0,No,No,No,No,Yes,Yes,No,No
3955-JBZZM,Offer D,Yes,45.39,No,Yes,Fiber Optic,24.0,No,No,No,No,Yes,No,No,Yes
3956-CJUST,,Yes,17.62,No,Yes,Fiber Optic,25.0,Yes,No,No,No,No,No,No,No
3956-MGXOG,,Yes,33.84,No,Yes,Fiber Optic,5.0,No,No,No,No,No,Yes,Yes,Yes
3957-HHLMR,Offer A,Yes,29.72,Yes,Yes,DSL,12.0,Yes,No,No,No,No,Yes,Yes,Yes
3957-LXOLK,Offer C,Yes,9.67,Yes,Yes,Fiber Optic,28.0,No,Yes,Yes,No,Yes,Yes,No,Yes
3957-SQXML,,Yes,25.21,Yes,No,,,,,,,,,,
3961-SXAXY,Offer E,Yes,30.73,No,Yes,Cable,10.0,No,No,No,No,No,No,No,Yes
3963-RYFNS,Offer A,Yes,48.52,Yes,Yes,Fiber Optic,51.0,Yes,Yes,Yes,Yes,Yes,Yes,Yes,No
3966-HRMZA,Offer E,Yes,41.44,No,Yes,Fiber Optic,13.0,No,No,Yes,No,No,No,No,No
3967-KXAPS,Offer A,Yes,13.59,Yes,Yes,DSL,5.0,Yes,Yes,Yes,Yes,Yes,Yes,Yes,No
3967-VQOGC,,Yes,17.43,Yes,No,,,,,,,,,,
3969-GYXEL,,Yes,36.52,No,Yes,Fiber Optic,20.0,Yes,No,No,No,No,No,No,Yes
3969-JQABI,,Yes,40.16,No,Yes,DSL,20.0,Yes,Yes,No,No,Yes,No,No,No
3970-XGJDU,,Yes,24.03,No,No,,,,,,,,,,
3973-SKMLN,,Yes,22.22,No,No,,,,,,,,,,
3976-BWUCK,,Yes,7.01,Yes,Yes,Fiber Optic,24.0,No,Yes,No,Yes,Yes,No,No,Yes
3976-HXHCE,,Yes,45.75,No,No,,,,,,,,,,
3976-NLDEZ,Offer E,Yes,1.48,No,No,,,,,,,,,,
3977-QCRSL,Offer E,Yes,3.37,No,No,,,,,,,,,,
3978-YNKDD,,Yes,36.16,No,No,,,,,,,,,,
3981-QSVQI,Offer E,Yes,22.15,No,No,,,,,,,,,,
3982-DQLUS,,Yes,9.68,Yes,Yes,Fiber Optic,23.0,Yes,Yes,No,No,No,No,No,Yes
3982-JGSFD,,Yes,12.72,No,No,,,,,,,,,,
3982-XWFZQ,Offer B,Yes,10.79,Yes,Yes,Cable,41.0,No,No,No,No,No,No,No,Yes
3985-HOYPM,,Yes,6.38,No,No,,,,,,,,,,
3987-KQDDU,,Yes,21.11,No,Yes,Fiber Optic,6.0,Yes,No,No,No,No,No,No,Yes
3988-RQIXO,,Yes,43.61,No,Yes,Fiber Optic,2.0,No,No,No,No,Yes,Yes,Yes,Yes
3990-QYKBE,,Yes,49.37,Yes,Yes,Fiber Optic,4.0,No,No,No,No,Yes,Yes,Yes,Yes
3992-YWPKO,Offer E,Yes,20.36,Yes,Yes,Fiber Optic,10.0,No,Yes,Yes,Yes,Yes,Yes,Yes,Yes
3995-WFCSM,,Yes,15.25,No,Yes,DSL,82.0,No,No,Yes,No,No,Yes,Yes,Yes
3996-ZNWYK,,Yes,32.12,No,No,,,,,,,,,,
3999-QGRJH,,Yes,14.89,No,Yes,Fiber Optic,20.0,No,No,No,No,No,No,No,Yes
3999-WRNGR,,No,,,Yes,Cable,51.0,No,Yes,No,No,Yes,Yes,Yes,Yes
4000-VGMQP,,Yes,13.67,Yes,Yes,Cable,30.0,No,Yes,Yes,No,Yes,Yes,Yes,Yes
4001-TSBTV,Offer B,Yes,40.74,No,Yes,Fiber Optic,17.0,No,Yes,Yes,No,Yes,No,No,Yes
4002-BQWPQ,,Yes,25.2,Yes,Yes,Cable,23.0,Yes,Yes,Yes,Yes,No,Yes,Yes,Yes
4003-FUSHP,Offer D,Yes,46.49,No,Yes,Cable,8.0,No,No,No,Yes,Yes,No,No,Yes
4003-OCTMP,,Yes,28.8,No,Yes,Cable,15.0,Yes,No,No,Yes,No,Yes,Yes,Yes
4006-HKYHO,,Yes,29.58,No,Yes,DSL,47.0,Yes,Yes,Yes,Yes,Yes,Yes,Yes,Yes
4007-NHVHI,,Yes,46.67,Yes,Yes,Fiber Optic,18.0,Yes,Yes,No,No,No,Yes,Yes,Yes
4009-ALQFH,,Yes,48.42,No,Yes,Fiber Optic,8.0,No,Yes,Yes,No,Yes,Yes,Yes,Yes
4010-YLMVT,Offer B,Yes,24.77,Yes,Yes,Fiber Optic,51.0,Yes,Yes,No,No,Yes,Yes,Yes,Yes
4011-ARPHK,,Yes,18.51,No,Yes,DSL,9.0,Yes,No,No,No,No,No,No,No
4012-YCFAI,,Yes,22.22,No,Yes,DSL,16.0,Yes,Yes,No,Yes,No,No,No,Yes
4012-ZTHBR,Offer D,Yes,38.95,No,Yes,Cable,17.0,No,No,No,No,No,No,No,Yes
4013-GUXND,Offer E,Yes,48.14,No,No,,,,,,,,,,
4013-TLDHQ,Offer D,Yes,20.26,No,Yes,Fiber Optic,25.0,No,Yes,Yes,No,No,No,No,Yes
4013-UBXWQ,Offer E,Yes,48.82,Yes,Yes,Cable,19.0,No,No,No,Yes,Yes,Yes,Yes,Yes
4016-BJKTZ,Offer C,Yes,32.33,Yes,Yes,Fiber Optic,51.0,No,Yes,Yes,Yes,Yes,Yes,Yes,Yes
4018-KJYUY,Offer D,Yes,34.07,No,No,,,,,,,,,,
4018-PPNDW,Offer B,Yes,13.35,Yes,No,,,,,,,,,,
4020-KIUDI,Offer E,Yes,23.73,No,No,,,,,,,,,,
4021-RQSNY,,Yes,25.78,Yes,Yes,Fiber Optic,28.0,No,No,Yes,No,Yes,Yes,Yes,No
4023-RTIQM,Offer C,No,,,Yes,DSL,21.0,Yes,Yes,Yes,No,No,Yes,No,Yes
4024-CSNBY,,Yes,11.02,Yes,Yes,Fiber Optic,17.0,Yes,Yes,Yes,Yes,No,No,No,No
4026-SKKHW,,Yes,28.19,No,Yes,Cable,21.0,No,No,No,Yes,No,No,No,Yes
4029-HPFVY,,Yes,9.74,No,Yes,Fiber Optic,27.0,No,No,No,No,No,No,No,Yes
4030-VPZBD,,No,,,Yes,DSL,18.0,No,No,No,Yes,No,No,No,Yes
4032-RMHCI,Offer B,No,,,Yes,Cable,16.0,Yes,No,Yes,No,No,No,No,Yes
4039-HEUNW,,Yes,16.61,Yes,Yes,Fiber Optic,3.0,No,Yes,No,No,Yes,Yes,No,Yes
4039-PIMHX,,Yes,1.67,No,Yes,DSL,15.0,No,Yes,No,No,No,No,No,Yes
4043-MKDTV,Offer A,Yes,37.69,No,Yes,Fiber Optic,8.0,No,Yes,Yes,Yes,Yes,Yes,Yes,Yes
4049-ZPALD,Offer B,Yes,35.92,No,Yes,Fiber Optic,11.0,Yes,No,Yes,No,Yes,Yes,Yes,Yes
4054-CUMIA,Offer D,Yes,35.44,No,No,,,,,,,,,,
4056-QHXHZ,Offer A,Yes,2.71,Yes,Yes,Fiber Optic,20.0,Yes,No,Yes,Yes,Yes,Yes,Yes,Yes
4057-FKCZK,,Yes,29.93,Yes,Yes,Fiber Optic,24.0,No,No,No,No,Yes,No,No,Yes
4059-IIEBK,,Yes,40.76,Yes,Yes,Fiber Optic,16.0,No,Yes,No,No,No,No,No,Yes
4060-LDNLU,,Yes,45.93,Yes,Yes,Fiber Optic,48.0,No,No,No,No,Yes,Yes,Yes,Yes
4061-UKJWL,,Yes,20.37,No,Yes,Cable,17.0,No,No,No,No,No,No,No,Yes
4062-HBMOS,Offer B,Yes,5.42,Yes,Yes,Fiber Optic,22.0,No,Yes,Yes,No,Yes,Yes,Yes,Yes
4063-EIKNQ,,Yes,15.73,No,No,,,,,,,,,,
4065-JJAVA,,Yes,16.99,No,Yes,DSL,8.0,No,Yes,No,No,No,No,No,No
4067-HLYQI,,Yes,49.45,No,Yes,Fiber Optic,19.0,No,No,No,No,No,No,No,No
4070-OKWVH,Offer B,Yes,29.23,Yes,Yes,Fiber Optic,30.0,No,Yes,Yes,No,Yes,No,No,Yes
4072-IPYLT,,Yes,19.73,No,Yes,DSL,19.0,Yes,No,No,No,No,No,No,Yes
4074-SJFFA,,Yes,13.01,No,Yes,DSL,12.0,No,No,No,No,No,Yes,Yes,Yes
4075-JFPGR,Offer B,Yes,21.07,No,Yes,Fiber Optic,46.0,Yes,Yes,Yes,No,Yes,No,No,Yes
4075-WKNIU,Offer E,Yes,5.59,Yes,Yes,DSL,59.0,No,Yes,Yes,Yes,Yes,No,No,Yes
4077-CROMM,,Yes,3.73,Yes,Yes,Fiber Optic,13.0,No,No,Yes,Yes,Yes,Yes,Yes,Yes
4077-HWUYD,,Yes,44.61,Yes,Yes,DSL,53.0,Yes,Yes,Yes,Yes,Yes,Yes,Yes,Yes
4078-SAYYN,,Yes,48.64,Yes,Yes,Fiber Optic,28.0,No,No,Yes,No,Yes,Yes,Yes,Yes
4079-ULGFR,Offer D,Yes,4.13,No,No,,,,,,,,,,
4079-VTGLK,,Yes,40.5,Yes,Yes,DSL,8.0,No,No,Yes,No,Yes,Yes,No,Yes
4079-WWQQQ,,No,,,Yes,Cable,10.0,Yes,Yes,Yes,Yes,Yes,Yes,Yes,Yes
4080-IIARD,Offer D,Yes,11.79,Yes,Yes,DSL,29.0,Yes,Yes,No,Yes,Yes,No,No,Yes
4080-OGPJL,Offer E,Yes,48.14,Yes,Yes,DSL,18.0,Yes,No,No,Yes,No,Yes,Yes,Yes
4081-DYXAV,,No,,,Yes,DSL,48.0,No,No,No,No,Yes,Yes,Yes,Yes
4083-BFNYK,,Yes,49.82,Yes,Yes,Fiber Optic,27.0,Yes,Yes,No,No,No,Yes,Yes,No
4083-EUGRJ,,Yes,8.91,No,No,,,,,,,,,,
4086-ATNFV,Offer C,Yes,49.58,No,Yes,Cable,16.0,Yes,Yes,Yes,No,No,No,No,Yes
4086-WITJG,Offer A,Yes,14.86,No,No,,,,,,,,,,
4086-YQSNZ,Offer E,Yes,3.29,No,Yes,Fiber Optic,9.0,No,No,No,No,Yes,No,No,Yes
4088-YLDSU,Offer B,Yes,10.61,Yes,Yes,Fiber Optic,76.0,No,No,Yes,Yes,Yes,Yes,Yes,Yes
4090-KPJIP,Offer E,Yes,1.64,Yes,Yes,Fiber Optic,8.0,No,No,No,No,No,No,No,Yes
4091-TVOCN,Offer B,Yes,2.53,Yes,Yes,Cable,6.0,Yes,No,Yes,No,Yes,Yes,Yes,No
4092-OFQZS,Offer D,Yes,46.47,No,No,,,,,,,,,,
4094-NSEDU,,Yes,21.15,Yes,Yes,Fiber Optic,9.0,No,No,No,No,Yes,Yes,No,Yes
4097-YODCF,Offer C,Yes,4.28,Yes,Yes,Fiber Optic,16.0,Yes,Yes,No,No,Yes,Yes,Yes,Yes
4098-NAUKP,Offer A,Yes,20.31,Yes,Yes,Fiber Optic,13.0,No,Yes,Yes,No,No,No,No,Yes
4102-HLENU,,Yes,22.83,Yes,Yes,Cable,22.0,Yes,Yes,Yes,No,No,No,No,Yes
4102-OQUPX,,Yes,17.36,Yes,Yes,Fiber Optic,29.0,No,No,No,No,No,No,No,No
4104-PVRPS,Offer C,Yes,1.02,No,Yes,Cable,3.0,Yes,No,No,Yes,No,No,No,No
4106-HADHQ,,Yes,35.7,No,Yes,DSL,9.0,Yes,No,Yes,Yes,Yes,Yes,Yes,Yes
4109-CYRBD,Offer C,Yes,37.65,Yes,Yes,DSL,9.0,No,No,No,No,No,No,No,Yes
4110-PFEUZ,Offer E,Yes,29.78,No,Yes,Fiber Optic,13.0,No,No,No,No,No,No,No,Yes
4111-BNXIF,,No,,,Yes,DSL,52.0,No,Yes,Yes,Yes,Yes,Yes,Yes,Yes
4112-LUEIZ,Offer D,Yes,12.78,No,Yes,Fiber Optic,2.0,No,No,No,No,Yes,Yes,Yes,Yes
4114-QMKVN,,Yes,7.31,Yes,Yes,DSL,76.0,Yes,Yes,No,No,No,Yes,Yes,No
4115-BNPJY,,Yes,32.46,No,Yes,DSL,7.0,No,No,Yes,Yes,Yes,Yes,Yes,Yes
4115-NZRKS,,Yes,16.36,No,Yes,Fiber Optic,28.0,No,No,No,No,Yes,Yes,No,Yes
4115-UMJFQ,,No,,,Yes,DSL,19.0,No,Yes,Yes,No,No,No,No,No
4116-IQRFR,Offer E,Yes,16.68,Yes,No,,,,,,,,,,
4116-TZAQJ,,Yes,13.86,No,Yes,Fiber Optic,76.0,Yes,No,No,No,No,No,Yes,Yes
4118-CEVPF,,Yes,32.92,Yes,Yes,Fiber Optic,22.0,Yes,Yes,Yes,Yes,Yes,Yes,Yes,No
4119-ZYPZY,,Yes,34.8,Yes,Yes,Fiber Optic,21.0,No,Yes,No,Yes,Yes,Yes,No,Yes
4121-AGSIN,,Yes,36.45,Yes,No,,,,,,,,,,
4123-DVHPH,,Yes,22.41,Yes,Yes,Fiber Optic,21.0,Yes,No,No,No,No,Yes,Yes,Yes
4123-FCVCB,Offer D,Yes,49.25,Yes,Yes,DSL,47.0,No,No,No,Yes,Yes,Yes,Yes,Yes
4124-MMETB,,Yes,46.28,Yes,Yes,Fiber Optic,16.0,No,No,No,No,Yes,Yes,Yes,No
4128-ETESU,,Yes,2.98,Yes,Yes,Fiber Optic,7.0,No,No,Yes,No,Yes,Yes,Yes,No
4129-LYCOI,,Yes,12.54,Yes,Yes,Fiber Optic,59.0,No,Yes,No,Yes,Yes,Yes,Yes,Yes
4130-MZLCC,,Yes,43.02,No,Yes,DSL,42.0,No,Yes,No,No,No,No,No,Yes
4132-KALRO,Offer E,Yes,7.94,Yes,Yes,Fiber Optic,3.0,No,No,No,Yes,Yes,Yes,Yes,No
4132-POCZS,,No,,,Yes,DSL,26.0,Yes,No,No,No,No,Yes,Yes,Yes
4134-BSXLX,Offer C,Yes,28.86,No,Yes,Cable,24.0,Yes,Yes,No,Yes,No,No,No,Yes
4135-FRWKJ,,Yes,34.57,Yes,Yes,Cable,19.0,Yes,No,Yes,Yes,Yes,No,No,Yes
4137-BTIKL,Offer E,Yes,27.17,Yes,Yes,Fiber Optic,23.0,Yes,No,No,No,No,Yes,Yes,Yes
4137-JOPHL,Offer B,Yes,29.8,No,Yes,Fiber Optic,26.0,No,No,Yes,Yes,No,Yes,Yes,Yes
4138-NAXED,,Yes,42.93,Yes,Yes,Fiber Optic,11.0,No,Yes,No,No,No,No,No,No
4139-DETXS,Offer A,No,,,Yes,DSL,6.0,Yes,Yes,Yes,Yes,Yes,Yes,Yes,Yes
4139-JPIAM,,No,,,Yes,DSL,2.0,Yes,No,No,Yes,No,Yes,Yes,Yes
4139-SUGLD,,No,,,Yes,DSL,23.0,Yes,No,No,Yes,No,No,No,Yes
4140-MUHUG,,Yes,18.38,No,Yes,Fiber Optic,20.0,No,No,Yes,No,Yes,No,No,Yes
4140-WJAWW,,Yes,6.17,No,No,,,,,,,,,,
4143-HHPMK,,Yes,48.13,No,Yes,Fiber Optic,12.0,No,Yes,No,No,No,Yes,Yes,No
4143-OOBWZ,Offer E,Yes,25.11,Yes,Yes,Fiber Optic,26.0,No,Yes,No,No,No,No,No,Yes
4145-UQXUQ,Offer E,Yes,42.93,No,Yes,Fiber Optic,9.0,No,No,Yes,No,Yes,Yes,No,Yes
4146-SVFUD,,Yes,45.28,No,Yes,DSL,2.0,No,No,No,No,No,No,No,Yes
4154-AQUGT,Offer D,Yes,1.47,No,Yes,Fiber Optic,5.0,No,Yes,No,Yes,No,Yes,No,Yes
4159-NAAIX,,Yes,37.76,Yes,Yes,Fiber Optic,48.0,No,Yes,No,No,Yes,Yes,Yes,Yes
4160-AMJTL,,Yes,27.95,No,No,,,,,,,,,,
4163-HFTUK,Offer B,Yes,29.33,No,No,,,,,,,,,,
4163-KIUHY,,Yes,39.84,Yes,No,,,,,,,,,,
4163-NCJAK,Offer B,Yes,35.46,Yes,No,,,,,,,,,,
4174-LPGTI,,Yes,32.02,No,Yes,DSL,28.0,No,Yes,No,Yes,No,Yes,Yes,Yes
4176-FXYBO,Offer B,Yes,49.9,Yes,Yes,Fiber Optic,29.0,Yes,Yes,Yes,No,Yes,Yes,Yes,Yes
4176-RELJR,,Yes,14.69,Yes,No,,,,,,,,,,
4177-JPDFU,Offer D,No,,,Yes,Cable,6.0,No,Yes,No,Yes,No,No,No,Yes
4178-EGMON,,Yes,9.28,Yes,Yes,Fiber Optic,51.0,Yes,Yes,No,Yes,No,No,No,Yes
4182-BGSIQ,Offer D,Yes,19.05,No,No,,,,,,,,,,
4183-MYFRB,Offer D,Yes,6.49,No,Yes,Fiber Optic,73.0,No,Yes,Yes,No,No,Yes,Yes,No
4183-WCSEP,,Yes,34.38,No,Yes,Fiber Optic,20.0,No,Yes,No,Yes,No,No,No,No
4184-TJFAN,Offer E,Yes,25.77,No,Yes,Fiber Optic,2.0,Yes,No,No,Yes,Yes,No,No,Yes
4184-VODJZ,Offer B,Yes,48.62,Yes,Yes,Fiber Optic,28.0,No,Yes,No,No,No,Yes,Yes,Yes
4186-ZBUEW,Offer C,Yes,29.27,Yes,Yes,DSL,9.0,No,Yes,No,Yes,No,Yes,Yes,No
4187-CINZD,,Yes,6.13,No,Yes,Fiber Optic,30.0,No,Yes,No,No,Yes,Yes,No,Yes
4188-FRABG,,Yes,31.79,Yes,Yes,Fiber Optic,13.0,Yes,Yes,Yes,Yes,Yes,No,No,Yes
4188-PCPIG,Offer B,Yes,48.0,No,Yes,Cable,24.0,Yes,Yes,No,Yes,Yes,No,No,Yes
4189-NAKJS,Offer C,Yes,24.67,Yes,Yes,Cable,59.0,No,No,No,No,No,No,No,Yes
4190-MFLUW,,Yes,9.41,No,Yes,Cable,69.0,No,No,Yes,Yes,No,No,No,Yes
4191-XOVOM,Offer B,Yes,22.73,Yes,Yes,Fiber Optic,73.0,No,Yes,No,Yes,Yes,Yes,Yes,No
4192-GORJT,,Yes,39.36,No,Yes,Fiber Optic,24.0,No,No,Yes,No,Yes,Yes,Yes,Yes
4193-IBKSW,Offer A,Yes,35.33,Yes,No,,,,,,,,,,
4193-ORFCL,Offer E,Yes,15.24,No,Yes,DSL,14.0,No,No,No,No,No,No,No,Yes
4194-FJARJ,,Yes,8.53,Yes,Yes,Cable,73.0,Yes,No,No,Yes,No,No,No,Yes
4194-WHFCB,,Yes,48.07,Yes,Yes,Fiber Optic,53.0,No,Yes,No,Yes,No,Yes,Yes,Yes
4195-NZGTA,,No,,,Yes,Cable,2.0,No,No,No,No,No,No,No,Yes
4195-PNGZS,,Yes,33.09,Yes,No,,,,,,,,,,
4195-SMMNX,,Yes,32.03,No,No,,,,,,,,,,
4198-VFOEA,,No,,,Yes,DSL,19.0,Yes,No,No,Yes,No,No,No,Yes
4199-QHJNM,Offer A,Yes,48.68,Yes,Yes,Fiber Optic,17.0,No,Yes,No,Yes,Yes,Yes,Yes,Yes
4201-JMNGR,Offer E,Yes,26.22,No,Yes,Cable,22.0,Yes,No,Yes,No,No,No,No,Yes
4203-QGNZA,,Yes,26.09,No,No,,,,,,,,,,
4208-UFFGW,Offer E,Yes,26.62,No,Yes,DSL,11.0,No,No,No,No,No,No,No,Yes
4210-QFJMF,Offer E,Yes,36.91,No,Yes,Fiber Optic,23.0,No,No,No,No,No,Yes,Yes,Yes
4211-MMAZN,Offer E,Yes,23.16,No,No,,,,,,,,,,
4213-HKBJO,,Yes,36.5,Yes,No,,,,,,,,,,
4220-TINQT,,Yes,27.63,Yes,Yes,Fiber Optic,29.0,No,No,Yes,Yes,Yes,Yes,Yes,Yes
4223-BKEOR,Offer D,Yes,30.88,No,Yes,DSL,15.0,Yes,No,Yes,No,No,Yes,Yes,Yes
4223-WOZCM,Offer E,Yes,37.97,No,Yes,DSL,9.0,No,No,Yes,No,No,No,No,Yes
4226-KKDON,Offer E,Yes,30.8,No,Yes,DSL,27.0,No,Yes,No,Yes,Yes,No,No,Yes
4227-OJHAL,,Yes,20.15,Yes,Yes,DSL,16.0,Yes,Yes,Yes,No,Yes,No,No,Yes
4228-ZGYUW,Offer E,Yes,12.24,Yes,Yes,Fiber Optic,11.0,No,Yes,No,No,No,Yes,Yes,No
4229-CZMLL,,Yes,6.32,Yes,Yes,Fiber Optic,11.0,No,No,No,No,No,No,No,Yes
4231-LZUYM,,Yes,12.58,Yes,No,,,,,,,,,,
4232-JGKIY,,Yes,26.37,No,No,,,,,,,,,,
4234-XTNEA,,Yes,37.7,No,Yes,Fiber Optic,73.0,No,No,No,No,Yes,No,No,Yes
4236-UJPWO,Offer E,No,,,Yes,DSL,5.0,No,No,No,No,No,No,No,Yes
4236-XPXAV,,Yes,9.23,No,Yes,Fiber Optic,25.0,No,Yes,No,Yes,Yes,Yes,Yes,Yes
4237-CLSMM,,Yes,34.38,No,No,,,,,,,,,,
4237-RLAQD,Offer E,Yes,44.75,No,Yes,Cable,12.0,No,No,No,No,No,No,No,Yes
4238-HFHSN,Offer B,Yes,26.55,Yes,Yes,Fiber Optic,2.0,No,Yes,No,No,No,No,No,Yes
4238-JSSWH,,Yes,45.13,Yes,Yes,Fiber Optic,10.0,No,No,Yes,No,Yes,Yes,Yes,Yes
4248-HCETZ,Offer C,Yes,6.23,No,Yes,Fiber Optic,4.0,No,Yes,Yes,No,No,No,No,Yes
4248-QPAVC,Offer D,Yes,36.82,Yes,Yes,Fiber Optic,6.0,Yes,No,Yes,No,No,No,No,Yes
4250-FDVOU,Offer E,Yes,17.18,No,Yes,DSL,22.0,Yes,Yes,No,No,No,No,No,Yes
4250-WAROZ,,Yes,19.68,Yes,Yes,Fiber Optic,53.0,Yes,Yes,No,No,No,Yes,No,Yes
4250-ZBWLV,Offer A,Yes,21.74,Yes,Yes,Fiber Optic,73.0,No,Yes,Yes,Yes,Yes,Yes,Yes,Yes
4254-QPEDE,,No,,,Yes,DSL,52.0,Yes,Yes,Yes,Yes,Yes,Yes,Yes,Yes
4255-DDUOU,,Yes,34.57,No,No,,,,,,,,,,
4256-ZWTZI,,Yes,40.03,No,Yes,DSL,52.0,No,No,No,Yes,No,No,No,No
4257-GAESD,Offer E,No,,,Yes,Cable,52.0,No,No,No,No,Yes,Yes,Yes,Yes
4273-MBHYA,,Yes,5.36,No,Yes,Fiber Optic,19.0,No,No,No,No,Yes,Yes,Yes,Yes
4274-DRSQT,,Yes,31.93,Yes,Yes,Fiber Optic,15.0,No,Yes,No,No,Yes,No,No,Yes
4274-OWWYO,,Yes,4.8,No,Yes,Fiber Optic,11.0,No,Yes,No,No,No,No,No,Yes
4277-BWBML,Offer A,Yes,8.53,No,No,,,,,,,,,,
4277-PVRAN,,Yes,36.39,No,Yes,Fiber Optic,7.0,No,No,No,No,Yes,No,No,Yes
4277-UDIEF,Offer C,Yes,45.68,Yes,Yes,Cable,26.0,Yes,No,No,Yes,Yes,Yes,Yes,Yes
4280-DLSHD,Offer E,Yes,19.0,No,Yes,Cable,8.0,No,Yes,Yes,No,No,No,No,Yes
4282-ACRXS,Offer C,No,,,Yes,Cable,30.0,No,No,No,No,No,No,No,Yes
4282-MSACW,,Yes,32.67,Yes,Yes,Fiber Optic,3.0,Yes,Yes,Yes,Yes,Yes,Yes,Yes,Yes
4282-YMKNA,Offer E,Yes,16.48,Yes,Yes,Fiber Optic,12.0,No,No,No,No,No,No,No,Yes
4283-FUTGF,,Yes,16.78,Yes,Yes,Fiber Optic,15.0,No,No,Yes,No,No,No,No,Yes
4283-IVYCI,Offer E,Yes,27.53,No,Yes,Cable,11.0,Yes,No,No,Yes,No,Yes,Yes,Yes
4285-GYRQC,Offer E,Yes,44.66,No,Yes,Fiber Optic,26.0,No,No,Yes,No,Yes,No,No,Yes
4289-DTDKW,Offer B,Yes,22.56,Yes,Yes,Cable,4.0,No,Yes,No,No,Yes,Yes,Yes,Yes
4290-BSXUX,,Yes,43.27,Yes,Yes,Fiber Optic,17.0,No,No,No,Yes,No,No,No,Yes
4291-HPAXL,,Yes,29.1,No,No,,,,,,,,,,
4291-HYEBC,,No,,,Yes,DSL,21.0,No,Yes,No,No,No,Yes,Yes,Yes
4291-SHSBH,Offer E,Yes,8.95,No,Yes,Fiber Optic,52.0,No,No,No,No,No,No,No,Yes
4291-TPNFG,Offer A,Yes,29.29,Yes,Yes,DSL,30.0,Yes,Yes,Yes,Yes,No,Yes,Yes,No
4291-YZODP,Offer E,Yes,49.66,No,No,,,,,,,,,,
4293-ETKAP,Offer B,Yes,1.83,Yes,Yes,Cable,13.0,No,Yes,No,Yes,Yes,Yes,Yes,Yes
4295-YURET,Offer B,Yes,5.93,No,Yes,DSL,19.0,Yes,No,No,Yes,Yes,Yes,No,No
4298-OYIFC,,Yes,18.6,Yes,Yes,Fiber Optic,13.0,No,No,Yes,Yes,Yes,Yes,Yes,No
4299-OPXEJ,Offer B,Yes,13.89,No,No,,,,,,,,,,
4299-SIMNS,Offer E,Yes,34.34,Yes,Yes,Fiber Optic,6.0,Yes,No,No,No,No,No,No,No
4301-VVZKA,,Yes,25.83,Yes,Yes,Fiber Optic,46.0,No,No,No,No,No,No,No,Yes
4302-ZYFEL,Offer A,Yes,26.44,No,No,,,,,,,,,,
4304-TSPVK,Offer A,Yes,23.14,Yes,Yes,Fiber Optic,21.0,Yes,Yes,Yes,Yes,Yes,Yes,Yes,Yes
4304-XUMGI,,Yes,32.9,Yes,Yes,DSL,18.0,Yes,Yes,Yes,No,No,Yes,Yes,Yes
4307-KTUMW,Offer B,Yes,31.24,Yes,Yes,Fiber Optic,73.0,Yes,No,Yes,No,No,Yes,Yes,Yes
4307-KWMXE,Offer D,No,,,Yes,DSL,22.0,No,Yes,No,Yes,No,No,No,Yes
4310-KEDTB,,No,,,Yes,DSL,27.0,No,No,Yes,No,No,No,No,Yes
4311-QTTAI,,Yes,40.95,No,No,,,,,,,,,,
4312-GVYNH,,No,,,Yes,Cable,26.0,Yes,No,Yes,Yes,No,Yes,Yes,Yes
4312-KFRXN,Offer A,Yes,34.29,Yes,No,,,,,,,,,,
4315-MURBD,,Yes,34.92,No,Yes,Cable,23.0,Yes,No,No,Yes,Yes,Yes,Yes,Yes
4316-XCSLJ,,Yes,45.61,No,Yes,DSL,53.0,Yes,No,No,No,No,No,No,Yes
4317-VTEOA,Offer E,Yes,43.03,No,Yes,DSL,3.0,No,Yes,No,No,No,No,No,Yes
4318-RAJVY,,Yes,2.84,No,No,,,,,,,,,,
4320-QMLLA,,Yes,5.61,No,Yes,DSL,24.0,No,No,No,No,Yes,No,No,Yes
4322-RCYMT,Offer A,Yes,29.18,Yes,Yes,DSL,18.0,No,Yes,Yes,Yes,No,Yes,Yes,No
4323-ELYYB,,Yes,4.26,No,No,,,,,,,,,,
4323-OHFOW,,Yes,33.74,Yes,Yes,Fiber Optic,24.0,No,Yes,No,Yes,Yes,Yes,No,Yes
4323-SADQS,,No,,,Yes,Cable,30.0,Yes,No,No,Yes,No,No,No,Yes
4324-AHJKS,,Yes,24.83,No,Yes,DSL,26.0,Yes,No,Yes,No,No,No,No,Yes
4324-BZCKL,,Yes,5.74,No,Yes,DSL,59.0,No,Yes,Yes,No,No,No,No,Yes
4325-NFSKC,Offer D,Yes,28.12,Yes,Yes,Fiber Optic,25.0,Yes,No,No,No,Yes,No,No,Yes
4328-VUFWD,,Yes,6.77,No,Yes,DSL,17.0,No,No,No,Yes,No,Yes,Yes,Yes
4329-YPDDQ,,Yes,16.05,No,Yes,Fiber Optic,18.0,Yes,Yes,Yes,Yes,Yes,Yes,Yes,Yes
4332-MUOEZ,,Yes,32.54,No,Yes,Fiber Optic,5.0,Yes,No,Yes,Yes,No,Yes,No,Yes
4334-HOWRP,Offer A,No,,,Yes,DSL,7.0,Yes,Yes,Yes,Yes,Yes,Yes,No,No
4335-BSMJS,,Yes,8.23,Yes,No,,,,,,,,,,
4335-UPJSI,,Yes,34.24,No,No,,,,,,,,,,
4338-EYCER,,Yes,17.19,No,Yes,DSL,11.0,No,No,No,No,Yes,No,No,Yes
4342-HENTK,,Yes,12.52,No,Yes,Fiber Optic,25.0,No,No,No,No,No,No,No,Yes
4342-HFXWS,Offer B,Yes,44.66,No,Yes,DSL,27.0,Yes,No,Yes,Yes,Yes,No,No,Yes
4343-EJVQB,,Yes,1.67,No,Yes,Fiber Optic,23.0,Yes,No,No,No,No,No,No,Yes
4349-GFQHK,Offer E,Yes,25.39,Yes,Yes,DSL,52.0,No,No,Yes,No,No,No,No,Yes
4350-ZTLPI,Offer B,Yes,18.0,Yes,Yes,Fiber Optic,20.0,No,Yes,Yes,Yes,Yes,Yes,Yes,Yes
4351-QLCSU,,Yes,32.74,No,Yes,DSL,26.0,No,No,No,No,Yes,No,No,Yes
4353-HYOJD,Offer C,Yes,19.32,No,Yes,DSL,30.0,No,Yes,No,No,No,No,No,Yes
4355-CVPVS,,Yes,12.97,No,Yes,Fiber Optic,28.0,No,No,No,No,Yes,Yes,Yes,Yes
4355-HBJHH,,Yes,42.77,Yes,Yes,DSL,3.0,Yes,No,Yes,No,Yes,Yes,Yes,Yes
4359-INNWN,Offer D,Yes,3.84,No,No,,,,,,,,,,
4360-PNRQB,Offer D,Yes,15.18,Yes,Yes,Fiber Optic,42.0,No,No,No,No,No,No,No,Yes
4360-QRAVE,Offer C,No,,,Yes,DSL,29.0,No,Yes,Yes,No,No,No,No,Yes
4361-BKAXE,Offer B,Yes,21.56,Yes,Yes,Fiber Optic,59.0,Yes,Yes,Yes,Yes,Yes,Yes,Yes,Yes
4361-FEBGN,,Yes,33.68,No,No,,,,,,,,,,
4361-JEIVL,Offer E,Yes,7.14,No,Yes,DSL,52.0,No,No,No,No,No,No,Yes,Yes
4365-MSDYN,,Yes,22.34,No,No,,,,,,,,,,
4366-CTOUZ,,Yes,15.1,No,Yes,Fiber Optic,9.0,No,Yes,No,Yes,Yes,Yes,Yes,Yes
4367-NHWMM,,No,,,Yes,Cable,13.0,No,No,No,No,No,No,No,Yes
4367-NUYAO,,Yes,22.83,Yes,No,,,,,,,,,,
4369-HTUIF,Offer E,Yes,29.41,No,Yes,Fiber Optic,30.0,Yes,No,No,No,Yes,No,No,Yes
4369-NYSCF,Offer B,Yes,18.42,No,Yes,DSL,13.0,No,Yes,No,Yes,Yes,Yes,Yes,No
4373-MAVJG,Offer D,Yes,13.64,Yes,Yes,Fiber Optic,9.0,No,Yes,No,No,No,Yes,Yes,Yes
4373-VVHQL,Offer E,Yes,18.57,No,Yes,DSL,26.0,No,No,No,No,No,No,No,No
4374-YMUSQ,Offer C,Yes,22.41,Yes,Yes,Fiber Optic,13.0,Yes,Yes,Yes,Yes,Yes,Yes,Yes,Yes
4376-KFVRS,Offer A,Yes,30.75,Yes,Yes,Fiber Optic,3.0,Yes,Yes,Yes,Yes,Yes,Yes,Yes,Yes
4377-VDHYI,,Yes,36.65,No,Yes,Fiber Optic,69.0,Yes,Yes,No,No,No,Yes,Yes,Yes
4378-BZYFP,,Yes,42.66,No,No,,,,,,,,,,
4378-MYPGO,,Yes,31.4,No,Yes,Fiber Optic,19.0,Yes,Yes,Yes,No,Yes,Yes,Yes,Yes
4381-MHQDC,Offer B,Yes,35.75,Yes,Yes,DSL,13.0,Yes,No,Yes,Yes,No,No,No,No
4385-GZQXV,Offer D,Yes,9.43,No,Yes,Fiber Optic,9.0,No,No,No,Yes,Yes,Yes,Yes,Yes
4385-ZKVNW,,Yes,46.54,No,Yes,DSL,52.0,No,Yes,No,Yes,No,No,No,No
4389-UEFCZ,,Yes,21.96,Yes,Yes,Fiber Optic,59.0,Yes,No,Yes,No,Yes,Yes,Yes,Yes
4390-KYULV,Offer E,Yes,37.61,No,No,,,,,,,,,,
4391-LNRXK,Offer D,Yes,48.07,No,Yes,Fiber Optic,18.0,No,Yes,Yes,Yes,No,Yes,Yes,Yes
4391-RESHN,Offer D,Yes,16.28,Yes,Yes,Fiber Optic,2.0,No,No,Yes,Yes,Yes,Yes,Yes,Yes
4393-GEADV,,Yes,39.06,Yes,Yes,Fiber Optic,75.0,Yes,Yes,Yes,Yes,Yes,Yes,Yes,Yes
4393-OBCRR,,Yes,1.47,No,No,,,,,,,,,,
4393-RYCRE,,Yes,38.33,No,Yes,Fiber Optic,41.0,Yes,Yes,Yes,No,Yes,Yes,Yes,Yes
4395-PZMSN,Offer E,Yes,18.38,No,Yes,Fiber Optic,15.0,No,Yes,No,No,No,Yes,Yes,Yes
4396-KLSEH,Offer E,Yes,6.88,No,No,,,,,,,,,,
4397-FRLTA,Offer E,Yes,32.54,No,No,,,,,,,,,,
4398-HSCJH,Offer E,Yes,3.64,Yes,Yes,DSL,25.0,No,No,No,Yes,Yes,No,No,Yes
4402-FTBXC,,Yes,27.17,No,Yes,Fiber Optic,24.0,Yes,No,Yes,No,Yes,No,No,Yes
4403-BWPAY,,Yes,33.5,Yes,No,,,,,,,,,,
4404-HIBDJ,,Yes,1.37,No,Yes,DSL,21.0,Yes,Yes,Yes,Yes,Yes,No,No,Yes
4412-YLTKF,Offer C,Yes,3.33,Yes,Yes,Fiber Optic,18.0,No,No,Yes,No,No,No,No,No
4415-IJZTP,,Yes,13.61,Yes,Yes,Fiber Optic,25.0,No,No,No,No,No,No,No,Yes
4415-WNGVR,,Yes,37.15,No,Yes,DSL,13.0,Yes,No,Yes,Yes,Yes,Yes,Yes,No
4418-LZMSV,,Yes,28.15,No,Yes,Cable,56.0,No,Yes,Yes,Yes,No,No,No,Yes
4419-UJMUS,Offer A,Yes,8.46,Yes,Yes,Fiber Optic,21.0,No,No,No,Yes,Yes,Yes,Yes,Yes
4422-QVIJA,,Yes,38.82,Yes,Yes,DSL,19.0,No,No,No,No,No,No,No,No
4423-JWZJN,Offer B,Yes,45.35,Yes,Yes,Fiber Optic,30.0,No,No,Yes,No,No,Yes,Yes,Yes
4423-YLHDV,Offer D,Yes,38.52,Yes,Yes,Fiber Optic,59.0,Yes,No,Yes,No,Yes,Yes,Yes,Yes
4424-TKOPW,,Yes,25.19,Yes,Yes,Fiber Optic,14.0,No,No,No,No,Yes,Yes,No,Yes
4425-OWHWB,,Yes,10.9,No,No,,,,,,,,,,
4429-WYGFR,Offer C,Yes,44.11,No,Yes,DSL,8.0,No,No,No,Yes,No,No,No,Yes
4430-UZIPO,Offer E,No,,,Yes,DSL,21.0,No,Yes,No,Yes,No,No,No,Yes
4430-YHXGG,Offer E,Yes,38.97,Yes,No,,,,,,,,,,
4431-EDMIQ,,Yes,16.22,No,Yes,DSL,53.0,Yes,Yes,Yes,Yes,Yes,No,No,Yes
4432-ADRLB,,Yes,24.9,No,Yes,DSL,11.0,No,No,No,No,No,No,No,No
4433-JCGCG,Offer B,Yes,5.36,Yes,Yes,Fiber Optic,22.0,No,No,Yes,No,Yes,Yes,No,Yes
4439-JMPMT,Offer E,Yes,1.12,No,Yes,Fiber Optic,22.0,No,No,No,Yes,Yes,No,No,Yes
4439-YRNVD,,No,,,Yes,DSL,23.0,No,Yes,No,Yes,No,No,No,Yes
4441-NIHPT,,Yes,40.37,No,Yes,Fiber Optic,21.0,No,No,Yes,No,No,No,No,Yes
4443-EMBNA,,Yes,32.13,Yes,No,,,,,,,,,,
4445-KWOKW,Offer B,Yes,29.44,Yes,Yes,Cable,41.0,Yes,Yes,No,No,No,No,Yes,Yes
4445-ZJNMU,Offer E,Yes,4.81,Yes,Yes,Fiber Optic,69.0,No,Yes,No,No,Yes,Yes,Yes,Yes
4446-BZKHU,,Yes,45.7,Yes,Yes,Fiber Optic,24.0,No,Yes,Yes,No,Yes,Yes,Yes,Yes
4450-DLLMH,Offer E,Yes,6.74,No,Yes,Fiber Optic,3.0,No,No,No,No,No,No,No,Yes
4450-MDZFX,Offer B,Yes,38.44,Yes,Yes,Fiber Optic,57.0,No,No,No,No,No,No,No,Yes
4450-YOOHP,,No,,,Yes,DSL,6.0,No,No,Yes,No,Yes,Yes,Yes,Yes
4451-RWASJ,Offer D,Yes,49.36,No,No,,,,,,,,,,
4452-QIIEB,Offer E,Yes,30.04,No,Yes,DSL,6.0,No,No,No,No,No,No,No,Yes
4452-ROHMO,Offer D,Yes,39.49,No,No,,,,,,,,,,
4455-BFSPD,,Yes,36.13,Yes,Yes,Fiber Optic,23.0,No,No,No,Yes,Yes,Yes,Yes,Yes
4456-RHSNB,,Yes,7.42,No,Yes,DSL,17.0,No,No,Yes,No,No,No,No,Yes
4458-KVRBJ,,Yes,25.89,Yes,No,,,,,,,,,,
4459-BBGHE,Offer C,No,,,Yes,DSL,17.0,No,No,No,No,Yes,Yes,Yes,Yes
4462-CYWMH,Offer B,Yes,27.49,Yes,Yes,Fiber Optic,3.0,No,Yes,No,No,No,Yes,Yes,Yes
4464-JCOLN,Offer E,Yes,15.14,No,No,,,,,,,,,,
4465-VDKIQ,,Yes,19.93,No,Yes,Fiber Optic,26.0,No,Yes,Yes,No,No,No,No,Yes
4468-KAZHE,,Yes,8.98,No,Yes,DSL,16.0,No,Yes,No,No,No,Yes,No,Yes
4468-YDOVK,,Yes,13.54,No,Yes,DSL,21.0,No,No,No,Yes,No,No,No,Yes
4471-KXAUH,,Yes,10.73,Yes,Yes,Fiber Optic,22.0,No,No,Yes,Yes,No,No,No,Yes
4472-LVYGI,,No,,,Yes,Cable,20.0,Yes,No,Yes,Yes,Yes,No,No,Yes
4472-VESGY,,Yes,31.09,Yes,Yes,Fiber Optic,28.0,Yes,Yes,Yes,No,No,Yes,Yes,Yes
4475-NVTLU,Offer B,Yes,17.23,No,No,,,,,,,,,,
4476-OSWTN,,Yes,8.3,Yes,Yes,Fiber Optic,14.0,Yes,No,Yes,Yes,Yes,Yes,No,Yes
4480-MBMLB,Offer C,Yes,28.41,Yes,Yes,Fiber Optic,4.0,No,Yes,Yes,No,Yes,Yes,Yes,Yes
4480-QQRHC,,Yes,2.18,No,Yes,Fiber Optic,13.0,No,No,Yes,No,No,No,No,Yes
4482-EWFMI,,Yes,15.67,No,Yes,Fiber Optic,8.0,No,No,No,No,No,No,No,Yes
4482-FTFFX,,Yes,26.86,No,Yes,DSL,71.0,No,No,Yes,Yes,No,No,No,Yes
4484-CGXFK,,Yes,25.96,No,Yes,DSL,7.0,No,No,No,No,No,Yes,Yes,Yes
4484-GLZOU,,Yes,10.59,Yes,Yes,Fiber Optic,48.0,No,Yes,Yes,No,Yes,Yes,Yes,Yes
4486-EFAEB,,Yes,46.92,No,No,,,,,,,,,,
4487-ZYJZK,,Yes,36.72,No,No,,,,,,,,,,
4488-KQFDT,Offer B,Yes,15.44,Yes,Yes,Fiber Optic,30.0,No,Yes,Yes,No,Yes,Yes,Yes,Yes
4488-PSYCG,Offer D,Yes,21.04,No,No,,,,,,,,,,
4489-SNOJF,,Yes,25.27,Yes,Yes,DSL,82.0,Yes,No,Yes,Yes,Yes,No,No,Yes
4495-LHSSK,Offer D,Yes,17.51,Yes,Yes,DSL,30.0,Yes,No,No,No,No,No,No,Yes
4500-HKANN,,Yes,13.79,Yes,Yes,Cable,17.0,No,Yes,No,Yes,No,No,No,Yes
4501-EQDRN,,Yes,21.52,No,Yes,Fiber Optic,25.0,No,No,No,No,No,No,No,Yes
4501-UYKBC,,Yes,16.04,Yes,Yes,DSL,26.0,No,No,Yes,Yes,No,Yes,Yes,Yes
4501-VCPFK,Offer C,No,,,Yes,Cable,47.0,No,No,Yes,Yes,No,No,No,Yes
4503-BDXBD,,Yes,25.24,No,Yes,Fiber Optic,29.0,No,Yes,No,No,No,No,No,Yes
4504-YOULA,Offer C,Yes,39.11,Yes,Yes,DSL,23.0,Yes,Yes,No,No,No,No,No,Yes
4505-EXZHB,Offer E,Yes,8.91,No,Yes,Fiber Optic,27.0,No,No,Yes,No,No,No,No,No
4508-OEBEY,,Yes,27.37,No,Yes,DSL,15.0,Yes,Yes,Yes,Yes,No,Yes,Yes,Yes
4510-HIMLV,,Yes,22.86,No,Yes,Fiber Optic,25.0,No,No,No,No,No,No,No,No
4510-PYUSH,,Yes,26.1,No,Yes,DSL,27.0,Yes,Yes,No,No,No,No,No,Yes
4512-ZUIYL,Offer E,Yes,37.76,No,Yes,Fiber Optic,10.0,No,No,No,No,No,No,No,Yes
4513-CXYIX,Offer A,Yes,43.99,Yes,Yes,Fiber Optic,17.0,Yes,No,No,No,No,No,No,Yes
4514-GFCFI,,Yes,17.51,Yes,Yes,Fiber Optic,7.0,No,No,No,No,Yes,No,No,Yes
4518-FZBSX,Offer B,Yes,9.33,No,No,,,,,,,,,,
4521-WFJAI,,Yes,47.82,Yes,No,,,,,,,,,,
4521-YEEHE,Offer D,Yes,18.55,Yes,Yes,Fiber Optic,59.0,No,No,No,Yes,Yes,No,Yes,Yes
4522-AKYLR,,Yes,10.51,No,Yes,DSL,20.0,No,Yes,Yes,No,No,No,No,Yes
4522-XRWWI,Offer B,Yes,17.31,Yes,Yes,Cable,82.0,Yes,No,No,Yes,Yes,Yes,Yes,Yes
4523-WXCEF,Offer B,Yes,9.23,Yes,Yes,Fiber Optic,48.0,No,Yes,No,No,Yes,Yes,Yes,Yes
4524-QCSSM,,No,,,Yes,DSL,6.0,Yes,Yes,No,No,No,Yes,Yes,Yes
4525-VZCZG,,Yes,20.93,No,Yes,Fiber Optic,11.0,Yes,Yes,No,Yes,Yes,Yes,Yes,No
4526-EXKKN,,Yes,27.47,Yes,No,,,,,,,,,,
4526-RMTLL,Offer E,Yes,37.28,Yes,Yes,DSL,14.0,Yes,Yes,No,Yes,No,Yes,Yes,Yes
4526-ZJJTM,,Yes,19.44,No,Yes,Fiber Optic,4.0,No,Yes,Yes,No,No,Yes,Yes,Yes
4529-CKBCL,Offer E,Yes,49.79,No,Yes,Fiber Optic,22.0,No,No,No,No,Yes,No,No,No
4530-NDRKU,,Yes,34.66,No,No,,,,,,,,,,
4531-AUZNK,Offer B,Yes,18.42,Yes,Yes,Fiber Optic,47.0,Yes,No,No,Yes,Yes,No,Yes,Yes
4534-WGCIR,,Yes,29.5,Yes,No,,,,,,,,,,
4536-PLEQY,Offer D,Yes,44.6,No,Yes,Fiber Optic,20.0,No,Yes,No,No,No,Yes,Yes,Yes
4537-CIBHB,,Yes,12.55,No,No,,,,,,,,,,
4537-DKTAL,Offer E,Yes,41.9,No,Yes,DSL,71.0,No,No,No,No,No,No,No,No
4538-WNTMJ,Offer B,Yes,4.6,Yes,No,,,,,,,,,,
4541-RMRLG,,Yes,9.14,No,No,,,,,,,,,,
4544-RXFMG,Offer E,Yes,6.78,No,Yes,DSL,24.0,No,No,No,No,No,No,No,Yes
4546-FOKWR,,Yes,13.04,Yes,Yes,Fiber Optic,16.0,No,No,No,No,No,No,No,Yes
4547-FZJWE,,Yes,36.17,No,Yes,DSL,69.0,Yes,No,No,No,No,Yes,Yes,No
4547-KQRTM,,Yes,49.7,Yes,Yes,Fiber Optic,10.0,No,Yes,No,No,No,No,No,Yes
4547-LYTDD,Offer D,Yes,46.99,Yes,Yes,Fiber Optic,17.0,No,No,No,No,No,No,No,Yes
4548-SDBKE,Offer E,Yes,34.49,Yes,Yes,Fiber Optic,46.0,No,No,No,No,Yes,No,Yes,Yes
4549-ZDQYY,,Yes,33.84,No,Yes,DSL,5.0,Yes,No,Yes,Yes,No,No,No,Yes
4550-EVXNY,Offer E,Yes,49.24,No,Yes,Fiber Optic,8.0,No,No,No,No,No,No,No,Yes
4550-VBOFE,,Yes,17.45,Yes,Yes,Fiber Optic,20.0,No,Yes,Yes,No,Yes,Yes,No,Yes
4553-DVPZG,Offer B,Yes,15.06,Yes,Yes,Fiber Optic,82.0,No,No,Yes,No,Yes,Yes,Yes,Yes
4554-YGZIH,Offer B,Yes,22.92,Yes,Yes,Fiber Optic,14.0,No,Yes,No,No,No,Yes,No,Yes
4558-CGYCZ,,Yes,41.94,No,No,,,,,,,,,,
4558-FANTW,Offer D,Yes,41.95,No,Yes,Fiber Optic,51.0,Yes,No,No,Yes,Yes,No,No,Yes
4559-UWIHT,Offer D,Yes,45.57,Yes,Yes,Fiber Optic,10.0,No,Yes,Yes,No,No,No,No,Yes
4560-WQAQW,Offer B,Yes,28.32,Yes,Yes,DSL,9.0,Yes,No,No,Yes,No,Yes,Yes,No
4565-EVZMJ,,Yes,26.35,No,Yes,Cable,5.0,Yes,Yes,No,Yes,No,No,No,Yes
4565-NLZBV,,Yes,43.37,Yes,No,,,,,,,,,,
4566-GOLUK,,Yes,37.74,Yes,Yes,Fiber Optic,7.0,No,No,Yes,Yes,Yes,Yes,Yes,Yes
4566-NECEV,,Yes,39.13,Yes,Yes,Fiber Optic,20.0,No,Yes,Yes,No,No,Yes,Yes,Yes
4566-QVRRW,Offer D,Yes,24.83,No,Yes,DSL,30.0,No,No,No,No,No,No,No,Yes
4567-AKPIA,,Yes,20.41,Yes,Yes,Fiber Optic,59.0,No,Yes,Yes,Yes,Yes,Yes,Yes,Yes
4568-KNYWR,,Yes,46.24,No,Yes,Cable,10.0,Yes,Yes,No,No,Yes,No,No,No
4568-TTZRT,Offer E,Yes,13.72,No,No,,,,,,,,,,
4570-QHXHL,,Yes,40.73,No,Yes,DSL,29.0,No,No,No,No,No,No,No,Yes
4572-DVCGN,,Yes,27.1,No,Yes,Fiber Optic,11.0,No,No,No,No,No,Yes,Yes,Yes
4573-JKNAE,Offer D,Yes,17.23,No,No,,,,,,,,,,
4576-CSAJH,,Yes,33.53,No,Yes,DSL,59.0,No,Yes,No,Yes,No,No,No,Yes
4578-PHJYZ,,Yes,5.51,No,Yes,Cable,19.0,No,Yes,Yes,Yes,Yes,No,No,Yes
4580-TMHJU,,Yes,37.25,No,Yes,DSL,20.0,No,No,No,No,Yes,No,No,Yes
4581-LNWUM,Offer D,No,,,Yes,DSL,27.0,No,No,Yes,No,Yes,Yes,Yes,Yes
4581-SSPWD,Offer E,Yes,5.2,Yes,Yes,Fiber Optic,23.0,No,No,No,No,No,No,No,No
4583-PARNH,,Yes,15.44,No,Yes,Fiber Optic,20.0,No,No,Yes,Yes,No,Yes,Yes,Yes
4584-LBNMK,,Yes,44.91,Yes,No,,,,,,,,,,
4585-HETAI,,Yes,48.48,No,Yes,Fiber Optic,58.0,No,No,Yes,No,No,No,Yes,Yes
4587-NUKOX,Offer E,Yes,32.43,No,Yes,Fiber Optic,2.0,Yes,Yes,No,No,No,No,No,Yes
4587-VVTOX,Offer E,Yes,27.44,Yes,Yes,Fiber Optic,58.0,No,Yes,Yes,No,Yes,Yes,Yes,Yes
4588-YBNIB,Offer E,Yes,5.36,No,No,,,,,,,,,,
4589-IUAJB,Offer A,Yes,28.54,Yes,No,,,,,,,,,,
4592-IWTJI,Offer E,No,,,Yes,Cable,15.0,Yes,No,No,No,No,No,No,Yes
4597-ELFTS,,Yes,2.58,Yes,No,,,,,,,,,,
4597-NUCQV,,Yes,28.98,Yes,Yes,Fiber Optic,30.0,No,Yes,No,No,Yes,Yes,Yes,Yes
4598-XLKNJ,Offer C,Yes,19.76,No,Yes,Fiber Optic,12.0,No,Yes,Yes,No,Yes,Yes,No,Yes
4598-ZADCK,,No,,,Yes,DSL,25.0,Yes,Yes,Yes,Yes,Yes,No,No,Yes
4603-JANFB,Offer E,Yes,12.13,No,Yes,Fiber Optic,19.0,No,No,No,No,No,No,No,Yes
4607-CHPCA,,Yes,35.27,No,Yes,Fiber Optic,4.0,No,No,No,No,Yes,Yes,Yes,No
4608-LCIMN,,Yes,30.77,No,Yes,DSL,75.0,No,No,No,No,No,No,No,Yes
4609-KNNWG,,Yes,2.4,No,No,,,,,,,,,,
4611-ANLQC,Offer B,No,,,Yes,Cable,4.0,Yes,Yes,Yes,No,No,Yes,Yes,Yes
4612-SSVHJ,Offer D,Yes,23.18,No,Yes,Fiber Optic,21.0,No,No,No,No,No,Yes,Yes,Yes
4612-THJBS,,Yes,34.58,Yes,Yes,Fiber Optic,4.0,No,Yes,Yes,No,Yes,Yes,No,Yes
4614-NUVZD,,Yes,22.86,No,Yes,Fiber Optic,24.0,No,No,No,No,No,Yes,Yes,Yes
4615-PIVVU,,Yes,34.76,No,Yes,Cable,20.0,No,No,Yes,Yes,No,Yes,Yes,Yes
4616-EWBNJ,Offer D,Yes,47.25,No,No,,,,,,,,,,
4616-ULAOA,Offer B,Yes,45.21,Yes,Yes,Fiber Optic,19.0,No,Yes,Yes,Yes,Yes,Yes,Yes,Yes
4619-EVPHY,,Yes,38.85,No,Yes,Fiber Optic,2.0,No,No,No,No,Yes,Yes,Yes,Yes
4622-YNKIJ,Offer C,Yes,47.64,No,Yes,Fiber Optic,18.0,Yes,No,No,Yes,Yes,No,No,Yes
4623-ZKHLY,Offer D,Yes,20.78,No,No,,,,,,,,,,
4625-EWPTF,Offer E,No,,,Yes,Cable,4.0,Yes,No,No,No,No,No,No,No
4625-LAMOB,,Yes,1.4,No,No,,,,,,,,,,
4625-XMOYM,,Yes,2.57,Yes,No,,,,,,,,,,
4626-GYCZP,,Yes,15.51,Yes,Yes,Fiber Optic,23.0,No,No,No,No,Yes,Yes,Yes,Yes
4626-OZDTJ,Offer B,Yes,25.45,Yes,Yes,DSL,4.0,No,Yes,No,Yes,Yes,Yes,Yes,Yes
4627-MIHJH,,Yes,23.4,Yes,Yes,Fiber Optic,27.0,Yes,No,Yes,Yes,Yes,Yes,Yes,Yes
4628-CTTLA,Offer B,No,,,Yes,DSL,59.0,No,Yes,No,No,Yes,No,Yes,No
4628-WQCQQ,,Yes,25.51,No,Yes,Fiber Optic,16.0,No,No,Yes,No,Yes,No,No,Yes
4629-NRXKX,,Yes,46.23,No,Yes,Fiber Optic,21.0,No,No,No,No,No,No,No,Yes
4631-OACRM,,Yes,17.23,No,Yes,Fiber Optic,12.0,No,No,No,No,No,Yes,No,Yes
4632-PAOYU,Offer D,Yes,37.4,No,No,,,,,,,,,,
4632-XJMEX,Offer B,Yes,47.81,No,Yes,Cable,59.0,Yes,Yes,No,Yes,No,No,No,Yes
4633-MKHYU,Offer E,Yes,35.45,No,Yes,Fiber Optic,52.0,No,No,No,No,Yes,Yes,Yes,Yes
4634-JLRJT,Offer E,Yes,29.86,No,No,,,,,,,,,,
4635-EJYPD,,Yes,35.39,No,No,,,,,,,,,,
4636-JGAAI,,Yes,13.97,Yes,Yes,Fiber Optic,48.0,No,Yes,No,No,No,Yes,Yes,Yes
4636-OLWOE,Offer B,Yes,4.16,No,Yes,Cable,59.0,No,Yes,Yes,Yes,No,No,No,Yes
4636-QRJKY,,Yes,36.12,Yes,Yes,Fiber Optic,23.0,No,No,No,Yes,No,No,No,Yes
4636-TVXVG,,Yes,47.96,No,No,,,,,,,,,,
4640-UHDOS,Offer D,Yes,19.05,No,Yes,DSL,27.0,No,No,No,No,No,Yes,Yes,Yes
4641-FROLU,Offer C,Yes,11.6,No,No,,,,,,,,,,
4644-OBGFZ,,Yes,36.23,No,No,,,,,,,,,,
4644-PIZRT,,Yes,33.24,Yes,Yes,DSL,76.0,Yes,No,Yes,No,Yes,No,No,Yes
4646-QZXTF,,Yes,12.16,No,Yes,DSL,9.0,Yes,No,Yes,Yes,Yes,Yes,Yes,Yes
4647-MUZON,Offer D,Yes,29.6,No,Yes,Fiber Optic,7.0,No,No,Yes,No,Yes,Yes,Yes,Yes
4647-XXZAM,,Yes,29.41,No,Yes,DSL,29.0,No,No,No,No,No,No,No,Yes
4648-YPBTM,,Yes,6.54,Yes,Yes,DSL,4.0,No,Yes,Yes,Yes,No,Yes,Yes,Yes
4652-NNHNY,,Yes,17.96,Yes,Yes,Fiber Optic,30.0,No,No,No,No,No,No,No,Yes
4652-ODEVH,,Yes,47.31,Yes,No,,,,,,,,,,
4654-DLAMQ,,Yes,3.76,No,Yes,Fiber Optic,11.0,Yes,Yes,Yes,No,No,Yes,No,Yes
4654-GGUII,,No,,,Yes,DSL,48.0,Yes,Yes,No,Yes,No,No,No,No
4654-ULTTN,Offer A,Yes,8.28,Yes,Yes,DSL,5.0,Yes,No,Yes,Yes,No,Yes,Yes,Yes
4656-CAURT,,Yes,22.24,Yes,No,,,,,,,,,,
4657-FWVFY,,Yes,29.42,Yes,Yes,Fiber Optic,23.0,No,Yes,Yes,No,Yes,No,No,Yes
4658-HCOHW,,Yes,16.67,No,Yes,Fiber Optic,3.0,No,Yes,Yes,Yes,Yes,Yes,Yes,Yes
4659-NZRUF,Offer D,Yes,32.87,Yes,Yes,Fiber Optic,17.0,Yes,Yes,No,No,No,Yes,Yes,No
4660-IRIBM,Offer D,Yes,24.16,No,Yes,Fiber Optic,19.0,Yes,No,Yes,No,Yes,No,No,Yes
4661-NJEUX,,Yes,3.23,No,No,,,,,,,,,,
4662-EKDPQ,,Yes,37.29,Yes,Yes,Cable,20.0,No,No,No,No,No,Yes,Yes,Yes
4664-NJCMS,Offer C,No,,,Yes,DSL,7.0,Yes,No,Yes,Yes,Yes,Yes,Yes,Yes
4667-OHGKG,,Yes,49.2,No,No,,,,,,,,,,
4667-QONEA,Offer B,Yes,48.9,No,Yes,Cable,16.0,Yes,Yes,Yes,Yes,No,Yes,No,Yes
4670-TABXH,,Yes,22.95,Yes,Yes,Fiber Optic,17.0,No,Yes,Yes,Yes,Yes,Yes,Yes,Yes
4671-LXRDQ,,Yes,17.25,No,Yes,Cable,3.0,No,No,No,No,No,No,No,No
4671-VJLCL,Offer B,Yes,12.82,Yes,Yes,DSL,17.0,Yes,Yes,Yes,Yes,Yes,No,No,Yes
4672-FOTSD,Offer D,Yes,45.8,Yes,Yes,DSL,4.0,Yes,Yes,No,Yes,No,No,No,Yes
4673-KKSLS,,Yes,40.92,No,Yes,Fiber Optic,20.0,Yes,No,Yes,Yes,No,No,No,No
4674-HGNUA,Offer A,Yes,31.33,Yes,Yes,Cable,27.0,Yes,Yes,Yes,Yes,Yes,Yes,Yes,Yes
4676-MQUEA,,Yes,14.49,Yes,Yes,Fiber Optic,17.0,Yes,Yes,Yes,No,Yes,No,No,Yes
4676-WLUHT,Offer B,No,,,Yes,DSL,7.0,Yes,Yes,No,No,No,Yes,Yes,Yes
4678-DVQEO,,Yes,34.04,No,Yes,DSL,23.0,No,No,No,Yes,No,No,No,Yes
4680-KUTAJ,,Yes,2.81,Yes,Yes,DSL,3.0,Yes,No,No,No,No,No,No,Yes
4682-BLBUC,,Yes,29.61,No,Yes,DSL,48.0,No,Yes,Yes,Yes,Yes,No,No,Yes
4683-WYDOU,,Yes,34.62,Yes,Yes,Fiber Optic,28.0,No,No,Yes,Yes,Yes,Yes,Yes,Yes
4685-ERGHK,Offer B,Yes,36.08,Yes,Yes,Fiber Optic,26.0,No,No,No,No,Yes,No,No,Yes
4685-TFLLS,Offer D,Yes,45.18,No,No,,,,,,,,,,
4686-GEFRM,Offer A,Yes,45.24,Yes,Yes,Fiber Optic,42.0,No,Yes,Yes,Yes,No,Yes,Yes,Yes
4686-UXDML,,Yes,24.86,Yes,Yes,Fiber Optic,48.0,No,Yes,No,No,Yes,Yes,Yes,Yes
4690-LLKUA,,Yes,40.93,No,Yes,DSL,2.0,No,No,No,No,No,No,No,Yes
4690-PKDQG,,Yes,22.89,Yes,Yes,Fiber Optic,12.0,No,Yes,Yes,No,Yes,No,No,Yes
4692-NNQRU,Offer D,Yes,14.51,No,Yes,Fiber Optic,20.0,No,No,Yes,Yes,No,No,No,Yes
4693-VWVBO,,Yes,40.98,No,No,,,,,,,,,,
4694-PHWFW,,Yes,45.87,No,No,,,,,,,,,,
4695-VADHF,,Yes,2.86,No,Yes,DSL,22.0,No,No,Yes,No,No,Yes,Yes,Yes
4695-WJZUE,,Yes,21.57,Yes,Yes,Fiber Optic,28.0,No,No,Yes,No,No,Yes,Yes,Yes
4697-LUPSU,,Yes,38.41,No,No,,,,,,,,,,
4698-KVLLG,,Yes,47.46,No,No,,,,,,,,,,
4700-UBQMV,,Yes,31.55,Yes,Yes,DSL,23.0,Yes,No,No,No,Yes,Yes,Yes,Yes
4701-AHWMW,,No,,,Yes,DSL,42.0,No,No,Yes,Yes,Yes,Yes,Yes,No
4701-LKOZD,,Yes,29.53,Yes,Yes,Cable,7.0,Yes,Yes,Yes,Yes,Yes,Yes,Yes,No
4701-MLJPN,Offer C,Yes,1.53,No,Yes,DSL,6.0,No,No,Yes,Yes,No,No,No,No
4702-HDRKD,Offer A,No,,,Yes,Cable,85.0,Yes,No,Yes,Yes,Yes,No,No,Yes
4702-IOQDC,Offer E,Yes,46.17,No,Yes,Fiber Optic,30.0,No,No,No,No,No,No,No,Yes
4703-MQYKT,,Yes,16.81,No,No,,,,,,,,,,
4704-ERYFC,,Yes,32.11,No,Yes,Fiber Optic,52.0,No,No,No,No,No,No,No,Yes
4706-AXVKM,,Yes,4.1,Yes,Yes,Fiber Optic,5.0,No,No,No,No,No,Yes,No,Yes
4706-DGAHW,Offer E,Yes,49.34,No,Yes,DSL,15.0,No,No,No,No,No,No,No,Yes
4707-MAXGU,,Yes,36.03,Yes,No,,,,,,,,,,
4707-YNOQA,,Yes,25.69,Yes,No,,,,,,,,,,
4709-LKHYG,Offer C,Yes,27.72,No,No,,,,,,,,,,
4710-FDUIZ,,Yes,26.15,Yes,Yes,Fiber Optic,7.0,No,Yes,No,No,Yes,Yes,Yes,No
4710-NKCAW,,Yes,17.37,Yes,Yes,DSL,15.0,Yes,Yes,No,Yes,No,No,No,Yes
4712-AUQZO,,No,,,Yes,DSL,30.0,Yes,No,Yes,No,No,No,No,Yes
4712-UYOOI,,Yes,38.6,No,No,,,,,,,,,,
4713-LZDRV,Offer E,Yes,31.91,No,Yes,Cable,30.0,No,No,No,No,No,Yes,No,Yes
4713-ZBURT,,Yes,23.54,Yes,Yes,Fiber Optic,12.0,No,No,Yes,No,Yes,Yes,Yes,Yes
4716-HHKQH,,Yes,27.56,Yes,Yes,Fiber Optic,3.0,No,Yes,No,Yes,Yes,Yes,No,Yes
4716-MRVEN,Offer C,Yes,32.43,No,No,,,,,,,,,,
4717-GHADL,Offer B,Yes,48.45,Yes,Yes,DSL,14.0,No,Yes,No,Yes,Yes,Yes,Yes,Yes
4718-DHSMV,Offer D,No,,,Yes,DSL,52.0,No,No,No,No,Yes,No,No,Yes
4718-WXBGI,Offer A,Yes,27.1,Yes,Yes,Cable,59.0,Yes,Yes,Yes,Yes,Yes,Yes,Yes,Yes
4719-UMSIY,,Yes,15.5,No,No,,,,,,,,,,
4720-VSTSI,,Yes,40.17,Yes,Yes,Fiber Optic,6.0,No,Yes,Yes,No,No,No,No,Yes
4723-BEGSG,,Yes,12.12,Yes,Yes,Cable,23.0,Yes,No,Yes,Yes,Yes,Yes,Yes,Yes
4724-WXVWF,,Yes,4.15,Yes,Yes,Fiber Optic,46.0,Yes,No,No,Yes,No,Yes,Yes,Yes
4726-DLWQN,Offer B,Yes,25.23,Yes,Yes,DSL,23.0,Yes,Yes,No,No,Yes,No,No,No
4727-MCYZG,Offer E,Yes,33.32,No,Yes,DSL,48.0,No,No,No,No,No,Yes,Yes,No
4729-XKASR,,No,,,Yes,DSL,57.0,No,No,No,No,No,No,No,Yes
4730-AWNAU,,No,,,Yes,DSL,24.0,Yes,No,Yes,Yes,Yes,Yes,Yes,Yes
4732-RRJZC,,Yes,39.98,No,No,,,,,,,,,,
4735-ASGMA,,Yes,40.17,Yes,Yes,Fiber Optic,27.0,No,No,Yes,No,Yes,Yes,Yes,Yes
4735-BJKOU,,Yes,8.36,No,No,,,,,,,,,,
4737-AQCPU,,Yes,42.55,Yes,Yes,DSL,18.0,Yes,Yes,Yes,Yes,No,No,No,Yes
4737-HOBAX,,Yes,10.07,Yes,Yes,Cable,20.0,No,No,Yes,Yes,Yes,Yes,Yes,Yes
4741-WWJQZ,Offer E,Yes,26.58,No,Yes,Fiber Optic,23.0,Yes,No,No,Yes,No,No,No,Yes
4742-DRORA,Offer B,Yes,5.43,Yes,Yes,Fiber Optic,29.0,Yes,No,Yes,No,Yes,No,No,Yes
4742-TXUEX,,Yes,2.56,No,No,,,,,,,,,,
4745-LSPLO,,Yes,19.85,No,No,,,,,,,,,,
4747-LCAQL,Offer C,Yes,7.55,No,Yes,DSL,71.0,Yes,Yes,No,Yes,Yes,Yes,Yes,Yes
4749-OJKQU,,Yes,23.5,Yes,Yes,Fiber Optic,22.0,No,No,No,No,No,No,No,Yes
4749-VFKVB,,Yes,46.49,Yes,Yes,DSL,14.0,No,No,No,No,No,No,No,Yes
4750-UKWJK,,Yes,25.35,No,No,,,,,,,,,,
4750-ZRXIU,,Yes,6.68,Yes,Yes,Cable,17.0,No,No,No,No,No,Yes,No,Yes
4751-ERMAN,,Yes,42.16,No,Yes,Cable,18.0,No,Yes,Yes,No,Yes,Yes,Yes,Yes
4753-PADAS,Offer A,Yes,25.46,Yes,Yes,Fiber Optic,73.0,No,Yes,Yes,No,Yes,Yes,Yes,Yes
4759-PXTAN,,Yes,20.27,Yes,Yes,DSL,13.0,No,Yes,No,Yes,Yes,Yes,Yes,Yes
4759-TRPLW,Offer E,Yes,29.63,No,Yes,Fiber Optic,15.0,No,No,No,No,No,No,No,Yes
4760-THGOT,,Yes,49.48,Yes,Yes,Fiber Optic,11.0,Yes,Yes,No,No,No,Yes,Yes,Yes
4760-XOHVN,,Yes,28.73,No,No,,,,,,,,,,
4763-PGDPO,,Yes,41.12,No,Yes,Fiber Optic,42.0,No,No,No,No,No,No,Yes,No
4765-OXPPD,Offer E,Yes,6.35,No,Yes,Cable,69.0,Yes,Yes,Yes,Yes,No,No,No,Yes
4767-HZZHQ,Offer C,Yes,6.19,No,Yes,Fiber Optic,21.0,No,Yes,Yes,No,No,No,No,No
4770-QAZXN,Offer D,Yes,46.3,No,No,,,,,,,,,,
4770-UEZOX,Offer E,Yes,43.56,No,Yes,Fiber Optic,52.0,No,Yes,No,No,No,No,No,Yes
4774-HHGGS,,Yes,11.38,No,No,,,,,,,,,,
4776-XSKYQ,,No,,,Yes,DSL,22.0,No,No,No,Yes,No,No,No,Yes
4778-IZARL,,Yes,3.18,No,Yes,Fiber Optic,15.0,Yes,Yes,Yes,Yes,Yes,Yes,Yes,Yes
4779-ZGICK,Offer B,Yes,11.86,Yes,No,,,,,,,,,,
4781-ZXYGU,Offer E,Yes,18.63,No,No,,,,,,,,,,
4782-OSFXZ,Offer A,Yes,37.53,Yes,Yes,DSL,24.0,Yes,Yes,Yes,Yes,No,Yes,Yes,Yes
4785-FCIFB,Offer B,Yes,20.09,Yes,No,,,,,,,,,,
4785-NKHCX,Offer E,Yes,30.14,No,No,,,,,,,,,,
4785-QRJHC,,No,,,Yes,DSL,15.0,No,Yes,Yes,Yes,Yes,Yes,No,No
4786-UKSNZ,Offer E,Yes,11.25,No,No,,,,,,,,,,
4789-KWMXN,Offer B,Yes,19.02,Yes,Yes,Fiber Optic,17.0,Yes,No,Yes,Yes,Yes,Yes,Yes,Yes
4791-QRGMF,Offer B,Yes,10.76,Yes,Yes,Fiber Optic,5.0,No,No,Yes,No,Yes,Yes,Yes,Yes
4795-KTRTH,Offer E,Yes,47.28,Yes,Yes,Fiber Optic,11.0,No,Yes,No,No,No,No,No,No
4795-UXVCJ,Offer C,Yes,45.7,No,No,,,,,,,,,,
4795-WRNVT,,Yes,11.56,No,Yes,DSL,26.0,Yes,Yes,No,No,Yes,No,No,Yes
4797-AXPXK,Offer E,Yes,43.48,No,Yes,DSL,16.0,Yes,Yes,No,Yes,No,No,No,No
4797-MIWUM,Offer E,Yes,49.83,No,No,,,,,,,,,,
4800-CZMPC,Offer B,Yes,6.36,Yes,Yes,Fiber Optic,47.0,Yes,Yes,No,No,Yes,Yes,Yes,Yes
4800-VHZKI,Offer E,Yes,36.63,No,No,,,,,,,,,,
4801-JZAZL,,No,,,Yes,DSL,17.0,Yes,No,No,No,No,No,No,Yes
4801-KFYKL,,Yes,1.95,No,No,,,,,,,,,,
4803-AXVYP,Offer C,Yes,47.39,Yes,Yes,Fiber Optic,2.0,No,No,No,Yes,Yes,Yes,No,Yes
4803-LBYPN,Offer C,Yes,44.54,No,No,,,,,,,,,,
4804-NCPET,,Yes,31.7,No,No,,,,,,,,,,
4806-DXQCE,,Yes,35.39,Yes,Yes,Fiber Optic,25.0,Yes,Yes,Yes,Yes,Yes,Yes,No,Yes
4806-HIPDW,Offer E,Yes,21.65,No,Yes,Fiber Optic,13.0,No,No,No,No,No,No,No,Yes
4806-KEXQR,Offer E,Yes,43.06,No,Yes,Fiber Optic,46.0,No,No,No,No,No,Yes,Yes,Yes
4807-IZYOZ,Offer B,Yes,19.23,No,No,,,,,,,,,,
4808-YNLEU,Offer C,Yes,24.53,No,Yes,DSL,30.0,Yes,No,No,No,Yes,No,No,Yes
4811-JBUVU,,Yes,31.97,Yes,Yes,Fiber Optic,2.0,No,No,No,Yes,No,Yes,Yes,Yes
4813-HQMGZ,Offer E,Yes,9.88,Yes,Yes,Fiber Optic,4.0,No,No,No,Yes,No,Yes,Yes,No
4815-GBTCD,,No,,,Yes,DSL,29.0,No,No,No,No,No,No,No,Yes
4815-TUMEQ,Offer D,Yes,45.42,No,No,,,,,,,,,,
4815-YOSUK,,Yes,41.18,Yes,Yes,Fiber Optic,52.0,Yes,Yes,Yes,Yes,No,Yes,Yes,Yes
4816-JBHOV,Offer E,Yes,41.43,No,Yes,Cable,20.0,No,No,No,No,No,No,No,Yes
4816-LXZYW,Offer D,Yes,33.44,Yes,Yes,Fiber Optic,11.0,No,Yes,No,No,No,No,No,Yes
4816-OKWNX,,Yes,36.21,No,Yes,Fiber Optic,22.0,No,Yes,Yes,Yes,Yes,Yes,Yes,Yes
4817-KEQSP,,Yes,16.84,No,No,,,,,,,,,,
4817-QRJSX,Offer D,Yes,49.5,Yes,Yes,Fiber Optic,19.0,No,Yes,No,No,No,No,No,Yes
4817-VYYWS,Offer C,Yes,11.73,Yes,Yes,Fiber Optic,82.0,No,Yes,No,No,Yes,Yes,Yes,Yes
4818-DRBQT,Offer C,Yes,26.03,Yes,Yes,Fiber Optic,47.0,No,Yes,No,No,No,No,No,Yes
4818-QIUFN,,Yes,11.82,Yes,Yes,Fiber Optic,5.0,Yes,No,No,No,No,No,No,Yes
4819-HJPIW,,No,,,Yes,DSL,8.0,No,No,No,No,No,No,No,Yes
4821-SJHJV,,Yes,48.49,Yes,Yes,Fiber Optic,82.0,Yes,No,No,No,Yes,No,No,Yes
4821-WQOYN,,Yes,22.05,No,No,,,,,,,,,,
4822-LPTYJ,,Yes,16.5,Yes,Yes,Fiber Optic,22.0,No,Yes,Yes,No,Yes,Yes,Yes,No
4822-NGOCH,,Yes,21.88,Yes,Yes,Fiber Optic,4.0,No,Yes,Yes,No,No,No,No,Yes
4822-RVYBB,Offer E,Yes,40.45,Yes,Yes,Fiber Optic,29.0,No,No,Yes,No,Yes,Yes,No,Yes
4822-YCXMX,Offer C,Yes,8.31,Yes,Yes,Fiber Optic,22.0,No,No,No,No,No,Yes,Yes,Yes
4824-GUCBY,,Yes,23.43,No,Yes,Fiber Optic,22.0,Yes,Yes,No,No,No,No,No,Yes
4825-FUREZ,,Yes,45.75,No,No,,,,,,,,,,
4825-XJGDM,Offer B,No,,,Yes,DSL,8.0,Yes,Yes,Yes,Yes,No,No,No,Yes
4826-DXMUP,,Yes,10.11,No,Yes,DSL,73.0,No,No,No,Yes,Yes,Yes,Yes,Yes
4826-TZEVA,Offer B,Yes,18.57,No,Yes,Fiber Optic,15.0,No,Yes,No,No,No,No,No,Yes
4826-XTSOH,,Yes,38.78,Yes,Yes,Fiber Optic,23.0,No,No,No,No,Yes,No,No,Yes
4827-DPADN,,Yes,24.48,Yes,Yes,Cable,69.0,Yes,No,Yes,Yes,Yes,Yes,Yes,No
4827-LTQRJ,,Yes,44.38,Yes,Yes,Fiber Optic,28.0,Yes,Yes,No,Yes,Yes,Yes,No,Yes
4827-USJHP,Offer D,Yes,3.94,No,Yes,DSL,18.0,No,Yes,No,No,No,No,No,Yes
4828-FAZPK,Offer D,Yes,49.85,Yes,Yes,Fiber Optic,69.0,No,Yes,No,No,No,No,No,Yes
4829-AUOAX,,Yes,6.18,Yes,Yes,Cable,8.0,No,No,No,No,Yes,Yes,Yes,No
4829-ZLJTK,Offer A,Yes,15.23,Yes,Yes,Fiber Optic,2.0,Yes,Yes,Yes,No,Yes,Yes,No,Yes
4830-FAXFM,Offer D,Yes,14.48,Yes,No,,,,,,,,,,
4831-EOBFE,,Yes,40.49,No,Yes,Fiber Optic,15.0,Yes,No,No,No,Yes,Yes,Yes,Yes
4832-VRBMR,,Yes,16.65,Yes,Yes,Fiber Optic,5.0,No,Yes,Yes,No,Yes,Yes,Yes,Yes
4833-QTJNO,,Yes,44.9,Yes,Yes,Fiber Optic,20.0,Yes,Yes,No,No,No,No,No,Yes
4835-YSJMR,Offer C,Yes,3.93,No,Yes,DSL,15.0,No,No,No,Yes,No,No,No,Yes
4836-WNFNO,,Yes,39.98,Yes,No,,,,,,,,,,
4837-PZTIC,Offer B,No,,,Yes,Cable,23.0,Yes,No,Yes,Yes,No,No,No,Yes
4837-QUSFT,Offer B,Yes,36.62,Yes,Yes,Fiber Optic,6.0,Yes,Yes,No,Yes,Yes,No,No,Yes
4840-ORQXB,,Yes,27.64,Yes,Yes,Fiber Optic,7.0,No,Yes,Yes,No,Yes,Yes,No,Yes
4844-JJWUY,Offer E,Yes,28.82,No,Yes,Fiber Optic,22.0,No,Yes,No,No,No,Yes,Yes,Yes
4846-WHAFZ,Offer C,Yes,6.33,Yes,Yes,Fiber Optic,14.0,No,No,No,No,No,No,No,Yes
4847-QNOKA,Offer E,Yes,41.78,No,Yes,DSL,59.0,No,No,No,No,No,No,No,Yes
4847-TAJYI,Offer E,Yes,8.06,No,Yes,Fiber Optic,19.0,No,No,No,No,Yes,Yes,No,Yes
4849-PYRLQ,,Yes,37.3,Yes,Yes,DSL,8.0,Yes,No,Yes,Yes,No,Yes,No,Yes
4851-BQDNX,,Yes,14.41,No,Yes,Fiber Optic,22.0,No,No,Yes,No,Yes,No,No,Yes
4853-OITSN,Offer E,Yes,15.74,Yes,Yes,Fiber Optic,28.0,Yes,No,No,No,No,Yes,Yes,Yes
4853-RULSV,Offer A,Yes,12.19,Yes,Yes,Fiber Optic,42.0,Yes,No,No,Yes,Yes,Yes,Yes,Yes
4854-CIDCF,,Yes,46.65,No,Yes,Fiber Optic,25.0,No,No,Yes,No,No,No,No,Yes
4854-SSLTN,Offer E,Yes,42.55,No,Yes,DSL,53.0,Yes,Yes,No,Yes,No,No,No,Yes
4855-SNKMY,Offer E,Yes,4.41,No,Yes,DSL,30.0,No,No,No,No,No,No,No,Yes
4859-ZSRDZ,Offer B,No,,,Yes,Cable,11.0,No,No,Yes,Yes,Yes,Yes,Yes,Yes
4860-IJUDE,,Yes,30.06,No,Yes,Fiber Optic,5.0,Yes,No,No,No,No,No,No,Yes
4860-YZGZM,,Yes,39.39,No,No,,,,,,,,,,
4868-AADLV,,Yes,3.27,Yes,Yes,Fiber Optic,10.0,Yes,Yes,Yes,Yes,Yes,Yes,No,Yes
4869-EPIUS,,Yes,46.18,No,Yes,Fiber Optic,24.0,No,No,No,No,No,Yes,Yes,Yes
4871-JTKJF,,Yes,31.13,No,Yes,Fiber Optic,5.0,No,No,No,No,No,No,No,Yes
4872-JCVCA,Offer A,No,,,Yes,DSL,16.0,Yes,Yes,Yes,Yes,No,No,No,Yes
4872-VXRIL,Offer B,Yes,48.32,Yes,Yes,DSL,59.0,Yes,Yes,No,Yes,No,No,No,Yes
4873-ILOLJ,,Yes,32.49,No,Yes,Fiber Optic,23.0,No,No,No,No,Yes,Yes,Yes,Yes
4877-EVATK,,Yes,46.77,No,No,,,,,,,,,,
4877-TSOFF,Offer B,Yes,16.16,Yes,Yes,DSL,29.0,Yes,Yes,No,Yes,No,Yes,Yes,Yes
4878-BUNFV,Offer B,Yes,32.02,No,No,,,,,,,,,,
4879-GZLFH,,Yes,17.75,No,Yes,Fiber Optic,53.0,No,No,Yes,No,Yes,Yes,Yes,Yes
4881-GQJTW,Offer D,Yes,8.54,No,No,,,,,,,,,,
4881-JVQOD,,No,,,Yes,Cable,53.0,No,No,No,No,No,Yes,No,Yes
4883-KCPZJ,Offer D,Yes,25.98,Yes,No,,,,,,,,,,
4883-QICIH,,Yes,5.99,No,Yes,Fiber Optic,5.0,No,No,No,No,No,No,No,Yes
4884-LEVMQ,Offer C,Yes,36.39,No,No,,,,,,,,,,
4884-TVUQF,Offer B,Yes,36.89,Yes,Yes,Fiber Optic,17.0,Yes,No,Yes,Yes,No,Yes,Yes,Yes
4884-ZTHVF,,Yes,39.01,No,Yes,Fiber Optic,28.0,No,Yes,No,No,Yes,No,No,Yes
4890-VMUAV,Offer B,Yes,18.05,Yes,Yes,DSL,11.0,Yes,Yes,Yes,Yes,No,No,No,No
4891-NLUBA,Offer B,No,,,Yes,DSL,26.0,No,Yes,Yes,Yes,Yes,Yes,Yes,Yes
4892-VLANZ,,Yes,9.66,No,No,,,,,,,,,,
4893-GYUJU,,Yes,17.88,No,No,,,,,,,,,,
4895-TMWIR,,Yes,29.54,No,No,,,,,,,,,,
4896-CPRPF,,Yes,13.67,Yes,No,,,,,,,,,,
4897-QSUYC,Offer E,Yes,21.59,No,No,,,,,,,,,,
4900-MSOMT,,Yes,49.12,Yes,Yes,DSL,23.0,Yes,Yes,Yes,Yes,Yes,No,No,Yes
4902-OHLSK,,Yes,20.98,Yes,Yes,Fiber Optic,16.0,No,No,No,Yes,Yes,Yes,No,Yes
4903-CNOZC,Offer C,Yes,28.83,Yes,Yes,DSL,47.0,No,Yes,Yes,No,No,Yes,Yes,Yes
4903-UYAVB,Offer E,Yes,31.76,No,No,,,,,,,,,,
4905-JEFDW,,No,,,Yes,DSL,5.0,No,No,Yes,No,Yes,No,No,Yes
4906-ZHGPK,,Yes,48.45,Yes,Yes,DSL,28.0,No,Yes,No,Yes,Yes,No,No,Yes
4908-XAXAY,,Yes,47.72,No,Yes,Fiber Optic,21.0,No,Yes,Yes,No,No,Yes,No,Yes
4909-JOUPP,,Yes,27.74,Yes,Yes,Fiber Optic,3.0,No,Yes,Yes,Yes,Yes,Yes,Yes,Yes
4910-AQFFX,,Yes,31.67,Yes,Yes,Cable,59.0,No,No,Yes,No,No,No,No,No
4910-GMJOT,,Yes,1.17,Yes,Yes,Fiber Optic,27.0,No,No,No,No,Yes,Yes,Yes,Yes
4911-BANWH,,Yes,33.38,Yes,Yes,Fiber Optic,27.0,No,No,No,No,Yes,No,No,Yes
4912-PIGUY,Offer E,Yes,7.34,Yes,Yes,Fiber Optic,11.0,No,No,No,No,Yes,No,No,No
4913-EHYUI,Offer B,Yes,48.8,Yes,Yes,Fiber Optic,12.0,Yes,No,Yes,No,Yes,Yes,No,Yes
4915-BFSXL,Offer A,Yes,22.67,Yes,Yes,DSL,29.0,Yes,No,Yes,No,Yes,No,No,Yes
4918-FYJNT,,Yes,22.74,Yes,Yes,Fiber Optic,21.0,No,Yes,Yes,Yes,No,No,No,Yes
4918-QLLIW,,Yes,47.68,No,Yes,DSL,82.0,No,No,No,No,Yes,No,Yes,Yes
4919-IKATY,Offer E,Yes,36.88,Yes,Yes,Fiber Optic,8.0,Yes,No,Yes,No,No,No,No,Yes
4919-MOAVT,Offer E,Yes,39.38,No,Yes,Fiber Optic,23.0,No,No,No,No,No,No,No,Yes
4922-CVPDX,Offer C,Yes,34.12,No,Yes,DSL,58.0,No,Yes,Yes,No,Yes,Yes,Yes,No
4923-ADWXJ,,Yes,1.22,No,Yes,DSL,10.0,No,Yes,No,Yes,No,Yes,Yes,Yes
4925-LMHOK,Offer D,Yes,14.79,Yes,Yes,DSL,59.0,No,Yes,No,Yes,No,No,No,Yes
4926-UMJZD,,Yes,1.2,No,Yes,DSL,15.0,No,No,No,Yes,No,No,No,No
4927-WWOOZ,,Yes,49.41,Yes,Yes,Fiber Optic,20.0,No,No,Yes,No,Yes,No,No,No
4929-BSTRX,,Yes,1.59,No,Yes,Cable,14.0,No,No,No,No,Yes,No,No,Yes
4929-ROART,,Yes,33.8,Yes,Yes,Cable,17.0,Yes,No,No,No,No,No,No,No
4929-XIHVW,Offer E,Yes,33.1,No,Yes,Fiber Optic,11.0,No,No,Yes,No,Yes,Yes,No,No
4931-TRZWN,Offer D,Yes,10.66,No,Yes,DSL,5.0,Yes,No,No,No,Yes,Yes,Yes,Yes
4933-BSAIP,,Yes,31.37,No,No,,,,,,,,,,
4933-IKULF,Offer D,Yes,24.15,No,No,,,,,,,,,,
4936-YPJNK,,Yes,23.84,No,No,,,,,,,,,,
4937-QPZPO,,Yes,34.54,Yes,Yes,Fiber Optic,58.0,No,No,Yes,No,Yes,Yes,Yes,Yes
4939-KYYPY,,Yes,33.94,Yes,Yes,Cable,25.0,No,No,Yes,Yes,No,No,No,Yes
4940-KHCWD,Offer B,No,,,Yes,Cable,2.0,Yes,Yes,No,Yes,No,No,No,Yes
4942-VZZOM,Offer B,Yes,37.46,Yes,Yes,DSL,2.0,Yes,No,No,No,Yes,No,No,Yes
4945-RVMTE,,Yes,38.97,No,Yes,Cable,3.0,No,No,Yes,No,Yes,No,No,Yes
4946-EDSEW,Offer D,Yes,29.01,No,No,,,,,,,,,,
4947-DSMXK,,Yes,42.74,Yes,Yes,Fiber Optic,52.0,No,Yes,No,No,Yes,Yes,Yes,Yes
4948-WBBKL,Offer C,Yes,41.57,Yes,Yes,Fiber Optic,10.0,No,No,No,No,No,No,No,Yes
4950-BDEUX,Offer C,No,,,Yes,DSL,26.0,No,No,Yes,No,Yes,Yes,Yes,Yes
4950-HKQTE,Offer D,Yes,5.28,Yes,No,,,,,,,,,,
4951-UKAAQ,,Yes,48.32,Yes,Yes,Fiber Optic,51.0,No,Yes,No,No,No,Yes,Yes,No
4952-YSOGZ,,Yes,4.14,Yes,Yes,Fiber Optic,30.0,No,No,No,No,No,Yes,Yes,Yes
4955-VCWBI,,Yes,35.2,No,No,,,,,,,,,,
4957-SREEC,Offer A,Yes,31.78,No,No,,,,,,,,,,
4957-TIALW,Offer D,Yes,20.11,No,Yes,Cable,73.0,Yes,Yes,Yes,Yes,No,No,Yes,Yes
4957-TREIR,,Yes,38.05,No,Yes,DSL,7.0,Yes,No,No,Yes,Yes,No,No,Yes
4958-GZWIY,,Yes,5.13,No,Yes,DSL,4.0,No,No,Yes,No,No,No,No,Yes
4958-XCBDQ,Offer C,Yes,39.69,Yes,Yes,Fiber Optic,25.0,No,No,Yes,No,Yes,Yes,No,Yes
4959-JOSRX,Offer E,Yes,30.19,No,Yes,Cable,16.0,No,No,No,No,No,No,No,Yes
4962-CHQPW,Offer C,Yes,2.0,No,No,,,,,,,,,,
4967-WPNCF,Offer A,No,,,Yes,Cable,14.0,Yes,Yes,Yes,Yes,Yes,Yes,Yes,Yes
4971-PUYQO,,Yes,11.09,Yes,Yes,Fiber Optic,6.0,No,No,No,No,Yes,Yes,Yes,Yes
4973-MGTON,,Yes,3.09,No,Yes,DSL,26.0,Yes,Yes,Yes,Yes,Yes,Yes,Yes,Yes
4973-RLZVI,,Yes,4.22,No,Yes,DSL,13.0,Yes,Yes,Yes,Yes,Yes,No,No,No
4976-LNFVV,,No,,,Yes,DSL,14.0,No,Yes,Yes,No,No,No,No,Yes
4979-HPRFL,Offer B,Yes,37.67,Yes,No,,,,,,,,,,
4980-URKXC,,Yes,12.61,No,No,,,,,,,,,,
4981-FLTMF,,Yes,1.54,Yes,Yes,DSL,15.0,Yes,Yes,No,Yes,No,No,No,Yes
4983-CCWMC,,Yes,28.97,No,Yes,Fiber Optic,16.0,No,No,No,No,No,No,No,No
4983-CLMLV,,Yes,44.34,Yes,Yes,Fiber Optic,71.0,No,Yes,No,Yes,Yes,Yes,Yes,Yes
4986-MXSFP,Offer E,Yes,43.27,No,No,,,,,,,,,,
4987-GQWPO,,No,,,Yes,DSL,11.0,No,No,No,No,No,No,No,Yes
4988-IQIGL,,Yes,28.49,Yes,Yes,Fiber Optic,18.0,No,No,No,No,No,No,No,Yes
4989-LIXVT,,Yes,19.67,Yes,Yes,Fiber Optic,28.0,No,Yes,Yes,No,No,Yes,No,Yes
4990-ALDGW,,Yes,38.73,No,No,,,,,,,,,,
4992-LTJNE,Offer A,Yes,24.24,Yes,Yes,DSL,27.0,Yes,No,No,No,No,No,No,Yes
4993-JCRGJ,,Yes,37.69,Yes,Yes,Fiber Optic,30.0,No,No,Yes,Yes,No,No,No,Yes
4994-OBRSZ,,Yes,36.73,No,Yes,Cable,52.0,Yes,Yes,Yes,Yes,No,Yes,Yes,Yes
4998-IKFSE,Offer C,Yes,34.49,Yes,Yes,Fiber Optic,59.0,No,No,Yes,No,Yes,Yes,Yes,No
4999-IEZLT,,No,,,Yes,Cable,15.0,No,No,No,Yes,No,No,No,Yes
5002-GCQFH,Offer B,Yes,47.17,Yes,Yes,Fiber Optic,26.0,Yes,Yes,No,No,Yes,No,No,No
5003-OKNNK,Offer D,Yes,46.64,No,No,,,,,,,,,,
5003-XZWWO,,Yes,15.12,Yes,Yes,DSL,30.0,No,Yes,Yes,Yes,Yes,Yes,Yes,Yes
5006-MXVRN,,Yes,29.79,No,No,,,,,,,,,,
5010-IPEAQ,,No,,,Yes,Cable,51.0,Yes,Yes,Yes,Yes,Yes,No,No,Yes
5012-YSPJJ,,Yes,25.04,No,Yes,DSL,71.0,No,No,Yes,Yes,No,No,No,Yes
5013-SBUIH,,Yes,27.7,Yes,Yes,Fiber Optic,28.0,Yes,Yes,No,Yes,Yes,Yes,Yes,Yes
5014-GSOUQ,Offer D,Yes,18.73,No,No,,,,,,,,,,
5014-WUQMG,Offer B,Yes,15.59,No,Yes,Fiber Optic,52.0,Yes,Yes,Yes,No,No,Yes,Yes,Yes
5016-ETTFF,Offer D,No,,,Yes,DSL,30.0,No,No,Yes,No,No,No,No,No
5016-IBERQ,,Yes,18.05,Yes,Yes,Fiber Optic,51.0,No,Yes,Yes,No,No,No,No,Yes
5016-LIPDW,,Yes,41.56,No,No,,,,,,,,,,
5018-GWURO,,Yes,42.81,Yes,Yes,Fiber Optic,51.0,No,No,No,No,Yes,No,No,Yes
5018-HEKFO,Offer D,Yes,17.01,Yes,No,,,,,,,,,,
5018-LXQQG,Offer C,Yes,16.48,No,Yes,DSL,17.0,Yes,No,No,Yes,No,Yes,Yes,Yes
5019-GQVCR,,Yes,8.81,Yes,Yes,Fiber Optic,7.0,No,No,No,No,Yes,No,No,Yes
5020-ZSTTY,Offer B,Yes,12.08,Yes,Yes,DSL,5.0,Yes,Yes,No,Yes,Yes,Yes,Yes,Yes
5022-JNQEQ,,Yes,8.1,No,Yes,Fiber Optic,20.0,No,No,No,Yes,No,No,No,Yes
5022-KVDQT,,Yes,25.51,Yes,Yes,Fiber Optic,69.0,No,No,Yes,No,No,No,No,No
5025-GOOKI,Offer D,Yes,33.86,No,No,,,,,,,,,,
5027-QPKTE,Offer E,Yes,14.75,No,Yes,Fiber Optic,28.0,No,No,No,No,No,No,No,No
5027-XWQHA,,Yes,41.16,No,Yes,Cable,10.0,No,No,No,No,No,No,No,No
5027-YOCXN,,Yes,26.73,Yes,Yes,Fiber Optic,41.0,Yes,Yes,No,Yes,Yes,Yes,Yes,Yes
5028-GZLDO,,Yes,36.06,No,Yes,Fiber Optic,85.0,No,No,No,No,No,No,No,Yes
5028-HTLJB,Offer E,Yes,19.87,No,No,,,,,,,,,,
5032-MIYKT,,Yes,38.81,No,Yes,Fiber Optic,52.0,No,No,No,No,No,No,Yes,Yes
5032-USPKF,,Yes,25.11,Yes,Yes,DSL,13.0,Yes,Yes,Yes,No,Yes,Yes,Yes,Yes
5035-BVCXS,,Yes,13.55,No,Yes,Fiber Optic,27.0,No,Yes,No,No,No,No,No,Yes
5035-PGZXH,,Yes,32.43,Yes,Yes,Fiber Optic,2.0,No,Yes,Yes,No,Yes,Yes,Yes,No
5038-ETMLM,Offer A,Yes,29.0,Yes,Yes,Fiber Optic,22.0,Yes,Yes,Yes,Yes,Yes,Yes,Yes,Yes
5039-LZRQT,,Yes,26.57,No,No,,,,,,,,,,
5043-TRZWM,,Yes,7.11,No,Yes,Fiber Optic,26.0,No,No,Yes,No,No,No,No,Yes
5044-LRQAQ,,Yes,41.22,No,Yes,Fiber Optic,73.0,No,No,No,No,No,No,No,Yes
5044-XDPYX,,Yes,20.47,Yes,No,,,,,,,,,,
5046-NUHWD,,No,,,Yes,Cable,23.0,Yes,No,Yes,No,No,Yes,No,Yes
5047-LHVLY,Offer E,Yes,39.78,No,Yes,Cable,12.0,No,No,Yes,No,No,No,No,Yes
5049-GLYVG,Offer E,Yes,47.26,No,No,,,,,,,,,,
5049-MUBWG,,Yes,49.61,No,Yes,DSL,76.0,Yes,No,No,Yes,Yes,Yes,Yes,Yes
5052-PNLOS,Offer E,Yes,13.83,Yes,Yes,Fiber Optic,14.0,No,Yes,Yes,No,Yes,Yes,Yes,Yes
5054-IEXZT,,Yes,32.82,No,Yes,Fiber Optic,21.0,No,Yes,No,No,No,No,No,No
5055-BRMNE,Offer A,Yes,40.35,Yes,Yes,Fiber Optic,16.0,Yes,No,No,Yes,Yes,Yes,Yes,Yes
5055-MGMGF,Offer B,Yes,40.71,Yes,Yes,Fiber Optic,23.0,Yes,No,Yes,No,Yes,Yes,Yes,No
5056-FIMPT,,Yes,10.19,No,Yes,Fiber Optic,10.0,Yes,Yes,No,Yes,Yes,Yes,Yes,No
5057-LCOUI,Offer C,No,,,Yes,DSL,4.0,No,No,Yes,No,Yes,Yes,Yes,Yes
5057-RKGLH,,Yes,30.83,No,No,,,,,,,,,,
5060-TQUQN,,Yes,10.24,Yes,Yes,Fiber Optic,48.0,No,Yes,No,Yes,No,No,Yes,Yes
5061-PBXFW,,Yes,46.66,No,Yes,DSL,17.0,Yes,Yes,No,Yes,No,No,No,Yes
5062-CJJKH,,Yes,36.17,No,Yes,DSL,53.0,No,Yes,Yes,No,No,No,No,Yes
5063-IUOKK,Offer D,Yes,10.11,No,No,,,,,,,,,,
5066-GFJMM,Offer E,Yes,41.36,No,No,,,,,,,,,,
5067-DGXLL,,Yes,15.83,No,No,,,,,,,,,,
5067-WJEUN,Offer A,Yes,10.9,No,Yes,Cable,26.0,Yes,Yes,No,No,No,No,No,No
5067-XJQFU,,Yes,21.79,Yes,Yes,Fiber Optic,9.0,No,Yes,Yes,Yes,Yes,Yes,No,Yes
5071-FBJFS,,Yes,44.64,No,Yes,Cable,21.0,Yes,No,No,No,No,No,No,Yes
5073-RZGBK,Offer B,Yes,49.18,Yes,Yes,DSL,76.0,Yes,Yes,Yes,Yes,No,Yes,Yes,Yes
5073-WXOYN,Offer B,No,,,Yes,Cable,5.0,No,Yes,No,No,Yes,Yes,Yes,Yes
5074-FBGHB,,Yes,25.95,Yes,Yes,Fiber Optic,23.0,No,No,Yes,Yes,Yes,Yes,Yes,Yes
5075-JSDKI,Offer B,Yes,41.23,Yes,No,,,,,,,,,,
5076-YVXCM,Offer B,Yes,45.92,Yes,Yes,Fiber Optic,12.0,No,No,No,No,No,Yes,Yes,No
5077-DXTCG,,Yes,26.41,No,Yes,Cable,26.0,No,No,No,No,No,No,No,Yes
5081-NWSUP,Offer D,Yes,37.45,No,Yes,DSL,5.0,No,Yes,No,Yes,No,Yes,Yes,Yes
5084-OOVCJ,,Yes,20.23,No,Yes,DSL,69.0,Yes,No,No,Yes,No,No,No,Yes
5087-SUURX,,No,,,Yes,Cable,30.0,No,No,Yes,No,Yes,No,No,Yes
5088-QZLRL,Offer E,Yes,1.47,No,No,,,,,,,,,,
5089-IFSDP,Offer B,Yes,27.99,Yes,Yes,Fiber Optic,24.0,Yes,Yes,Yes,No,Yes,Yes,Yes,Yes
5090-EMGTC,Offer B,Yes,45.75,No,Yes,Fiber Optic,11.0,No,Yes,No,Yes,Yes,Yes,Yes,Yes
5091-HFAZW,,Yes,46.78,No,Yes,Fiber Optic,12.0,Yes,Yes,No,No,Yes,No,No,No
5092-STPKP,,Yes,30.18,No,Yes,DSL,4.0,Yes,No,No,Yes,No,No,No,Yes
5093-FEGLU,Offer B,Yes,45.9,No,No,,,,,,,,,,
5095-AESKG,,Yes,31.61,Yes,Yes,Fiber Optic,20.0,No,Yes,No,No,No,Yes,Yes,No
5095-ETBRJ,,Yes,2.36,No,Yes,DSL,69.0,Yes,Yes,No,Yes,No,No,No,Yes
5099-BAILX,Offer B,Yes,14.52,Yes,Yes,Fiber Optic,5.0,No,Yes,Yes,Yes,Yes,Yes,No,Yes
5103-MHMHY,Offer E,Yes,46.17,No,Yes,Cable,19.0,No,No,No,No,No,No,No,Yes
5108-ADXWO,,Yes,38.88,No,Yes,Fiber Optic,30.0,Yes,No,No,No,No,No,No,Yes
5110-CHOPY,,No,,,Yes,Cable,4.0,Yes,No,Yes,No,Yes,Yes,Yes,Yes
5115-GZDEL,,No,,,Yes,Cable,71.0,Yes,Yes,Yes,Yes,Yes,Yes,Yes,Yes
5115-SQAAU,,Yes,20.98,Yes,No,,,,,,,,,,
5117-IFGPS,Offer C,Yes,36.75,Yes,Yes,Fiber Optic,12.0,No,No,No,No,No,Yes,Yes,Yes
5117-ZSMHQ,Offer A,Yes,37.57,Yes,Yes,DSL,85.0,Yes,Yes,Yes,Yes,Yes,Yes,Yes,No
5118-MUEYH,Offer B,Yes,39.25,Yes,Yes,Fiber Optic,51.0,No,Yes,No,Yes,Yes,Yes,Yes,Yes
5119-KEPFY,,Yes,5.99,Yes,Yes,Fiber Optic,6.0,No,No,No,No,Yes,Yes,Yes,Yes
5119-NZPTV,Offer E,Yes,34.99,No,Yes,Fiber Optic,24.0,No,No,No,No,No,No,No,Yes
5120-ZBLAI,Offer B,Yes,9.47,Yes,Yes,DSL,28.0,No,No,Yes,No,Yes,Yes,Yes,Yes
5122-CYFXA,Offer E,Yes,38.99,No,Yes,DSL,20.0,No,Yes,No,Yes,Yes,Yes,Yes,Yes
5124-EOGYE,,Yes,34.57,No,No,,,,,,,,,,
5125-CNDSP,Offer B,No,,,Yes,DSL,28.0,Yes,Yes,No,Yes,No,No,No,Yes
5126-RCXYW,Offer B,No,,,Yes,DSL,19.0,No,No,Yes,Yes,No,Yes,Yes,No
5127-BZENZ,Offer B,Yes,39.72,Yes,Yes,DSL,11.0,Yes,No,No,No,Yes,No,No,Yes
5129-HHMZC,,Yes,21.08,Yes,Yes,Cable,14.0,Yes,Yes,No,Yes,Yes,Yes,Yes,Yes
5129-JLPIS,,Yes,10.4,No,Yes,Fiber Optic,48.0,Yes,No,Yes,Yes,Yes,Yes,Yes,Yes
5130-IEKQT,Offer C,Yes,46.34,Yes,Yes,Fiber Optic,22.0,No,Yes,Yes,No,Yes,Yes,No,Yes
5130-YPIRV,Offer B,Yes,6.41,No,Yes,Cable,59.0,Yes,Yes,Yes,No,Yes,No,No,Yes
5131-PONJI,Offer B,Yes,11.74,No,Yes,Fiber Optic,20.0,No,Yes,Yes,No,Yes,No,No,Yes
5133-POWUA,,Yes,13.62,No,Yes,Cable,21.0,No,No,No,No,No,No,No,Yes
5133-VRSAB,Offer E,No,,,Yes,Cable,8.0,Yes,No,No,No,No,No,No,No
5134-IKDAY,,Yes,11.08,No,Yes,Fiber Optic,13.0,No,No,No,No,No,No,No,Yes
5135-GRQJV,Offer A,Yes,5.6,Yes,Yes,Fiber Optic,19.0,Yes,Yes,Yes,Yes,Yes,Yes,Yes,Yes
5135-RDDQL,Offer B,Yes,25.32,No,Yes,DSL,11.0,Yes,No,No,No,No,No,No,Yes
5136-GFPMB,Offer B,Yes,35.32,Yes,Yes,Fiber Optic,15.0,No,No,Yes,No,No,Yes,Yes,Yes
5136-KCKGI,Offer C,Yes,41.61,Yes,Yes,Fiber Optic,73.0,Yes,No,Yes,No,Yes,Yes,Yes,Yes
5136-RGMZO,,Yes,6.4,Yes,Yes,Cable,24.0,No,Yes,No,Yes,Yes,No,No,Yes
5138-WVKYJ,Offer D,Yes,27.57,Yes,Yes,Fiber Optic,13.0,Yes,No,No,No,Yes,Yes,Yes,Yes
5140-FOMCQ,Offer B,Yes,40.47,Yes,Yes,Fiber Optic,4.0,Yes,Yes,Yes,No,Yes,Yes,Yes,Yes
5141-ZUVBH,,Yes,42.1,No,Yes,Fiber Optic,16.0,Yes,No,Yes,Yes,No,Yes,Yes,Yes
5143-EGQFK,,No,,,Yes,Cable,20.0,No,No,No,Yes,No,No,No,No
5143-WMWOG,,Yes,17.61,No,No,,,,,,,,,,
5144-PQCDZ,,Yes,34.86,No,No,,,,,,,,,,
5144-TVGLP,,Yes,46.96,Yes,Yes,Fiber Optic,13.0,No,No,No,No,Yes,Yes,No,Yes
5146-CBVOE,,Yes,38.02,No,Yes,Fiber Optic,25.0,No,Yes,No,No,No,No,No,Yes
5146-YYFRZ,Offer A,Yes,15.32,No,No,,,,,,,,,,
5148-HKFIR,,Yes,15.87,No,No,,,,,,,,,,
5148-ORICT,,Yes,18.03,No,Yes,Cable,42.0,Yes,Yes,Yes,Yes,No,Yes,Yes,Yes
5149-CUZUJ,,Yes,27.34,No,Yes,Fiber Optic,16.0,No,Yes,Yes,Yes,Yes,No,No,Yes
5149-QYTTU,Offer A,Yes,34.53,Yes,Yes,Fiber Optic,19.0,Yes,Yes,Yes,Yes,No,No,No,No
5149-TGWDZ,,Yes,36.31,No,Yes,Fiber Optic,27.0,No,Yes,Yes,Yes,Yes,Yes,Yes,Yes
5150-ITWWB,Offer E,Yes,37.78,Yes,Yes,Fiber Optic,28.0,No,No,No,No,Yes,Yes,Yes,Yes
5150-LJNSR,Offer C,Yes,36.49,Yes,Yes,Fiber Optic,59.0,Yes,No,Yes,No,Yes,No,No,Yes
5151-HQRDG,,Yes,27.41,Yes,Yes,DSL,10.0,Yes,No,No,No,No,No,No,Yes
5153-LXKDT,,Yes,18.47,Yes,Yes,Fiber Optic,75.0,Yes,Yes,Yes,No,Yes,Yes,Yes,Yes
5153-RTHKF,,Yes,23.54,Yes,Yes,Fiber Optic,76.0,No,No,No,No,Yes,No,No,No
5154-VEKBL,Offer E,No,,,Yes,Cable,48.0,Yes,No,Yes,Yes,Yes,Yes,Yes,Yes
5155-AZQPB,Offer C,Yes,41.41,Yes,Yes,DSL,30.0,No,No,No,No,No,No,No,Yes
5156-UMKOW,,No,,,Yes,DSL,53.0,No,Yes,No,No,No,No,No,Yes
5158-RIVOP,Offer D,Yes,2.52,No,No,,,,,,,,,,
5159-YFPKQ,Offer E,Yes,24.31,No,Yes,Fiber Optic,16.0,No,No,Yes,No,No,No,No,Yes
5160-UXJED,,Yes,13.02,No,Yes,Cable,73.0,No,No,No,No,No,No,No,Yes
5161-UBZXI,,Yes,42.9,No,Yes,Fiber Optic,24.0,Yes,Yes,No,Yes,Yes,Yes,Yes,Yes
5161-XEUVX,Offer C,Yes,13.13,Yes,Yes,Fiber Optic,58.0,No,No,Yes,Yes,Yes,No,No,Yes
5167-GBFRE,Offer E,No,,,Yes,DSL,19.0,No,No,No,No,No,No,No,Yes
5167-ZFFMM,Offer E,Yes,8.56,Yes,Yes,Fiber Optic,24.0,No,Yes,No,No,No,Yes,Yes,Yes
5168-MQQCA,Offer A,Yes,38.44,Yes,Yes,Fiber Optic,16.0,No,Yes,Yes,Yes,Yes,Yes,Yes,Yes
5168-MSWXT,,Yes,22.14,No,Yes,Fiber Optic,82.0,No,No,Yes,No,Yes,Yes,Yes,Yes
5170-PTRKA,,No,,,Yes,Cable,82.0,Yes,No,No,Yes,No,No,No,Yes
5171-EPLKN,,Yes,47.65,No,No,,,,,,,,,,
5172-MIGPM,,Yes,13.31,Yes,Yes,Cable,59.0,No,No,No,Yes,No,Yes,Yes,Yes
5172-RKOCB,,Yes,21.26,Yes,Yes,Fiber Optic,53.0,Yes,Yes,No,Yes,Yes,Yes,Yes,Yes
5173-WXOQV,Offer E,Yes,4.41,No,Yes,DSL,26.0,No,Yes,No,Yes,No,Yes,Yes,No
5173-ZXXXL,,Yes,31.45,No,No,,,,,,,,,,
5174-ITUMV,Offer A,Yes,38.98,Yes,Yes,Fiber Optic,16.0,No,Yes,Yes,No,Yes,Yes,Yes,Yes
5174-RNGBH,,Yes,24.81,No,Yes,Cable,69.0,No,Yes,No,Yes,Yes,No,No,No
5175-AOBHI,,Yes,15.07,No,Yes,Cable,16.0,No,No,No,No,No,No,No,Yes
5175-WLYXL,Offer D,Yes,30.35,Yes,Yes,Fiber Optic,10.0,No,Yes,No,No,No,No,No,No
5176-LDKUH,,Yes,41.26,No,Yes,Fiber Optic,23.0,No,Yes,No,No,No,No,No,Yes
5176-LMJXE,,Yes,44.69,No,No,,,,,,,,,,
5176-OLSKT,Offer A,Yes,44.4,Yes,Yes,DSL,11.0,Yes,Yes,Yes,No,No,No,No,No
5177-RVZNU,,Yes,10.23,No,No,,,,,,,,,,
5178-LMXOP,,Yes,4.89,Yes,Yes,Fiber Optic,11.0,No,No,No,No,Yes,Yes,No,Yes
5180-UCIIQ,,No,,,Yes,Cable,18.0,Yes,No,No,No,No,Yes,No,Yes
5181-OABFK,,Yes,18.99,No,Yes,Cable,53.0,Yes,Yes,Yes,No,No,No,No,Yes
5183-KLYEM,Offer A,Yes,35.24,Yes,Yes,Fiber Optic,42.0,Yes,Yes,Yes,Yes,Yes,Yes,Yes,Yes
5183-SNMJQ,Offer D,Yes,45.69,No,Yes,Fiber Optic,11.0,No,No,No,Yes,Yes,Yes,Yes,Yes
5186-EJEGL,,Yes,34.43,No,Yes,DSL,51.0,Yes,No,Yes,Yes,Yes,No,Yes,Yes
5186-PEIZU,,Yes,37.81,No,No,,,,,,,,,,
5186-SAMNZ,,Yes,41.2,No,Yes,Fiber Optic,15.0,No,No,No,No,No,No,No,No
5188-HGMLP,,Yes,35.16,Yes,Yes,Fiber Optic,5.0,No,No,No,No,No,No,No,Yes
5192-EBGOV,,Yes,45.81,Yes,Yes,Fiber Optic,21.0,No,No,No,No,Yes,No,No,Yes
5193-QLVZB,Offer B,Yes,48.75,Yes,Yes,Fiber Optic,21.0,No,Yes,Yes,No,Yes,Yes,Yes,Yes
5195-KPUNQ,Offer B,Yes,34.58,No,Yes,Fiber Optic,28.0,Yes,Yes,No,Yes,No,Yes,Yes,Yes
5196-SGOAK,Offer E,Yes,9.05,No,Yes,Fiber Optic,21.0,No,Yes,No,No,No,No,No,Yes
5196-WPYOW,,Yes,6.53,No,Yes,Cable,19.0,Yes,Yes,No,Yes,No,No,No,Yes
5197-LQXXH,,Yes,13.41,Yes,Yes,DSL,18.0,No,Yes,Yes,Yes,Yes,Yes,Yes,Yes
5197-PYEPU,Offer B,Yes,6.37,Yes,Yes,Fiber Optic,69.0,Yes,Yes,No,No,Yes,No,No,No
5197-YPYBZ,,Yes,39.59,Yes,No,,,,,,,,,,
5198-EFNBM,,Yes,46.62,No,Yes,Fiber Optic,4.0,No,Yes,Yes,No,Yes,No,No,Yes
5198-HQAEN,Offer C,Yes,1.53,No,Yes,Fiber Optic,57.0,No,Yes,No,Yes,Yes,No,No,Yes
5199-FPUSP,,No,,,Yes,Cable,12.0,Yes,No,No,Yes,No,No,No,Yes
5201-CBWYG,,Yes,16.48,Yes,No,,,,,,,,,,
5201-FRKKS,Offer C,Yes,17.3,No,Yes,Fiber Optic,26.0,Yes,No,No,No,No,No,No,Yes
5201-USSQZ,,Yes,42.26,No,Yes,Fiber Optic,2.0,No,No,No,Yes,No,Yes,Yes,Yes
5202-IVJNU,,No,,,Yes,DSL,24.0,No,No,Yes,No,No,No,No,No
5203-XEHAX,,Yes,45.56,No,Yes,DSL,7.0,Yes,Yes,No,No,No,Yes,Yes,Yes
5204-HMGYF,,Yes,33.07,No,Yes,DSL,23.0,Yes,Yes,Yes,Yes,Yes,Yes,Yes,Yes
5204-QZXPU,,No,,,Yes,DSL,21.0,No,No,Yes,No,Yes,No,No,Yes
5206-HPJKM,,Yes,33.68,No,Yes,DSL,14.0,Yes,Yes,No,No,No,No,No,Yes
5206-XZZQI,Offer B,Yes,49.21,No,Yes,Fiber Optic,29.0,No,Yes,No,Yes,No,No,No,No
5207-PLSTK,,Yes,26.26,No,Yes,DSL,22.0,Yes,No,No,No,No,No,No,Yes
5208-FVQKB,Offer A,Yes,24.93,No,Yes,DSL,15.0,Yes,Yes,No,Yes,No,Yes,Yes,Yes
5208-HFSBT,Offer E,Yes,42.55,No,Yes,DSL,30.0,No,Yes,No,Yes,No,No,No,Yes
5213-TWWJU,,Yes,45.24,No,Yes,Fiber Optic,59.0,No,No,Yes,Yes,No,Yes,Yes,Yes
5214-CHIWJ,,Yes,21.66,No,No,,,,,,,,,,
5214-NLTIT,Offer A,Yes,23.7,Yes,Yes,Fiber Optic,59.0,No,No,Yes,No,No,Yes,Yes,No
5215-LNLDJ,,No,,,Yes,DSL,76.0,No,No,No,No,No,No,Yes,Yes
5216-WASFJ,Offer C,Yes,5.3,Yes,Yes,Fiber Optic,3.0,No,No,No,No,No,Yes,Yes,Yes
5219-YIPTK,,Yes,11.32,Yes,Yes,Fiber Optic,12.0,No,Yes,Yes,No,Yes,Yes,Yes,Yes
5220-AGAAX,Offer A,Yes,2.71,Yes,No,,,,,,,,,,
5222-IMUKT,,Yes,47.3,No,Yes,Fiber Optic,24.0,No,No,No,No,Yes,Yes,Yes,Yes
5222-JCXZT,,Yes,20.16,No,No,,,,,,,,,,
5223-UZAVK,Offer B,Yes,9.95,No,Yes,Fiber Optic,2.0,Yes,Yes,No,No,Yes,Yes,Yes,Yes
5226-NOZFC,,Yes,40.35,No,Yes,Fiber Optic,13.0,No,Yes,No,No,Yes,No,No,Yes
5227-JSCFE,Offer A,No,,,Yes,DSL,19.0,Yes,Yes,Yes,Yes,No,No,No,Yes
5228-EXCET,,Yes,12.54,No,Yes,Fiber Optic,20.0,No,No,No,No,No,Yes,Yes,Yes
5229-DTFYB,,Yes,10.26,No,Yes,Fiber Optic,2.0,No,Yes,No,Yes,Yes,Yes,Yes,Yes
5229-PRWKT,Offer E,Yes,24.76,Yes,Yes,Fiber Optic,2.0,No,No,No,No,No,Yes,Yes,Yes
5231-FIQPA,,Yes,2.32,No,No,,,,,,,,,,
5232-NXPAY,Offer B,Yes,3.47,No,Yes,DSL,12.0,No,No,Yes,Yes,Yes,Yes,Yes,Yes
5233-AOZUF,,Yes,5.39,Yes,Yes,Fiber Optic,17.0,No,No,No,No,No,No,No,Yes
5233-GEEAX,Offer E,No,,,Yes,DSL,4.0,No,No,Yes,No,No,No,No,Yes
5236-PERKL,,Yes,48.86,Yes,Yes,Fiber Optic,6.0,Yes,Yes,Yes,No,Yes,Yes,Yes,Yes
5236-XMZJY,Offer B,Yes,22.08,No,Yes,Cable,26.0,Yes,Yes,Yes,No,No,No,No,Yes
5240-CAOYT,,Yes,28.27,Yes,Yes,Fiber Optic,41.0,Yes,Yes,No,Yes,No,No,No,Yes
5240-IJOQT,,Yes,11.34,Yes,Yes,Fiber Optic,20.0,No,No,No,No,No,No,No,Yes
5242-UOWHD,Offer B,Yes,39.03,No,No,,,,,,,,,,
5243-SAOTC,Offer B,Yes,7.64,Yes,Yes,Fiber Optic,3.0,No,Yes,No,No,No,No,No,Yes
5244-IRFIH,,Yes,27.78,Yes,Yes,Fiber Optic,8.0,No,No,No,No,Yes,Yes,No,Yes
5245-VDBUR,,No,,,Yes,DSL,8.0,Yes,No,Yes,No,No,No,No,Yes
5248-KWLAR,Offer A,Yes,18.42,Yes,Yes,DSL,29.0,Yes,Yes,Yes,Yes,Yes,Yes,Yes,Yes
5248-RPYWW,,Yes,9.88,Yes,Yes,Cable,16.0,Yes,Yes,Yes,Yes,Yes,Yes,No,Yes
5248-YGIJN,,Yes,10.92,Yes,Yes,DSL,28.0,Yes,Yes,Yes,Yes,Yes,Yes,Yes,Yes
5249-QYHEX,Offer B,Yes,33.44,Yes,No,,,,,,,,,,
5256-SKJGO,,No,,,Yes,DSL,30.0,No,Yes,No,Yes,Yes,Yes,Yes,Yes
5260-UMPWX,,Yes,24.44,No,No,,,,,,,,,,
5261-QSHQM,Offer E,No,,,Yes,DSL,9.0,No,No,No,No,No,No,No,Yes
5266-PFRQK,Offer B,Yes,39.48,No,No,,,,,,,,,,
5268-DSMNQ,,Yes,11.41,Yes,Yes,Fiber Optic,25.0,No,Yes,Yes,No,Yes,No,No,Yes
5269-NRGDP,,Yes,14.8,No,Yes,DSL,23.0,No,No,Yes,Yes,Yes,Yes,Yes,Yes
5271-DBYSJ,Offer D,Yes,26.84,No,Yes,Fiber Optic,15.0,No,No,No,No,No,Yes,Yes,No
5271-YNWVR,Offer A,Yes,23.67,Yes,Yes,Fiber Optic,22.0,Yes,Yes,Yes,Yes,Yes,Yes,Yes,Yes
5274-XHAKY,Offer B,Yes,1.6,Yes,Yes,Fiber Optic,59.0,Yes,Yes,No,No,Yes,No,No,Yes
5275-PMFUT,,No,,,Yes,DSL,18.0,Yes,Yes,Yes,Yes,Yes,Yes,Yes,Yes
5275-SQEIZ,,Yes,14.91,No,Yes,Fiber Optic,21.0,No,No,No,No,No,Yes,Yes,Yes
5276-KQWHG,Offer E,Yes,15.32,No,Yes,Fiber Optic,21.0,No,No,No,No,No,No,No,Yes
5277-ZLOOR,Offer E,Yes,5.49,Yes,Yes,Fiber Optic,25.0,No,No,No,No,Yes,No,No,Yes
5278-PNYOX,,Yes,11.11,No,Yes,Fiber Optic,27.0,No,No,Yes,Yes,Yes,Yes,Yes,Yes
5281-BUZGT,Offer C,Yes,23.33,Yes,Yes,Fiber Optic,23.0,Yes,No,No,No,Yes,No,No,Yes
5285-MVEHD,Offer B,Yes,34.1,No,Yes,Fiber Optic,13.0,Yes,Yes,Yes,No,Yes,Yes,Yes,Yes
5286-YHCVC,,Yes,40.49,Yes,Yes,Fiber Optic,15.0,No,Yes,Yes,No,Yes,Yes,Yes,Yes
5287-QWLKY,,Yes,44.66,Yes,Yes,Fiber Optic,8.0,Yes,Yes,No,No,Yes,Yes,Yes,Yes
5288-AHOUP,,Yes,41.58,No,Yes,Fiber Optic,3.0,No,No,No,No,No,Yes,Yes,Yes
5293-WXJAK,,Yes,17.25,Yes,Yes,Fiber Optic,27.0,No,No,Yes,Yes,Yes,Yes,No,Yes
5294-CDGWY,,No,,,Yes,DSL,2.0,Yes,Yes,Yes,No,Yes,Yes,Yes,Yes
5294-DMSFH,,Yes,33.62,No,Yes,Fiber Optic,13.0,No,No,No,No,Yes,Yes,Yes,Yes
5294-IMHHT,,Yes,32.94,Yes,Yes,Fiber Optic,17.0,No,Yes,No,Yes,No,Yes,Yes,Yes
5295-PCJOO,,Yes,9.77,No,Yes,Cable,16.0,Yes,No,No,No,No,No,No,No
5296-BFCYD,,Yes,14.91,No,No,,,,,,,,,,
5296-PSYVW,,Yes,8.98,Yes,No,,,,,,,,,,
5297-MDOIR,Offer B,Yes,34.51,No,Yes,Fiber Optic,46.0,Yes,No,Yes,No,No,No,Yes,Yes
5298-GSTLM,Offer B,Yes,48.92,Yes,Yes,Fiber Optic,11.0,Yes,No,No,No,Yes,Yes,No,Yes
5299-RULOA,,Yes,24.48,Yes,Yes,Fiber Optic,30.0,Yes,No,No,No,Yes,Yes,Yes,Yes
5299-SJCZT,Offer E,Yes,21.86,Yes,Yes,Fiber Optic,6.0,No,No,Yes,No,Yes,Yes,Yes,Yes
5301-GAUUY,Offer C,Yes,1.49,Yes,Yes,Fiber Optic,21.0,No,Yes,No,No,No,No,No,Yes
5302-BDJNT,,Yes,45.62,Yes,Yes,Fiber Optic,59.0,No,No,Yes,Yes,Yes,No,No,Yes
5304-EFJLP,,Yes,16.92,Yes,Yes,Fiber Optic,19.0,No,Yes,Yes,Yes,Yes,Yes,Yes,No
5306-BVTKJ,Offer B,Yes,38.3,No,Yes,DSL,85.0,No,Yes,Yes,No,No,No,Yes,Yes
5307-DZCVC,Offer C,Yes,48.95,Yes,Yes,Fiber Optic,9.0,No,No,No,No,Yes,No,No,Yes
5307-UVGNB,,No,,,Yes,Cable,25.0,Yes,Yes,Yes,No,No,Yes,Yes,Yes
5309-TAIKL,,Yes,8.29,No,Yes,DSL,21.0,No,No,Yes,Yes,No,Yes,Yes,Yes
5310-NOOVA,,Yes,13.42,No,No,,,,,,,,,,
5311-IHLEI,Offer D,No,,,Yes,DSL,9.0,Yes,Yes,No,Yes,Yes,No,No,Yes
5312-IRCFR,,Yes,37.47,Yes,Yes,Fiber Optic,69.0,No,Yes,Yes,No,No,Yes,Yes,Yes
5312-TSZVC,,Yes,23.56,No,No,,,,,,,,,,
5312-UXESG,Offer B,Yes,29.19,Yes,Yes,Fiber Optic,4.0,No,No,Yes,No,Yes,Yes,Yes,Yes
5313-FPXWG,Offer B,Yes,34.36,Yes,No,,,,,,,,,,
5315-CKEQK,,Yes,4.71,Yes,Yes,DSL,21.0,No,No,No,No,No,No,No,No
5317-FLPJF,Offer A,No,,,Yes,DSL,73.0,Yes,No,Yes,Yes,Yes,Yes,Yes,No
5318-IXUZF,,Yes,6.2,No,Yes,Fiber Optic,6.0,No,Yes,No,No,Yes,No,No,Yes
5318-YKDPV,,Yes,41.08,No,Yes,DSL,18.0,Yes,No,Yes,Yes,Yes,Yes,Yes,Yes
5320-BRKGK,Offer B,Yes,2.87,Yes,Yes,DSL,69.0,Yes,No,Yes,Yes,Yes,No,No,Yes
5321-NTRKC,Offer A,Yes,35.01,Yes,Yes,DSL,59.0,No,Yes,Yes,No,Yes,Yes,Yes,Yes
5322-TEUJK,,Yes,4.91,Yes,Yes,Fiber Optic,29.0,Yes,Yes,Yes,Yes,Yes,Yes,Yes,Yes
5322-ZSMZY,,Yes,7.03,Yes,No,,,,,,,,,,
5324-KTGCG,,Yes,44.82,No,No,,,,,,,,,,
5325-UWTWJ,Offer C,Yes,22.42,Yes,Yes,Fiber Optic,21.0,Yes,Yes,No,Yes,No,No,No,Yes
5327-CNLUQ,Offer B,Yes,6.1,Yes,Yes,Fiber Optic,18.0,Yes,Yes,Yes,No,Yes,No,No,Yes
5327-XOKKY,Offer A,Yes,11.26,Yes,Yes,Cable,3.0,No,No,Yes,No,Yes,Yes,Yes,Yes
5329-KRDTM,Offer A,Yes,33.68,Yes,Yes,DSL,10.0,No,Yes,Yes,Yes,Yes,No,No,Yes
5331-RGMTT,,Yes,38.48,Yes,Yes,Fiber Optic,13.0,No,No,Yes,No,Yes,Yes,No,No
5334-AFQJB,Offer A,Yes,2.37,Yes,No,,,,,,,,,,
5334-JLAXU,Offer B,Yes,15.54,Yes,Yes,Fiber Optic,19.0,Yes,Yes,No,No,No,Yes,Yes,Yes
5336-UFNZP,Offer B,Yes,19.58,Yes,Yes,Fiber Optic,26.0,No,Yes,Yes,No,Yes,Yes,Yes,Yes
5337-IIWKZ,Offer C,No,,,Yes,DSL,76.0,No,No,Yes,Yes,Yes,No,No,Yes
5338-YHWYT,,Yes,49.99,No,Yes,Cable,27.0,Yes,Yes,No,Yes,No,No,No,No
5339-PXDVH,Offer E,Yes,31.57,Yes,Yes,Fiber Optic,18.0,Yes,No,No,No,Yes,No,No,Yes
5339-TJFEK,Offer B,Yes,14.75,Yes,Yes,Fiber Optic,52.0,Yes,Yes,No,No,Yes,Yes,Yes,No
5343-SGUBI,Offer B,Yes,42.9,Yes,Yes,Fiber Optic,14.0,No,Yes,No,No,No,No,No,Yes
5345-BMKWB,,Yes,4.98,No,No,,,,,,,,,,
5346-BZCHP,Offer A,Yes,25.18,No,No,,,,,,,,,,
5348-CAGXB,Offer D,Yes,33.36,Yes,Yes,Fiber Optic,22.0,No,No,Yes,No,Yes,No,No,Yes
5349-AZPEW,Offer E,No,,,Yes,DSL,53.0,No,No,No,No,No,No,No,Yes
5349-IECLD,,Yes,26.05,No,Yes,Fiber Optic,2.0,No,No,Yes,No,Yes,Yes,Yes,Yes
5351-QESIO,Offer E,No,,,Yes,Cable,17.0,No,No,No,No,No,No,No,Yes
5353-WILCI,Offer C,Yes,44.11,No,Yes,Cable,15.0,Yes,Yes,No,No,No,No,No,No
5356-CSVSQ,,Yes,40.99,Yes,Yes,Cable,48.0,No,No,No,Yes,Yes,No,No,Yes
5356-KZCKT,Offer B,Yes,2.38,Yes,No,,,,,,,,,,
5356-RHIPP,Offer E,Yes,45.49,No,No,,,,,,,,,,
5357-TZHPP,,Yes,30.8,Yes,Yes,Fiber Optic,18.0,No,No,No,No,No,Yes,No,Yes
5360-LJCNJ,,Yes,10.46,Yes,Yes,Fiber Optic,3.0,No,Yes,Yes,No,Yes,Yes,Yes,No
5360-XGYAZ,,No,,,Yes,DSL,16.0,Yes,Yes,Yes,Yes,Yes,Yes,Yes,No
5364-EVNIB,,Yes,30.88,No,Yes,Fiber Optic,3.0,No,Yes,Yes,No,No,No,No,Yes
5364-XYIRR,,Yes,21.08,Yes,Yes,Fiber Optic,9.0,No,No,No,No,Yes,Yes,Yes,Yes
5365-LLFYV,Offer E,Yes,5.47,No,Yes,DSL,29.0,No,No,No,No,No,No,No,Yes
5366-IJEQJ,Offer D,Yes,5.54,Yes,Yes,Fiber Optic,59.0,No,No,Yes,No,Yes,No,No,Yes
5366-OBVMR,Offer D,Yes,35.96,No,Yes,DSL,17.0,No,No,No,Yes,No,No,No,Yes
5370-IIVVL,Offer C,Yes,38.72,Yes,Yes,Fiber Optic,59.0,No,Yes,No,Yes,Yes,Yes,Yes,Yes
5371-VYLSX,,Yes,47.99,Yes,Yes,Fiber Optic,22.0,Yes,Yes,No,No,No,No,No,Yes
5372-FBKBN,Offer D,Yes,8.68,No,No,,,,,,,,,,
5373-SFODM,,Yes,24.54,Yes,Yes,Fiber Optic,5.0,No,No,No,No,No,Yes,Yes,Yes
5375-XLDOF,Offer A,Yes,37.97,Yes,Yes,Fiber Optic,27.0,Yes,Yes,Yes,Yes,Yes,Yes,Yes,No
5376-DEQCP,,Yes,27.12,No,Yes,Fiber Optic,23.0,No,No,No,No,No,No,No,Yes
5376-PCKNB,Offer A,Yes,17.49,Yes,Yes,Fiber Optic,12.0,No,Yes,Yes,No,Yes,Yes,Yes,No
5377-NDTOU,Offer A,Yes,9.5,Yes,Yes,Cable,76.0,Yes,Yes,Yes,Yes,Yes,Yes,Yes,Yes
5378-IKEEG,Offer E,No,,,Yes,Cable,2.0,No,No,No,No,Yes,No,No,Yes
5380-AFSSK,,Yes,46.45,Yes,Yes,Fiber Optic,10.0,No,No,No,No,Yes,Yes,Yes,Yes
5380-WJKOV,Offer C,Yes,21.69,Yes,Yes,Fiber Optic,28.0,No,Yes,Yes,No,Yes,Yes,Yes,Yes
5380-XPJNZ,,Yes,40.64,No,No,,,,,,,,,,
5382-SOYZL,,Yes,11.15,Yes,Yes,Fiber Optic,17.0,No,No,No,No,Yes,Yes,Yes,Yes
5382-TEMLV,,Yes,19.39,No,Yes,DSL,16.0,Yes,No,No,No,No,No,No,Yes
5383-MMTWC,,Yes,46.05,Yes,Yes,Fiber Optic,22.0,No,No,No,No,No,Yes,No,Yes
5384-ZTTWP,Offer D,Yes,17.43,No,No,,,,,,,,,,
5385-SUIRI,,Yes,37.6,Yes,Yes,Fiber Optic,23.0,Yes,No,Yes,No,Yes,Yes,Yes,Yes
5386-THSLQ,Offer A,No,,,Yes,Cable,9.0,No,Yes,Yes,No,Yes,No,No,Yes
5387-ASZNZ,Offer A,Yes,36.48,Yes,Yes,DSL,5.0,Yes,Yes,No,Yes,No,No,No,Yes
5389-FFVKB,,Yes,2.08,No,Yes,Fiber Optic,25.0,No,No,No,No,No,Yes,Yes,Yes
5392-AKEMH,,Yes,31.22,No,Yes,DSL,12.0,No,No,No,No,No,No,No,Yes
5393-HJZSM,Offer C,Yes,32.43,No,Yes,Cable,19.0,Yes,Yes,Yes,Yes,No,Yes,Yes,Yes
5393-RXQSZ,,Yes,19.32,No,Yes,Fiber Optic,22.0,No,No,No,No,No,Yes,Yes,Yes
5394-MEITZ,,Yes,14.0,No,Yes,Cable,42.0,No,Yes,Yes,Yes,Yes,Yes,Yes,Yes
5394-SVGJV,,Yes,30.72,Yes,Yes,Fiber Optic,42.0,No,No,No,Yes,Yes,Yes,Yes,Yes
5396-IZEPB,Offer E,Yes,24.89,No,No,,,,,,,,,,
5397-NSKQG,Offer A,No,,,Yes,DSL,17.0,Yes,No,No,No,Yes,Yes,Yes,Yes
5397-TUPSH,,Yes,28.68,No,Yes,Fiber Optic,20.0,No,No,No,No,No,No,No,Yes
5399-ZIMKF,,Yes,32.81,No,Yes,Fiber Optic,16.0,No,Yes,No,No,No,No,No,Yes
5402-HTOTQ,,Yes,5.79,Yes,Yes,DSL,4.0,No,Yes,No,No,No,No,No,Yes
5404-GGUKR,Offer E,Yes,17.16,No,Yes,DSL,7.0,No,Yes,No,No,No,No,No,Yes
5405-ZMYXQ,Offer E,Yes,1.28,Yes,Yes,Fiber Optic,42.0,No,No,No,No,No,No,No,Yes
5406-KGRMX,,Yes,2.66,Yes,No,,,,,,,,,,
5414-OFQCB,,Yes,30.77,Yes,Yes,Fiber Optic,10.0,No,No,No,Yes,Yes,No,No,No
5419-CONWX,,Yes,12.68,No,Yes,Fiber Optic,10.0,No,Yes,Yes,No,Yes,Yes,Yes,Yes
5419-JKZNQ,,Yes,2.86,Yes,Yes,Fiber Optic,19.0,No,No,No,No,No,No,No,Yes
5419-JPRRN,,Yes,10.38,Yes,Yes,Fiber Optic,7.0,No,No,Yes,No,Yes,Yes,Yes,Yes
5419-KLXBN,,Yes,24.64,No,Yes,Fiber Optic,5.0,No,Yes,Yes,No,Yes,No,No,Yes
5423-BHIXO,,Yes,32.02,Yes,Yes,DSL,3.0,No,Yes,No,No,No,No,No,Yes
5424-RLQLC,Offer D,Yes,1.48,No,Yes,DSL,25.0,No,Yes,No,No,Yes,No,No,No
5429-LWCMV,Offer D,Yes,34.73,Yes,Yes,Fiber Optic,6.0,No,Yes,No,No,No,Yes,Yes,No
5433-KYGHE,Offer D,Yes,47.72,Yes,Yes,Fiber Optic,22.0,Yes,No,No,Yes,No,No,No,Yes
5438-QMDDL,,Yes,8.3,No,Yes,DSL,48.0,No,Yes,No,No,No,Yes,Yes,Yes
5439-WIKXB,Offer B,Yes,46.46,No,Yes,Fiber Optic,2.0,No,Yes,No,No,Yes,Yes,Yes,No
5440-FLBQG,Offer A,Yes,48.88,Yes,Yes,Fiber Optic,4.0,No,Yes,Yes,Yes,Yes,Yes,No,Yes
5440-VHLUL,Offer A,Yes,44.57,Yes,Yes,Fiber Optic,28.0,No,Yes,No,Yes,Yes,Yes,Yes,Yes
5442-BHQNG,,Yes,44.77,No,Yes,Fiber Optic,9.0,No,No,No,No,No,No,No,Yes
5442-BXVND,,Yes,9.97,Yes,No,,,,,,,,,,
5442-PPTJY,Offer D,Yes,4.71,No,No,,,,,,,,,,
5442-UTCVD,,Yes,43.72,Yes,Yes,Fiber Optic,21.0,No,No,Yes,No,No,Yes,Yes,Yes
5442-XSDCW,Offer D,Yes,13.33,No,Yes,Fiber Optic,19.0,No,No,No,No,Yes,No,No,No
5443-SCMKX,,Yes,21.38,Yes,Yes,Fiber Optic,26.0,No,Yes,Yes,No,No,Yes,Yes,No
5445-GLVOT,Offer D,Yes,31.53,No,Yes,Cable,11.0,Yes,No,No,No,No,No,No,Yes
5445-PZWGX,Offer B,Yes,8.08,Yes,Yes,Fiber Optic,21.0,Yes,Yes,No,Yes,No,Yes,Yes,No
5445-UTODQ,,Yes,11.58,No,Yes,Fiber Optic,27.0,No,No,No,No,Yes,No,No,Yes
5446-DKWYW,Offer B,Yes,39.31,Yes,Yes,DSL,10.0,No,No,Yes,No,Yes,No,No,Yes
5447-VYTKW,,Yes,15.09,No,Yes,Cable,28.0,Yes,No,No,Yes,No,No,No,Yes
5447-WZAFP,Offer B,Yes,8.33,No,Yes,Fiber Optic,73.0,No,Yes,Yes,No,Yes,Yes,Yes,Yes
5448-VWNAM,Offer D,Yes,8.02,Yes,Yes,DSL,57.0,Yes,Yes,No,Yes,Yes,No,No,Yes
5449-FIBXJ,Offer D,Yes,28.04,Yes,Yes,Fiber Optic,22.0,No,No,Yes,Yes,Yes,Yes,Yes,Yes
5451-MHQOF,,Yes,32.93,Yes,No,,,,,,,,,,
5451-YHYPW,Offer A,Yes,44.89,Yes,Yes,Fiber Optic,24.0,Yes,Yes,Yes,Yes,Yes,Yes,No,No
5453-AXEPF,Offer D,Yes,46.71,Yes,Yes,Fiber Optic,8.0,No,Yes,No,No,No,No,No,Yes
5453-YBTWV,,Yes,49.67,No,Yes,Fiber Optic,19.0,Yes,Yes,Yes,Yes,Yes,No,No,Yes
5456-ITGIC,,No,,,Yes,DSL,9.0,Yes,Yes,Yes,Yes,Yes,Yes,Yes,Yes
5457-COLHT,,Yes,40.36,No,Yes,Cable,53.0,Yes,Yes,No,Yes,Yes,Yes,Yes,Yes
5458-CQJTA,Offer B,Yes,40.47,No,Yes,DSL,30.0,Yes,No,No,Yes,Yes,Yes,Yes,Yes
5461-QKNTN,,Yes,4.59,Yes,Yes,Fiber Optic,5.0,No,Yes,No,Yes,Yes,No,No,Yes
5465-BUBFA,Offer B,Yes,21.28,No,No,,,,,,,,,,
5468-BPMMO,,Yes,16.07,No,No,,,,,,,,,,
5469-CTCWN,,Yes,46.95,Yes,Yes,Cable,21.0,Yes,Yes,No,No,Yes,Yes,Yes,Yes
5469-NUJUR,,Yes,19.1,No,No,,,,,,,,,,
5472-CVMDX,,No,,,Yes,DSL,58.0,Yes,No,Yes,Yes,No,No,No,Yes
5473-KHBPS,Offer B,Yes,8.16,Yes,Yes,Fiber Optic,20.0,No,Yes,Yes,No,Yes,No,No,Yes
5474-LAMUQ,Offer C,Yes,35.8,No,No,,,,,,,,,,
5478-JJVZK,,Yes,15.69,Yes,Yes,DSL,24.0,Yes,Yes,No,No,No,No,No,Yes
5480-HPRRX,,No,,,Yes,DSL,30.0,No,No,No,No,No,No,No,Yes
5480-TBGPH,,Yes,44.96,No,Yes,Fiber Optic,28.0,No,Yes,Yes,No,Yes,Yes,Yes,Yes
5480-XTFFL,Offer C,Yes,9.8,No,No,,,,,,,,,,
5481-NTDOH,,Yes,38.47,Yes,Yes,Fiber Optic,20.0,Yes,No,Yes,No,Yes,Yes,No,Yes
5482-NUPNA,,Yes,18.03,No,Yes,Cable,59.0,Yes,Yes,No,Yes,No,No,No,Yes
5482-PLVPE,,No,,,Yes,DSL,11.0,No,No,No,No,No,No,No,Yes
5482-VXSXJ,,Yes,46.5,No,Yes,Fiber Optic,17.0,No,Yes,No,No,Yes,Yes,Yes,Yes
5485-ITNPC,,Yes,7.61,No,Yes,DSL,10.0,Yes,Yes,Yes,Yes,Yes,Yes,Yes,Yes
5485-WUYWF,,Yes,5.57,No,Yes,Cable,24.0,Yes,No,Yes,No,Yes,No,No,Yes
5493-SDRDQ,Offer E,Yes,5.33,No,Yes,Cable,52.0,Yes,No,Yes,No,No,No,No,Yes
5494-HECPR,Offer E,Yes,32.92,No,Yes,Fiber Optic,3.0,No,No,No,No,Yes,No,No,Yes
5494-WOZRZ,,Yes,38.22,No,Yes,DSL,23.0,Yes,No,Yes,Yes,Yes,Yes,Yes,Yes
5495-GPSRW,,Yes,27.11,No,No,,,,,,,,,,
5498-IBWPI,Offer A,Yes,48.11,No,Yes,Cable,27.0,No,No,No,Yes,No,No,No,Yes
5498-TXHLF,,Yes,40.78,Yes,Yes,Fiber Optic,4.0,No,No,Yes,No,Yes,No,No,Yes
5499-ECUTN,,Yes,6.56,No,Yes,DSL,11.0,Yes,No,Yes,No,Yes,No,No,No
5501-TVMGM,,Yes,39.19,No,Yes,DSL,69.0,No,No,No,No,No,Yes,Yes,No
5502-RLUYV,,Yes,37.2,Yes,Yes,Fiber Optic,27.0,No,Yes,Yes,No,Yes,Yes,Yes,Yes
5504-WSIUR,,Yes,13.4,Yes,Yes,Fiber Optic,3.0,No,Yes,Yes,Yes,No,No,No,No
5505-OVWQW,,Yes,4.38,No,No,,,,,,,,,,
5510-BOIUJ,,Yes,12.81,No,No,,,,,,,,,,
5512-IDZEI,,Yes,18.45,Yes,No,,,,,,,,,,
5514-YQENT,,Yes,30.58,No,Yes,Fiber Optic,59.0,Yes,Yes,Yes,Yes,Yes,Yes,Yes,Yes
5515-AKOAJ,,Yes,41.83,Yes,Yes,Fiber Optic,9.0,No,No,No,Yes,Yes,Yes,Yes,Yes
5515-IDEJJ,Offer E,Yes,45.77,No,No,,,,,,,,,,
5515-RUGKN,,Yes,30.53,No,Yes,DSL,26.0,No,No,No,No,No,Yes,Yes,Yes
5519-NPHVG,,Yes,12.75,Yes,Yes,Fiber Optic,24.0,No,No,No,No,Yes,Yes,Yes,No
5519-TEEUH,Offer C,Yes,21.16,No,No,,,,,,,,,,
5519-YLDGW,Offer D,Yes,1.21,Yes,Yes,Fiber Optic,16.0,Yes,No,Yes,No,Yes,Yes,Yes,Yes
5520-FVEWJ,,Yes,40.63,Yes,Yes,Fiber Optic,59.0,No,Yes,Yes,No,No,No,Yes,Yes
5522-JBWMO,,Yes,15.66,No,Yes,DSL,29.0,No,No,No,No,No,No,No,Yes
5522-NYKPB,Offer C,Yes,11.79,No,Yes,Fiber Optic,59.0,No,No,No,Yes,Yes,No,No,Yes
5524-KHNJP,Offer C,Yes,48.85,No,Yes,Cable,30.0,Yes,No,Yes,No,Yes,Yes,Yes,Yes
5527-ACHSO,,Yes,47.61,No,Yes,DSL,12.0,No,No,No,Yes,Yes,Yes,Yes,Yes
5529-GIBVH,,Yes,3.49,No,No,,,,,,,,,,
5533-NHFRF,,No,,,Yes,DSL,26.0,No,Yes,No,Yes,No,Yes,No,Yes
5533-RJFTJ,Offer B,No,,,Yes,Cable,58.0,No,No,Yes,No,No,No,No,Yes
5536-RTPWK,Offer B,Yes,20.48,Yes,Yes,Fiber Optic,22.0,No,Yes,No,No,Yes,Yes,Yes,Yes
5536-SLHPM,,Yes,19.41,Yes,Yes,Fiber Optic,4.0,No,No,Yes,No,No,No,No,Yes
5537-UXXVS,Offer D,Yes,48.03,No,No,,,,,,,,,,
5539-HIVAK,,Yes,25.57,Yes,No,,,,,,,,,,
5539-TMZLF,,Yes,33.84,No,Yes,Fiber Optic,5.0,No,No,No,No,No,No,No,Yes
5542-DHSXL,,Yes,6.77,No,Yes,Cable,3.0,Yes,Yes,No,No,No,No,No,Yes
5542-NKVRU,Offer B,Yes,18.31,No,No,,,,,,,,,,
5542-TBBWB,,Yes,9.36,No,Yes,Fiber Optic,14.0,No,No,No,No,No,No,No,No
5543-QDCRY,,Yes,20.76,No,Yes,DSL,30.0,No,No,No,No,Yes,No,No,Yes
5546-BYZSM,Offer B,Yes,15.48,No,No,,,,,,,,,,
5546-QUERU,,Yes,16.35,No,No,,,,,,,,,,
5549-ZGHFB,,Yes,22.3,Yes,No,,,,,,,,,,
5550-VFRLC,,Yes,43.45,No,Yes,Fiber Optic,30.0,No,No,No,No,No,No,No,No
5552-ZNFSJ,,Yes,34.37,No,Yes,DSL,28.0,No,No,No,No,No,No,No,Yes
5553-AOINX,,Yes,39.38,Yes,Yes,Fiber Optic,30.0,No,Yes,Yes,No,Yes,Yes,Yes,Yes
5555-RNPGT,Offer D,Yes,34.47,Yes,No,,,,,,,,,,
5561-NWEVX,Offer E,Yes,17.73,Yes,Yes,Fiber Optic,18.0,No,No,Yes,No,No,No,No,Yes
5562-BETPV,Offer E,Yes,23.41,No,No,,,,,,,,,,
5562-YJQGT,,Yes,2.46,No,No,,,,,,,,,,
5564-NEMQO,Offer E,Yes,35.09,No,Yes,Fiber Optic,17.0,No,No,Yes,No,No,No,No,No
5565-FILXA,,Yes,38.75,Yes,Yes,Fiber Optic,16.0,No,No,No,No,Yes,Yes,No,Yes
5566-SOEZD,,Yes,15.71,No,Yes,Fiber Optic,53.0,Yes,Yes,No,No,No,No,No,Yes
5567-GZKQY,Offer B,Yes,29.25,No,No,,,,,,,,,,
5567-WSELE,Offer E,Yes,32.31,Yes,Yes,Fiber Optic,27.0,No,No,No,No,Yes,Yes,No,Yes
5568-DMXZS,Offer E,Yes,37.37,No,Yes,Cable,16.0,No,Yes,No,Yes,Yes,No,No,Yes
5569-IDSEY,Offer A,Yes,29.11,Yes,Yes,Fiber Optic,28.0,No,Yes,Yes,No,Yes,Yes,Yes,Yes
5569-KGJHX,Offer E,Yes,14.21,Yes,Yes,Fiber Optic,5.0,No,No,No,No,Yes,No,No,No
5569-OUICF,Offer C,Yes,16.43,Yes,Yes,Fiber Optic,20.0,No,No,No,Yes,Yes,Yes,No,Yes
5570-PTWEH,,Yes,15.02,Yes,Yes,Fiber Optic,29.0,No,No,No,No,No,No,No,Yes
5572-ZDXHY,,Yes,29.07,No,Yes,Fiber Optic,52.0,No,Yes,No,No,No,Yes,Yes,Yes
5574-NXZIU,,Yes,13.14,No,Yes,Fiber Optic,17.0,Yes,Yes,Yes,Yes,Yes,Yes,Yes,Yes
5575-GNVDE,,Yes,17.09,No,Yes,DSL,16.0,Yes,No,Yes,No,No,No,No,Yes
5575-TPIZQ,Offer B,Yes,37.75,Yes,Yes,Fiber Optic,73.0,Yes,No,No,No,Yes,No,No,Yes
5577-OTWWW,Offer D,Yes,39.84,No,No,,,,,,,,,,
5578-NKCXI,,Yes,39.05,No,Yes,Fiber Optic,76.0,Yes,Yes,No,No,Yes,Yes,Yes,Yes
5583-EJXRD,,No,,,Yes,Cable,59.0,Yes,Yes,Yes,Yes,No,Yes,Yes,Yes
5583-SXDAG,Offer E,Yes,19.15,No,Yes,Fiber Optic,18.0,No,No,No,No,No,No,No,No
5590-BYNII,,Yes,35.93,Yes,Yes,Fiber Optic,17.0,Yes,No,No,No,Yes,Yes,Yes,Yes
5590-YRFJT,,No,,,Yes,DSL,10.0,No,No,No,No,No,No,No,Yes
5590-ZSKRV,Offer E,Yes,38.78,No,Yes,DSL,18.0,Yes,Yes,No,No,No,No,No,Yes
5593-SUAOO,,Yes,41.45,Yes,Yes,Fiber Optic,53.0,No,Yes,Yes,No,No,No,No,Yes
5597-GLBUC,Offer E,Yes,22.97,No,Yes,Fiber Optic,23.0,No,No,Yes,No,Yes,No,No,Yes
5598-IKHQQ,Offer A,Yes,6.75,Yes,No,,,,,,,,,,
5599-HVLTW,,Yes,7.34,Yes,Yes,Fiber Optic,3.0,No,No,Yes,No,No,No,No,Yes
5600-KTXFM,Offer E,Yes,29.1,No,Yes,Fiber Optic,19.0,No,No,No,No,No,No,No,Yes
5600-PDUJF,,Yes,26.76,No,Yes,DSL,22.0,No,No,No,Yes,No,No,No,Yes
5602-BVFMK,,Yes,41.78,No,No,,,,,,,,,,
5605-IYGFG,,Yes,27.46,No,Yes,Fiber Optic,4.0,No,No,No,No,No,No,No,Yes
5605-XNWEN,,Yes,28.99,Yes,No,,,,,,,,,,
5606-AMZBO,,Yes,38.03,Yes,Yes,Fiber Optic,42.0,Yes,No,No,No,No,No,No,Yes
5609-CEBID,,Yes,48.73,Yes,Yes,Fiber Optic,12.0,No,Yes,Yes,No,No,Yes,No,No
5609-IMCGG,Offer D,Yes,6.22,Yes,Yes,Fiber Optic,4.0,Yes,No,Yes,No,No,No,No,Yes
5614-DNZCE,,Yes,29.47,No,Yes,DSL,16.0,Yes,Yes,Yes,Yes,No,No,No,Yes
5616-PRTNT,,Yes,22.78,No,No,,,,,,,,,,
5619-PTMIK,Offer B,Yes,44.74,Yes,Yes,DSL,82.0,Yes,No,No,No,No,No,Yes,Yes
5619-XZZKR,,Yes,6.86,No,No,,,,,,,,,,
5622-UEJFI,,Yes,32.75,Yes,No,,,,,,,,,,
5624-BQSSA,,Yes,40.48,No,No,,,,,,,,,,
5624-RYAMH,,Yes,46.94,No,No,,,,,,,,,,
5626-MGTUK,,Yes,24.73,Yes,Yes,Fiber Optic,25.0,Yes,No,No,No,Yes,No,No,No
5627-TVBPP,,Yes,25.52,No,No,,,,,,,,,,
5628-FCGYG,,Yes,49.05,Yes,Yes,Fiber Optic,9.0,No,No,No,No,No,Yes,Yes,Yes
5628-RKIFK,,Yes,24.84,Yes,Yes,Fiber Optic,14.0,Yes,No,No,No,Yes,Yes,Yes,Yes
5630-AHZIL,Offer E,Yes,39.55,No,Yes,DSL,56.0,Yes,No,No,Yes,No,Yes,Yes,No
5630-IXDXV,Offer B,Yes,14.54,Yes,Yes,Fiber Optic,10.0,No,Yes,Yes,No,Yes,Yes,Yes,Yes
5639-NTUPK,Offer D,Yes,19.17,No,Yes,Cable,59.0,Yes,No,No,No,No,No,Yes,Yes
5640-CAXOA,,No,,,Yes,Cable,42.0,No,No,No,Yes,No,Yes,Yes,Yes
5641-DMBFJ,,Yes,31.27,Yes,Yes,DSL,59.0,Yes,No,Yes,Yes,Yes,Yes,Yes,Yes
5642-MHDQT,Offer B,Yes,11.35,No,No,,,,,,,,,,
5644-PDMZC,,Yes,47.47,Yes,Yes,Fiber Optic,19.0,No,Yes,No,No,No,Yes,Yes,Yes
5647-FXOTP,Offer B,Yes,36.71,Yes,Yes,Fiber Optic,25.0,No,Yes,Yes,No,Yes,Yes,Yes,No
5647-URDKA,,Yes,11.57,No,No,,,,,,,,,,
5649-ANRML,Offer E,Yes,12.96,No,Yes,Fiber Optic,20.0,No,Yes,Yes,Yes,No,Yes,No,Yes
5649-RXQTV,Offer B,Yes,42.33,No,Yes,Fiber Optic,2.0,No,Yes,Yes,No,Yes,Yes,Yes,Yes
5649-TJHOV,Offer C,No,,,Yes,DSL,25.0,No,No,No,No,No,Yes,No,No
5649-VUKMC,,Yes,34.81,No,Yes,Fiber Optic,16.0,No,No,Yes,No,Yes,Yes,Yes,Yes
5650-VDUDS,Offer E,No,,,Yes,Cable,16.0,No,No,No,No,No,No,No,Yes
5650-YLIBA,,Yes,42.05,Yes,Yes,Fiber Optic,12.0,No,Yes,No,No,No,No,No,Yes
5651-CPDND,Offer D,Yes,13.51,No,Yes,DSL,14.0,No,No,No,No,No,No,No,Yes
5651-CRHKQ,,Yes,13.23,No,Yes,Fiber Optic,16.0,No,Yes,Yes,Yes,No,No,No,Yes
5651-WYIPH,,Yes,41.13,No,Yes,Cable,23.0,No,Yes,No,No,No,No,No,Yes
5651-YLPRD,,Yes,26.66,No,Yes,Fiber Optic,57.0,No,Yes,No,No,Yes,No,No,No
5652-MSDEY,,Yes,39.85,Yes,Yes,Fiber Optic,21.0,No,No,No,No,No,No,No,Yes
5655-JSMZM,Offer B,Yes,32.36,Yes,Yes,Fiber Optic,2.0,No,No,No,No,Yes,Yes,No,Yes
5656-JAMLX,,Yes,14.17,No,No,,,,,,,,,,
5656-MJEFC,Offer B,No,,,Yes,Cable,8.0,Yes,No,Yes,Yes,Yes,No,No,Yes
5663-QBGIS,,Yes,44.61,Yes,Yes,Fiber Optic,30.0,No,Yes,No,No,Yes,Yes,Yes,Yes
5666-CYCYZ,,Yes,18.07,Yes,Yes,Fiber Optic,52.0,No,No,No,Yes,No,Yes,Yes,Yes
5666-MBJPT,Offer B,Yes,20.43,Yes,No,,,,,,,,,,
5668-MEISB,,Yes,6.41,Yes,Yes,Fiber Optic,14.0,Yes,Yes,Yes,Yes,Yes,No,No,Yes
5669-SRAIP,Offer E,No,,,Yes,DSL,2.0,No,No,Yes,No,No,Yes,Yes,Yes
5671-RQRLP,Offer A,Yes,16.87,Yes,Yes,Fiber Optic,3.0,No,No,No,No,No,No,No,Yes
5671-UUNXD,,Yes,36.58,Yes,Yes,Fiber Optic,23.0,No,No,No,Yes,Yes,Yes,Yes,Yes
5673-FSSMF,Offer E,Yes,33.48,Yes,Yes,Cable,59.0,No,No,No,No,No,Yes,Yes,No
5673-TIYIB,Offer E,No,,,Yes,DSL,8.0,No,Yes,Yes,Yes,No,No,No,Yes
5676-CFLYY,Offer A,Yes,16.24,No,Yes,Cable,59.0,No,Yes,No,Yes,Yes,Yes,Yes,Yes
5678-VFNEQ,Offer A,Yes,4.39,Yes,Yes,Fiber Optic,82.0,Yes,No,Yes,No,Yes,Yes,Yes,Yes
5680-LQOGP,Offer A,Yes,14.86,No,Yes,Cable,59.0,Yes,Yes,Yes,Yes,Yes,Yes,Yes,No
5681-LLOEI,,Yes,42.22,Yes,Yes,Fiber Optic,25.0,Yes,No,Yes,Yes,No,No,No,Yes
5684-FJVYR,Offer A,Yes,9.6,Yes,Yes,Fiber Optic,25.0,Yes,Yes,No,Yes,No,No,No,Yes
5685-IIXLY,,Yes,7.0,No,Yes,Fiber Optic,23.0,No,Yes,No,No,No,Yes,Yes,Yes
5686-CMAWK,,Yes,49.71,Yes,Yes,Fiber Optic,4.0,No,No,Yes,Yes,No,No,No,Yes
5687-DKDTV,,Yes,37.66,No,No,,,,,,,,,,
5688-KZTSN,,Yes,31.14,No,No,,,,,,,,,,
5692-FPTAH,,Yes,38.31,No,Yes,Cable,26.0,No,No,No,No,No,No,No,Yes
5692-ICXLW,,Yes,46.71,Yes,Yes,Fiber Optic,24.0,No,Yes,No,No,Yes,No,No,No
5693-PIPCS,Offer B,Yes,21.64,No,Yes,Fiber Optic,59.0,No,Yes,No,Yes,Yes,Yes,Yes,Yes
5696-CEIQJ,Offer A,Yes,13.26,No,Yes,Fiber Optic,76.0,No,Yes,Yes,Yes,Yes,Yes,Yes,Yes
5696-EXCYS,Offer D,Yes,39.34,No,No,,,,,,,,,,
5696-JVVQY,Offer B,Yes,4.45,No,Yes,DSL,57.0,Yes,Yes,Yes,No,No,Yes,Yes,No
5696-QURRL,,Yes,13.84,No,Yes,DSL,26.0,No,No,No,No,No,No,No,No
5697-GOMBF,,No,,,Yes,DSL,58.0,No,No,No,No,Yes,No,No,No
5698-BQJOH,,Yes,27.21,Yes,Yes,Fiber Optic,29.0,No,No,No,No,Yes,Yes,Yes,Yes
5699-BNCAS,Offer A,Yes,4.75,Yes,No,,,,,,,,,,
5701-GUXDC,,No,,,Yes,DSL,51.0,Yes,No,Yes,No,No,No,No,Yes
5701-SVCWR,Offer E,Yes,32.95,Yes,No,,,,,,,,,,
5701-YVSVF,Offer D,Yes,29.15,No,Yes,Fiber Optic,2.0,No,No,No,Yes,Yes,No,No,Yes
5701-ZIKJE,Offer D,Yes,33.95,No,Yes,DSL,59.0,No,No,No,Yes,No,No,Yes,Yes
5702-KVQRD,Offer A,Yes,28.21,No,Yes,DSL,19.0,Yes,No,Yes,Yes,Yes,Yes,Yes,Yes
5702-SKUOB,,Yes,29.14,No,No,,,,,,,,,,
5707-ORNDZ,Offer E,Yes,2.45,Yes,Yes,DSL,7.0,Yes,No,No,No,No,No,No,Yes
5707-ZMDJP,,Yes,31.69,No,Yes,DSL,16.0,Yes,Yes,No,Yes,Yes,No,No,Yes
5708-EVONK,,Yes,3.65,Yes,Yes,Fiber Optic,20.0,Yes,Yes,No,No,No,Yes,Yes,Yes
5709-LVOEQ,,Yes,31.09,No,Yes,DSL,5.0,Yes,Yes,Yes,No,Yes,Yes,Yes,Yes
5712-AHQNN,,Yes,26.55,No,Yes,Fiber Optic,12.0,No,Yes,Yes,No,Yes,No,No,Yes
5712-PTIWW,Offer E,Yes,16.14,No,Yes,Fiber Optic,2.0,No,No,Yes,Yes,No,No,No,Yes
5712-VBOXD,Offer E,Yes,1.3,No,No,,,,,,,,,,
5716-EZXZN,,Yes,13.2,Yes,Yes,Fiber Optic,13.0,Yes,Yes,No,Yes,Yes,No,No,Yes
5716-LIBJC,Offer D,Yes,11.99,Yes,Yes,Fiber Optic,27.0,No,Yes,Yes,No,Yes,Yes,Yes,Yes
5724-BIDBU,,Yes,42.19,Yes,Yes,Cable,52.0,Yes,No,No,No,No,No,No,Yes
5726-CVNYA,Offer E,Yes,17.09,No,No,,,,,,,,,,
5727-MYATE,Offer A,Yes,20.63,Yes,Yes,DSL,26.0,Yes,Yes,Yes,Yes,Yes,Yes,Yes,Yes
5729-KLZAR,Offer E,Yes,44.28,No,Yes,Fiber Optic,59.0,No,No,No,No,No,Yes,Yes,No
5730-DBDSI,Offer A,Yes,45.54,No,No,,,,,,,,,,
5730-RIITO,,No,,,Yes,DSL,18.0,Yes,Yes,No,No,No,No,No,No
5732-IKGQH,,Yes,39.0,No,Yes,Fiber Optic,11.0,Yes,No,Yes,Yes,Yes,Yes,No,Yes
5734-EJKXG,Offer B,Yes,38.78,Yes,Yes,Fiber Optic,42.0,Yes,Yes,Yes,Yes,Yes,Yes,Yes,Yes
5736-YEJAX,Offer A,Yes,26.45,Yes,Yes,DSL,46.0,Yes,Yes,Yes,Yes,Yes,No,No,No
5740-YHGTW,,Yes,32.38,Yes,Yes,Fiber Optic,53.0,Yes,Yes,No,No,Yes,No,No,Yes
5743-KHMNA,,Yes,39.08,Yes,No,,,,,,,,,,
5747-PMBSQ,,Yes,11.12,No,Yes,Fiber Optic,30.0,No,Yes,Yes,Yes,Yes,No,No,No
5748-RNCJT,Offer A,Yes,26.88,Yes,Yes,Fiber Optic,11.0,No,No,Yes,Yes,Yes,Yes,Yes,Yes
5751-USDBL,,Yes,45.95,No,Yes,Cable,10.0,Yes,No,Yes,Yes,Yes,Yes,Yes,Yes
5753-QQWPW,Offer C,Yes,11.32,No,Yes,DSL,11.0,Yes,Yes,No,Yes,No,No,No,Yes
5756-JYOJT,,Yes,5.0,No,Yes,Cable,23.0,No,No,Yes,Yes,No,Yes,Yes,Yes
5756-OZRIO,,Yes,34.24,Yes,Yes,DSL,20.0,No,Yes,No,No,No,Yes,Yes,Yes
5759-RCVCB,Offer E,No,,,Yes,DSL,30.0,No,No,No,No,Yes,No,No,Yes
5760-FXFVO,Offer E,Yes,29.52,No,Yes,Fiber Optic,28.0,Yes,Yes,No,No,No,No,No,Yes
5760-IFJOZ,,Yes,47.5,Yes,Yes,Fiber Optic,22.0,No,Yes,Yes,No,Yes,Yes,Yes,Yes
5760-WRAHC,Offer D,Yes,49.98,No,Yes,DSL,28.0,Yes,No,Yes,Yes,No,Yes,Yes,Yes
5762-TJXGK,Offer B,No,,,Yes,DSL,19.0,Yes,Yes,Yes,No,Yes,Yes,Yes,Yes
5766-FTRTS,Offer A,Yes,35.06,No,Yes,DSL,26.0,Yes,Yes,Yes,Yes,Yes,Yes,Yes,Yes
5766-XQXMQ,,Yes,1.02,No,Yes,DSL,19.0,Yes,Yes,Yes,No,No,Yes,Yes,Yes
5766-ZJYBB,,Yes,3.14,No,No,,,,,,,,,,
5774-QPLTF,,Yes,26.98,No,No,,,,,,,,,,
5774-XZTQC,Offer E,Yes,5.84,No,No,,,,,,,,,,
5777-KJIRB,,Yes,23.28,No,Yes,Cable,6.0,No,No,Yes,No,No,No,No,Yes
5777-ZPQNC,Offer D,Yes,26.67,No,No,,,,,,,,,,
5778-BVOFB,Offer E,Yes,39.19,No,Yes,Cable,20.0,No,No,No,Yes,Yes,No,No,Yes
5780-INQIK,,Yes,20.9,No,Yes,DSL,6.0,No,No,No,Yes,No,No,No,Yes
5781-BKHOP,Offer A,Yes,41.68,Yes,Yes,Fiber Optic,28.0,Yes,Yes,Yes,No,Yes,No,No,Yes
5781-RFZRP,,Yes,34.39,Yes,Yes,DSL,5.0,Yes,Yes,No,Yes,Yes,No,No,Yes
5787-KXGIY,,Yes,2.61,No,No,,,,,,,,,,
5788-YPOEG,Offer C,Yes,9.09,No,Yes,DSL,16.0,Yes,Yes,Yes,Yes,Yes,Yes,Yes,Yes
5789-LDFXO,Offer C,Yes,47.33,Yes,No,,,,,,,,,,
5791-KAJFD,,Yes,42.86,Yes,Yes,DSL,8.0,Yes,No,Yes,No,No,Yes,Yes,Yes
5792-JALQC,Offer B,Yes,34.0,Yes,Yes,DSL,3.0,Yes,No,Yes,No,No,No,No,Yes
5793-YOLJN,Offer B,Yes,38.51,No,No,,,,,,,,,,
5795-BKOYE,Offer A,Yes,14.48,No,Yes,DSL,19.0,No,Yes,Yes,Yes,No,No,No,Yes
5795-KTGUD,Offer A,Yes,46.7,Yes,Yes,Fiber Optic,14.0,Yes,Yes,Yes,No,Yes,Yes,Yes,Yes
5797-APWZC,Offer E,Yes,31.68,No,Yes,Fiber Optic,22.0,No,No,No,No,Yes,Yes,Yes,Yes
5799-JRCZO,,Yes,24.32,No,No,,,,,,,,,,
5802-ADBRC,Offer B,Yes,20.79,Yes,Yes,Fiber Optic,7.0,Yes,No,Yes,No,Yes,Yes,Yes,Yes
5803-NQJZO,,Yes,15.52,Yes,Yes,Cable,6.0,Yes,Yes,Yes,Yes,No,No,No,Yes
5804-HYIEZ,Offer A,Yes,40.28,Yes,Yes,Fiber Optic,13.0,Yes,Yes,No,No,Yes,Yes,Yes,Yes
5804-JMYIO,Offer C,Yes,15.91,No,No,,,,,,,,,,
5804-LEPIM,Offer E,Yes,13.17,No,Yes,Fiber Optic,10.0,No,No,No,No,No,No,No,Yes
5808-TOTXO,,Yes,11.27,No,No,,,,,,,,,,
5811-IWXYM,Offer B,Yes,44.79,Yes,Yes,Fiber Optic,52.0,No,No,Yes,No,Yes,Yes,Yes,Yes
5813-UECBU,,Yes,38.53,Yes,Yes,Fiber Optic,2.0,No,Yes,Yes,No,No,No,No,Yes
5815-HGGHV,Offer D,Yes,33.78,No,Yes,DSL,18.0,Yes,No,No,Yes,No,Yes,Yes,No
5816-JMLGY,,Yes,39.78,No,Yes,DSL,52.0,No,Yes,Yes,Yes,Yes,Yes,Yes,Yes
5816-QVHRX,,Yes,45.06,Yes,Yes,Fiber Optic,82.0,No,No,No,Yes,Yes,Yes,Yes,Yes
5816-SCGFC,,Yes,11.01,No,Yes,Cable,18.0,No,Yes,No,No,No,No,No,Yes
5820-PTRYM,,Yes,26.82,Yes,Yes,Cable,18.0,Yes,Yes,Yes,Yes,No,No,No,Yes
5821-MMEIL,,Yes,44.86,No,No,,,,,,,,,,
5825-XJOCM,,Yes,26.24,Yes,Yes,Cable,53.0,Yes,Yes,Yes,No,No,No,No,Yes
5827-MWCZK,Offer B,Yes,23.52,Yes,Yes,Fiber Optic,53.0,No,Yes,No,Yes,Yes,No,No,Yes
5828-AVIPD,,Yes,5.93,Yes,Yes,Fiber Optic,51.0,No,No,No,Yes,Yes,Yes,Yes,Yes
5828-DWPIL,,Yes,4.76,Yes,Yes,Fiber Optic,3.0,Yes,Yes,Yes,No,No,No,No,Yes
5829-NVSQN,,Yes,31.39,No,Yes,DSL,29.0,Yes,No,Yes,Yes,No,Yes,Yes,Yes
5832-EXGTT,,Yes,1.41,No,Yes,DSL,73.0,Yes,No,No,No,No,Yes,Yes,Yes
5832-TRLPB,,Yes,3.69,No,Yes,Cable,27.0,No,No,Yes,Yes,Yes,Yes,Yes,Yes
5832-XKAES,Offer E,Yes,37.72,No,Yes,Fiber Optic,27.0,No,No,No,No,No,No,No,Yes
5834-ASPWA,,Yes,11.58,Yes,Yes,Fiber Optic,15.0,No,No,No,No,No,No,No,Yes
5835-BEQEU,,Yes,38.38,Yes,Yes,Fiber Optic,23.0,No,No,No,No,No,No,No,No
5837-LXSDN,,Yes,35.72,No,Yes,Cable,30.0,No,Yes,No,No,Yes,No,No,Yes
5839-SUYVZ,,Yes,38.32,No,Yes,Fiber Optic,82.0,No,No,No,Yes,No,No,No,Yes
5840-NVDCG,,Yes,20.12,No,Yes,Cable,30.0,Yes,Yes,No,Yes,No,Yes,Yes,Yes
5842-POCOP,,Yes,41.57,No,Yes,Cable,27.0,Yes,No,Yes,No,No,Yes,Yes,Yes
5843-TTHGI,,Yes,17.33,No,Yes,DSL,69.0,No,No,Yes,No,No,No,No,No
5844-QVTAT,Offer C,Yes,8.79,No,Yes,Cable,27.0,Yes,Yes,Yes,No,No,No,No,Yes
5845-BZZIB,,Yes,11.75,No,No,,,,,,,,,,
5846-ABOBJ,,Yes,33.61,Yes,No,,,,,,,,,,
5846-NEQVZ,,Yes,2.43,No,Yes,Cable,58.0,Yes,No,Yes,Yes,No,Yes,Yes,Yes
5846-QFDFI,Offer C,Yes,11.01,Yes,Yes,Fiber Optic,73.0,No,Yes,Yes,Yes,No,No,Yes,Yes
5847-MXBEO,Offer D,Yes,10.36,No,No,,,,,,,,,,
5848-FHRFC,Offer A,Yes,2.83,No,No,,,,,,,,,,
5849-ASHZJ,,Yes,17.3,No,No,,,,,,,,,,
5850-BDWCY,Offer E,Yes,43.18,No,No,,,,,,,,,,
5854-KSRBJ,Offer A,Yes,9.33,Yes,No,,,,,,,,,,
5855-EIBDE,,Yes,40.67,Yes,Yes,Fiber Optic,12.0,Yes,Yes,Yes,Yes,No,Yes,Yes,Yes
5857-TYBCJ,Offer B,Yes,14.65,Yes,Yes,Fiber Optic,30.0,No,No,Yes,No,Yes,No,No,Yes
5857-XRECV,,Yes,31.01,No,No,,,,,,,,,,
5858-EAFCZ,,Yes,23.34,No,Yes,DSL,16.0,No,No,No,No,No,No,No,Yes
5859-HZYLF,,Yes,43.84,No,No,,,,,,,,,,
5862-BRIXZ,Offer B,No,,,Yes,DSL,13.0,Yes,No,Yes,Yes,Yes,Yes,Yes,Yes
5863-OOKCL,Offer D,Yes,41.04,No,No,,,,,,,,,,
5868-CZJDR,Offer E,No,,,Yes,DSL,6.0,No,Yes,No,No,No,No,No,No
5868-YTYKS,Offer E,Yes,47.25,No,No,,,,,,,,,,
5868-YWPDW,,Yes,40.44,No,Yes,Fiber Optic,25.0,No,Yes,No,No,No,Yes,No,Yes
5871-DGTXZ,Offer C,Yes,41.52,No,No,,,,,,,,,,
5872-OEQNH,Offer B,No,,,Yes,DSL,73.0,Yes,No,Yes,No,No,Yes,Yes,Yes
5875-YPQFJ,Offer E,Yes,45.66,No,Yes,Fiber Optic,28.0,No,No,No,No,No,No,No,Yes
5876-HZVZM,Offer E,Yes,14.51,No,Yes,Cable,20.0,Yes,Yes,No,No,No,No,No,No
5876-QMYLD,,Yes,17.82,No,No,,,,,,,,,,
5879-HMFFH,,Yes,38.28,Yes,Yes,DSL,24.0,Yes,Yes,Yes,Yes,Yes,Yes,Yes,Yes
5879-SESNB,Offer D,Yes,33.79,Yes,Yes,Fiber Optic,23.0,No,No,No,No,No,No,No,Yes
5882-CMAZQ,,No,,,Yes,DSL,19.0,No,Yes,No,Yes,No,No,No,Yes
5883-GTGVD,Offer D,Yes,2.19,Yes,Yes,Fiber Optic,18.0,No,Yes,No,No,Yes,Yes,Yes,Yes
5884-FBCTL,,Yes,35.62,Yes,No,,,,,,,,,,
5884-GCYMI,Offer E,Yes,38.53,No,Yes,Fiber Optic,20.0,No,No,No,No,No,No,No,Yes
5886-VLQVU,,Yes,24.83,Yes,Yes,Fiber Optic,51.0,No,No,No,Yes,No,Yes,Yes,No
5887-IKKYO,Offer B,Yes,5.01,Yes,Yes,Fiber Optic,23.0,No,No,Yes,Yes,No,Yes,Yes,Yes
5889-JTMUL,Offer B,Yes,31.56,Yes,Yes,Fiber Optic,4.0,No,Yes,Yes,No,Yes,No,No,No
5889-LFOLL,Offer D,Yes,35.96,Yes,Yes,Fiber Optic,42.0,No,No,No,No,No,Yes,Yes,Yes
5893-KCLGT,,Yes,15.21,No,No,,,,,,,,,,
5893-PYOLZ,Offer B,Yes,49.36,No,Yes,DSL,21.0,No,Yes,Yes,Yes,Yes,Yes,Yes,Yes
5895-QSXOD,,Yes,48.25,No,Yes,Fiber Optic,24.0,No,No,No,No,No,No,No,Yes
5896-NPFWW,,Yes,13.54,No,Yes,Cable,51.0,No,No,Yes,No,No,No,No,Yes
5897-ZYEKH,,Yes,11.91,Yes,Yes,Fiber Optic,10.0,Yes,Yes,No,No,Yes,Yes,Yes,Yes
5898-IGSLP,Offer C,Yes,20.76,Yes,Yes,Fiber Optic,57.0,Yes,No,Yes,Yes,No,No,No,Yes
5899-MQZZL,Offer D,Yes,6.03,Yes,Yes,Fiber Optic,48.0,No,No,No,No,No,No,Yes,Yes
5899-OUVKV,,Yes,45.92,No,Yes,Fiber Optic,18.0,No,Yes,No,No,Yes,Yes,Yes,Yes
5902-WBLSE,,Yes,26.85,No,No,,,,,,,,,,
5906-BFOZT,,Yes,8.02,No,No,,,,,,,,,,
5906-CVLHP,,Yes,42.04,No,Yes,Cable,26.0,No,Yes,No,Yes,No,No,No,Yes
5906-DVAPM,,Yes,33.5,Yes,Yes,DSL,51.0,Yes,Yes,No,Yes,Yes,No,No,Yes
5908-QMGOE,,Yes,23.53,Yes,Yes,Fiber Optic,9.0,No,No,No,No,No,No,No,Yes
5909-ECHUI,,Yes,26.14,No,Yes,DSL,22.0,No,No,No,No,No,Yes,Yes,Yes
5913-INRQV,,Yes,26.49,No,Yes,Fiber Optic,18.0,Yes,No,No,Yes,Yes,No,No,Yes
5914-DVBWJ,,Yes,2.36,Yes,Yes,Fiber Optic,21.0,No,Yes,No,Yes,No,No,No,Yes
5914-GXMDA,,Yes,45.26,No,No,,,,,,,,,,
5914-XRFQB,,Yes,43.12,Yes,Yes,Fiber Optic,6.0,Yes,Yes,Yes,Yes,Yes,Yes,Yes,Yes
5915-ANOEI,,Yes,39.35,Yes,Yes,DSL,2.0,Yes,Yes,Yes,Yes,Yes,No,No,Yes
5915-DGNVC,Offer B,Yes,25.1,Yes,Yes,DSL,30.0,Yes,Yes,Yes,No,No,Yes,Yes,Yes
5916-QEWPT,Offer E,Yes,27.41,No,Yes,Cable,23.0,No,No,Yes,No,Yes,Yes,Yes,Yes
5917-HBSDW,,Yes,2.68,No,No,,,,,,,,,,
5917-RYRMG,,Yes,25.89,No,No,,,,,,,,,,
5918-VUKWP,Offer C,Yes,35.97,No,No,,,,,,,,,,
5919-TMRGD,,Yes,13.13,No,Yes,Fiber Optic,57.0,No,No,No,No,Yes,No,No,Yes
5919-VCZYM,,Yes,40.28,No,No,,,,,,,,,,
5921-NGYRH,Offer B,Yes,48.41,No,Yes,Fiber Optic,22.0,Yes,No,No,No,No,No,No,Yes
5922-ABDVO,Offer D,Yes,21.71,Yes,Yes,Fiber Optic,47.0,No,No,Yes,No,No,Yes,Yes,No
5923-GXUOC,,Yes,8.38,No,Yes,Fiber Optic,2.0,Yes,Yes,Yes,No,Yes,Yes,Yes,Yes
5924-IFQTT,,Yes,13.77,Yes,Yes,DSL,23.0,No,Yes,Yes,Yes,Yes,No,No,Yes
5924-SNGKP,,Yes,6.61,No,No,,,,,,,,,,
5928-QLDHB,,Yes,34.75,Yes,Yes,Fiber Optic,3.0,No,No,No,No,No,No,No,Yes
5930-GBIWP,,Yes,3.24,Yes,Yes,Cable,26.0,Yes,Yes,Yes,Yes,No,Yes,Yes,Yes
5931-FLJJF,,Yes,16.05,No,Yes,Fiber Optic,22.0,No,No,No,No,No,No,No,Yes
5934-RMPOV,Offer D,Yes,33.73,Yes,Yes,Fiber Optic,19.0,No,No,No,No,No,Yes,Yes,Yes
5934-TSSAU,Offer D,Yes,48.73,No,Yes,Fiber Optic,75.0,No,No,Yes,No,No,No,No,Yes
5935-FCCNB,,Yes,32.19,Yes,Yes,Fiber Optic,11.0,No,No,No,No,Yes,Yes,Yes,Yes
5937-EORGB,,Yes,22.83,Yes,Yes,Fiber Optic,26.0,Yes,No,Yes,No,Yes,No,No,Yes
5939-SXWHM,Offer B,Yes,20.73,Yes,No,,,,,,,,,,
5939-XAIXZ,Offer D,Yes,36.88,Yes,Yes,DSL,27.0,No,No,Yes,No,No,No,No,Yes
5940-AHUHD,Offer E,Yes,44.59,No,Yes,Fiber Optic,41.0,No,No,No,No,No,No,No,Yes
5940-NFXKV,,Yes,14.09,Yes,Yes,Fiber Optic,25.0,No,No,No,No,No,Yes,Yes,No
5944-UGLLK,Offer B,No,,,Yes,Cable,17.0,No,No,Yes,Yes,Yes,Yes,Yes,Yes
5945-AZYHT,Offer A,Yes,49.32,Yes,Yes,Fiber Optic,9.0,Yes,Yes,Yes,No,Yes,Yes,Yes,Yes
5947-SGKCL,Offer D,Yes,4.19,Yes,Yes,Fiber Optic,59.0,No,Yes,Yes,No,Yes,Yes,Yes,Yes
5948-UJZLF,,Yes,40.75,No,Yes,DSL,71.0,No,Yes,No,No,No,No,No,Yes
5949-EBSQK,,Yes,27.24,No,Yes,DSL,21.0,No,No,No,Yes,No,Yes,Yes,Yes
5949-HGVJL,,Yes,23.31,No,Yes,DSL,20.0,No,Yes,No,Yes,Yes,Yes,Yes,No
5949-XIKAE,,Yes,32.32,No,Yes,Cable,25.0,No,Yes,No,No,Yes,No,No,Yes
5950-AAAGJ,Offer D,Yes,2.26,Yes,Yes,Fiber Optic,73.0,No,No,No,No,Yes,No,No,Yes
5951-AOFIH,,Yes,45.72,No,Yes,Cable,51.0,No,Yes,Yes,No,Yes,No,Yes,No
5954-BDFSG,,Yes,9.47,Yes,Yes,Fiber Optic,21.0,No,No,Yes,Yes,Yes,Yes,Yes,No
5955-EPOAZ,,Yes,43.19,No,No,,,,,,,,,,
5955-ERIHD,Offer D,Yes,31.49,Yes,Yes,Fiber Optic,20.0,No,No,No,No,Yes,Yes,Yes,Yes
5956-VKDTT,Offer E,Yes,45.76,Yes,Yes,Fiber Optic,22.0,No,No,No,No,No,No,No,Yes
5956-YHHRX,Offer D,Yes,24.91,Yes,Yes,Fiber Optic,17.0,No,Yes,Yes,No,Yes,Yes,Yes,No
5959-BELXA,Offer C,Yes,25.45,Yes,Yes,Fiber Optic,18.0,No,No,No,No,Yes,Yes,No,Yes
5960-MVTUK,Offer E,No,,,Yes,DSL,18.0,No,No,No,Yes,No,No,No,Yes
5960-WPXQM,,Yes,31.34,No,Yes,Fiber Optic,52.0,No,No,No,No,Yes,No,Yes,Yes
5961-VUSRV,Offer D,Yes,16.72,No,No,,,,,,,,,,
5965-GGPRW,Offer A,Yes,36.05,Yes,Yes,Fiber Optic,14.0,Yes,No,Yes,No,Yes,Yes,Yes,Yes
5966-EMAZU,Offer B,Yes,4.01,Yes,Yes,Fiber Optic,71.0,Yes,No,Yes,Yes,Yes,Yes,Yes,Yes
5968-HYJRZ,Offer B,Yes,15.68,Yes,No,,,,,,,,,,
5968-VXZLG,,Yes,1.87,No,Yes,DSL,12.0,No,No,No,No,No,No,No,Yes
5968-XQIVE,Offer A,Yes,11.57,Yes,Yes,Fiber Optic,18.0,No,Yes,No,No,Yes,No,No,Yes
5970-GHJAW,Offer B,Yes,26.12,No,No,,,,,,,,,,
5973-EJGDP,Offer B,Yes,1.51,Yes,Yes,Fiber Optic,52.0,No,Yes,Yes,Yes,No,No,No,No
5975-BAICR,,Yes,47.45,No,Yes,DSL,14.0,Yes,No,Yes,No,No,Yes,Yes,Yes
5976-JCJRH,Offer D,Yes,31.72,No,Yes,Fiber Optic,23.0,No,No,No,No,No,No,No,Yes
5977-CKHON,Offer B,Yes,27.49,Yes,Yes,Fiber Optic,53.0,No,No,Yes,No,No,Yes,Yes,Yes
5980-BDHPY,,Yes,12.02,Yes,Yes,Cable,26.0,Yes,Yes,Yes,Yes,Yes,Yes,Yes,Yes
5980-NOPLP,,Yes,11.24,Yes,Yes,Fiber Optic,59.0,No,No,No,No,Yes,Yes,Yes,Yes
5981-ITEMU,Offer B,Yes,16.33,Yes,Yes,Fiber Optic,23.0,No,No,No,No,Yes,Yes,Yes,Yes
5981-ZVXOT,Offer C,Yes,10.73,Yes,Yes,Fiber Optic,3.0,Yes,Yes,Yes,No,Yes,Yes,Yes,Yes
5982-FPVQN,,Yes,41.03,Yes,Yes,Fiber Optic,15.0,No,Yes,Yes,No,No,Yes,Yes,Yes
5982-PSMKW,Offer D,Yes,27.97,Yes,Yes,Cable,51.0,Yes,Yes,Yes,Yes,Yes,Yes,Yes,Yes
5982-XMDEX,Offer B,Yes,33.71,Yes,No,,,,,,,,,,
5985-BEHZK,Offer A,Yes,27.79,Yes,Yes,Fiber Optic,10.0,No,Yes,Yes,No,Yes,Yes,No,Yes
5985-TBABQ,Offer C,Yes,33.45,Yes,Yes,DSL,5.0,Yes,No,No,No,Yes,Yes,Yes,Yes
5986-WWXDV,,Yes,48.61,No,No,,,,,,,,,,
5989-AXPUC,Offer A,Yes,1.29,Yes,Yes,Fiber Optic,27.0,Yes,Yes,Yes,Yes,Yes,Yes,Yes,Yes
5989-OMNJE,,No,,,Yes,DSL,27.0,Yes,Yes,Yes,No,Yes,Yes,Yes,Yes
5989-PGKJB,Offer D,Yes,22.3,No,Yes,Fiber Optic,28.0,No,Yes,No,No,No,Yes,Yes,Yes
5993-BQHEA,,Yes,16.59,No,No,,,,,,,,,,
5993-JSUWV,,Yes,21.37,No,Yes,DSL,30.0,Yes,Yes,Yes,No,No,No,No,Yes
5995-LFTLE,,Yes,48.78,Yes,No,,,,,,,,,,
5995-OIGLP,,Yes,7.97,No,Yes,Cable,10.0,Yes,No,No,Yes,No,No,No,Yes
5995-SNNEW,,Yes,45.21,Yes,Yes,Fiber Optic,14.0,No,Yes,Yes,No,Yes,Yes,Yes,No
5995-WWKKG,Offer C,Yes,30.17,No,No,,,,,,,,,,
5996-DAOQL,Offer E,Yes,42.17,No,No,,,,,,,,,,
5996-EBTKM,Offer A,Yes,14.83,Yes,Yes,DSL,24.0,No,No,Yes,Yes,No,Yes,Yes,Yes
5996-NRVXR,,Yes,15.15,No,Yes,Fiber Optic,18.0,Yes,Yes,Yes,Yes,Yes,No,No,Yes
5997-OPVFA,Offer A,Yes,6.05,Yes,Yes,Cable,30.0,Yes,Yes,Yes,Yes,Yes,Yes,Yes,Yes
5998-DZLYR,Offer B,Yes,25.14,Yes,Yes,Fiber Optic,13.0,No,Yes,No,Yes,No,Yes,Yes,Yes
5998-VVEJY,,Yes,24.16,Yes,Yes,Fiber Optic,22.0,No,No,No,Yes,No,No,No,Yes
5999-LCXAO,,No,,,Yes,DSL,24.0,Yes,No,No,No,No,No,No,Yes
6000-APYLU,,Yes,20.34,No,Yes,Fiber Optic,7.0,No,No,No,No,No,Yes,Yes,Yes
6000-UKLWI,,Yes,36.76,No,No,,,,,,,,,,
6005-OBZPH,Offer C,Yes,9.09,Yes,Yes,Fiber Optic,12.0,No,Yes,No,No,Yes,No,No,Yes
6007-TCTST,,Yes,12.29,Yes,Yes,Fiber Optic,24.0,Yes,Yes,Yes,Yes,Yes,Yes,Yes,Yes
6008-NAIXK,,No,,,Yes,DSL,26.0,No,Yes,Yes,No,Yes,Yes,Yes,Yes
6010-DDPPW,Offer A,Yes,9.03,Yes,No,,,,,,,,,,
6013-BHCAW,,Yes,32.96,Yes,Yes,DSL,41.0,No,No,Yes,Yes,Yes,Yes,Yes,Yes
6015-VVHHE,,Yes,41.83,Yes,Yes,Fiber Optic,25.0,No,No,No,No,Yes,No,No,Yes
6016-LVTJQ,,Yes,9.66,No,No,,,,,,,,,,
6016-NXBNJ,,Yes,7.74,No,No,,,,,,,,,,
6017-PPLPX,,Yes,16.49,No,Yes,Fiber Optic,8.0,No,No,No,No,No,No,No,Yes
6022-KOUQO,Offer E,No,,,Yes,Cable,27.0,No,No,No,Yes,No,No,No,Yes
6022-UGGSO,Offer C,Yes,33.22,No,Yes,Fiber Optic,9.0,No,Yes,No,No,No,No,No,Yes
6023-GSSXW,,Yes,2.73,No,Yes,DSL,69.0,No,Yes,No,No,No,Yes,Yes,Yes
6023-YEBUP,Offer E,Yes,11.94,Yes,Yes,Cable,30.0,No,No,Yes,No,Yes,Yes,Yes,No
6024-RUGGH,,Yes,28.06,Yes,No,,,,,,,,,,
6029-CSMJE,,No,,,Yes,Cable,11.0,No,No,No,No,No,No,No,Yes
6029-WTIPC,Offer C,Yes,38.06,Yes,Yes,Fiber Optic,19.0,No,No,Yes,No,Yes,Yes,No,Yes
6030-REHUX,Offer C,Yes,45.67,Yes,Yes,Fiber Optic,8.0,No,Yes,Yes,Yes,Yes,Yes,No,Yes
6032-IGALN,,No,,,Yes,Cable,28.0,No,No,No,No,No,No,No,Yes
6032-KRXXO,,Yes,30.06,No,Yes,Fiber Optic,19.0,No,No,No,No,Yes,Yes,Yes,Yes
6034-YMTOB,,Yes,29.75,No,Yes,Fiber Optic,6.0,No,No,No,Yes,No,No,No,Yes
6034-ZRYCV,Offer A,No,,,Yes,Cable,15.0,No,Yes,Yes,No,Yes,Yes,Yes,Yes
6035-BXTTY,,Yes,19.92,No,Yes,DSL,14.0,No,Yes,No,Yes,No,No,No,No
6035-RIIOM,,Yes,31.55,Yes,Yes,Fiber Optic,8.0,No,Yes,No,No,Yes,Yes,Yes,Yes
6036-TTFYU,,Yes,46.86,No,No,,,,,,,,,,
6038-GCYEC,Offer C,No,,,Yes,DSL,52.0,No,Yes,Yes,No,Yes,Yes,Yes,Yes
6040-CGACY,,Yes,39.87,No,No,,,,,,,,,,
6047-SUHPR,,Yes,13.8,No,Yes,DSL,13.0,Yes,Yes,Yes,No,No,No,No,No
6047-YHPVI,,Yes,12.6,No,Yes,Fiber Optic,58.0,No,No,No,No,No,No,No,Yes
6048-NJXHX,Offer B,Yes,35.46,No,No,,,,,,,,,,
6048-QBXKL,Offer E,Yes,31.74,Yes,Yes,DSL,25.0,No,Yes,No,No,No,No,No,Yes
6048-UWKAL,,Yes,19.39,Yes,Yes,Fiber Optic,13.0,No,Yes,No,Yes,Yes,Yes,Yes,Yes
6050-FFXES,,Yes,14.69,Yes,Yes,Fiber Optic,6.0,No,No,Yes,Yes,Yes,Yes,Yes,No
6050-IJRHS,Offer A,Yes,5.93,Yes,Yes,Fiber Optic,19.0,No,Yes,Yes,No,Yes,Yes,Yes,Yes
6051-PTVNS,Offer B,Yes,27.7,No,No,,,,,,,,,,
6060-DRTNL,,Yes,27.35,No,Yes,Fiber Optic,27.0,No,No,Yes,No,Yes,No,No,No
6060-QBMGV,Offer A,Yes,3.51,No,No,,,,,,,,,,
6061-GWWAV,,Yes,13.76,No,Yes,Cable,11.0,Yes,Yes,Yes,No,Yes,No,No,Yes
6061-PQHMK,,Yes,1.36,No,No,,,,,,,,,,
6064-PUPMC,,Yes,37.86,No,Yes,DSL,30.0,Yes,No,No,Yes,No,No,No,Yes
6064-ZATLR,,Yes,10.55,No,Yes,DSL,29.0,Yes,Yes,No,No,No,No,No,Yes
6067-NGCEU,,Yes,41.78,Yes,Yes,Fiber Optic,14.0,Yes,Yes,Yes,No,Yes,Yes,Yes,Yes
6072-NUQCB,Offer D,Yes,37.7,No,No,,,,,,,,,,
6075-QMNRR,Offer B,Yes,38.93,No,Yes,DSL,8.0,Yes,No,No,No,No,No,No,Yes
6075-SLNIL,Offer C,Yes,6.71,Yes,Yes,Fiber Optic,11.0,No,Yes,Yes,No,No,Yes,Yes,Yes
6077-BDPXA,,Yes,5.63,No,Yes,Fiber Optic,15.0,No,No,No,No,No,No,No,Yes
6078-VESFR,,Yes,36.57,No,Yes,Fiber Optic,26.0,No,No,No,No,No,No,No,Yes
6080-LNESI,Offer B,Yes,18.07,Yes,No,,,,,,,,,,
6080-TCMYC,,Yes,3.52,Yes,Yes,Fiber Optic,56.0,No,No,Yes,No,No,No,No,Yes
6082-GLJIX,Offer D,Yes,31.33,No,No,,,,,,,,,,
6082-OQFBA,Offer D,Yes,24.88,No,No,,,,,,,,,,
6086-ESGRL,Offer E,Yes,4.67,No,Yes,Fiber Optic,11.0,No,No,No,No,No,Yes,Yes,Yes
6087-MVHJH,Offer D,Yes,17.8,Yes,Yes,Fiber Optic,5.0,No,No,Yes,No,No,Yes,Yes,No
6087-YPWHO,Offer A,Yes,17.31,Yes,Yes,DSL,17.0,Yes,Yes,Yes,Yes,No,No,No,Yes
6088-BXMRG,,Yes,24.04,Yes,Yes,Fiber Optic,22.0,No,Yes,No,No,Yes,Yes,Yes,Yes
6092-QZVPP,Offer C,Yes,42.51,No,Yes,Cable,52.0,Yes,No,Yes,Yes,Yes,Yes,Yes,No
6094-ZIVKX,Offer A,Yes,17.41,No,Yes,Cable,27.0,Yes,No,Yes,No,No,No,No,Yes
6096-EGVTU,,Yes,19.23,Yes,No,,,,,,,,,,
6097-EQISJ,Offer A,Yes,48.77,Yes,Yes,Fiber Optic,12.0,No,Yes,Yes,No,Yes,Yes,Yes,No
6100-FJZDG,,Yes,45.28,No,No,,,,,,,,,,
6100-QQHEB,Offer D,Yes,17.71,Yes,Yes,Fiber Optic,13.0,No,No,No,No,Yes,Yes,Yes,Yes
6101-IMRMM,Offer E,Yes,16.58,No,Yes,Fiber Optic,17.0,No,No,Yes,No,Yes,Yes,Yes,No
6103-BOCOU,Offer C,Yes,20.64,Yes,Yes,Fiber Optic,22.0,No,No,Yes,No,No,No,No,Yes
6103-LIANB,,Yes,41.09,Yes,Yes,Fiber Optic,16.0,No,No,Yes,No,Yes,Yes,Yes,Yes
6103-QCKFX,Offer B,Yes,43.7,No,Yes,DSL,75.0,Yes,No,No,Yes,No,No,No,No
6108-OQZDQ,Offer E,Yes,9.98,Yes,Yes,Fiber Optic,51.0,No,Yes,No,No,Yes,Yes,Yes,Yes
6110-OHIHY,Offer E,Yes,49.76,No,Yes,Fiber Optic,3.0,No,No,No,No,Yes,No,No,No
6112-KTHFQ,Offer D,Yes,21.36,No,No,,,,,,,,,,
6114-TCFID,,No,,,Yes,Cable,28.0,Yes,Yes,No,Yes,No,No,No,Yes
6115-ZTBFQ,,No,,,Yes,DSL,4.0,Yes,Yes,Yes,Yes,Yes,Yes,Yes,Yes
6116-RFVHN,Offer C,Yes,35.29,Yes,Yes,Fiber Optic,47.0,No,No,Yes,No,Yes,Yes,Yes,Yes
6119-SPUDB,Offer B,No,,,Yes,DSL,2.0,Yes,No,Yes,Yes,No,No,No,Yes
6120-RJKLU,Offer B,Yes,24.62,No,Yes,DSL,29.0,Yes,No,Yes,Yes,Yes,Yes,No,Yes
6121-TNHBO,Offer B,Yes,15.62,Yes,Yes,DSL,18.0,Yes,Yes,Yes,Yes,Yes,No,No,Yes
6121-VZNQB,,Yes,34.79,No,No,,,,,,,,,,
6122-EFVKN,,No,,,Yes,Cable,20.0,Yes,No,No,Yes,No,No,No,Yes
6122-LJADA,,Yes,2.5,Yes,Yes,Cable,13.0,Yes,Yes,Yes,Yes,Yes,Yes,Yes,Yes
6124-ACRHJ,,Yes,41.28,No,No,,,,,,,,,,
6127-ISGTU,,Yes,6.82,Yes,Yes,Fiber Optic,7.0,No,No,No,No,Yes,No,No,Yes
6127-IYJOZ,,Yes,40.38,No,Yes,DSL,6.0,No,No,No,No,No,No,No,Yes
6128-AQBMT,Offer B,No,,,Yes,Cable,9.0,No,Yes,Yes,No,Yes,Yes,Yes,Yes
6128-CZOMY,,Yes,36.99,No,Yes,Cable,22.0,No,No,No,No,No,No,No,Yes
6128-DAFVY,,No,,,Yes,DSL,23.0,No,No,No,No,Yes,Yes,Yes,Yes
6131-FOYAS,,Yes,20.61,Yes,Yes,DSL,16.0,Yes,No,Yes,No,No,No,No,Yes
6131-IUNXN,,Yes,46.91,No,No,,,,,,,,,,
6131-JLWZM,Offer D,Yes,22.01,No,No,,,,,,,,,,
6133-OZILE,Offer D,No,,,Yes,DSL,11.0,No,No,Yes,Yes,No,No,No,No
6134-KWTBV,,Yes,48.93,Yes,No,,,,,,,,,,
6135-OZQVA,Offer E,Yes,40.42,Yes,Yes,Cable,17.0,Yes,No,No,No,No,No,No,Yes
6137-MFAJN,,No,,,Yes,Cable,23.0,Yes,Yes,No,No,Yes,No,No,Yes
6137-NICCO,,Yes,41.29,Yes,Yes,Fiber Optic,19.0,No,Yes,Yes,No,Yes,No,No,Yes
6139-ZZRBQ,,Yes,4.99,No,No,,,,,,,,,,
6140-QNRQQ,Offer E,Yes,17.27,No,Yes,Fiber Optic,10.0,No,No,No,No,No,No,No,Yes
6141-OOXUQ,Offer E,Yes,17.25,No,No,,,,,,,,,,
6142-VSJQO,,Yes,40.42,No,Yes,Cable,59.0,No,No,No,No,No,No,No,Yes
6143-JQKEA,,Yes,15.45,No,Yes,Cable,22.0,No,No,No,No,No,No,No,Yes
6145-NNPNO,Offer E,Yes,9.82,No,Yes,Cable,13.0,No,No,No,No,No,No,No,Yes
6147-CBCRA,,Yes,4.15,No,No,,,,,,,,,,
6152-ONASV,Offer A,Yes,41.46,Yes,Yes,DSL,30.0,Yes,No,No,Yes,No,No,No,No
6156-UZDLF,Offer C,Yes,45.09,No,Yes,Fiber Optic,41.0,Yes,No,Yes,Yes,No,No,No,No
6158-DWPZT,Offer E,No,,,Yes,DSL,15.0,No,No,No,No,No,No,No,Yes
6158-HDPXZ,,No,,,Yes,DSL,13.0,No,No,No,No,No,No,No,Yes
6161-ERDGD,Offer A,Yes,23.41,Yes,Yes,DSL,53.0,Yes,No,Yes,Yes,Yes,Yes,Yes,Yes
6161-UUUTA,,Yes,2.98,No,Yes,Fiber Optic,3.0,No,No,No,No,Yes,No,No,Yes
6164-HAQTX,,No,,,Yes,DSL,20.0,Yes,Yes,Yes,Yes,Yes,No,No,Yes
6164-HXUGH,Offer E,Yes,6.48,No,No,,,,,,,,,,
6166-ILMNY,,Yes,26.44,No,Yes,Fiber Optic,24.0,No,No,No,No,No,No,No,Yes
6166-YIPFO,Offer A,No,,,Yes,DSL,12.0,Yes,Yes,Yes,Yes,Yes,Yes,Yes,No
6168-WFVVF,,Yes,5.54,No,Yes,Fiber Optic,16.0,No,No,No,No,No,No,No,Yes
6168-YBYNP,Offer B,Yes,48.12,Yes,Yes,Fiber Optic,51.0,No,Yes,Yes,Yes,Yes,Yes,Yes,Yes
6169-PGNCD,,Yes,6.45,No,Yes,DSL,3.0,Yes,Yes,Yes,Yes,Yes,No,No,Yes
6169-PPETC,,Yes,47.33,No,No,,,,,,,,,,
6171-ZTVYB,,Yes,26.1,Yes,Yes,DSL,17.0,Yes,Yes,No,Yes,No,No,No,Yes
6172-FECYY,Offer B,Yes,39.6,Yes,Yes,Fiber Optic,20.0,No,No,No,No,Yes,No,No,Yes
6173-GOLSU,Offer A,Yes,7.2,Yes,Yes,Fiber Optic,23.0,No,No,No,No,Yes,Yes,No,Yes
6173-ITPWD,Offer B,Yes,17.54,Yes,Yes,Fiber Optic,59.0,No,Yes,Yes,No,No,No,Yes,No
6174-NRBTZ,,No,,,Yes,Cable,19.0,Yes,No,No,No,No,No,No,Yes
6175-IRFIT,,Yes,32.91,No,Yes,Fiber Optic,24.0,No,No,No,No,No,Yes,Yes,No
6176-YJWAS,Offer A,Yes,38.3,Yes,Yes,Fiber Optic,3.0,Yes,Yes,Yes,No,Yes,No,No,Yes
6177-PEVRA,,Yes,13.03,No,Yes,DSL,5.0,Yes,Yes,No,No,No,No,No,Yes
6178-KFNHS,Offer D,Yes,35.8,Yes,Yes,Fiber Optic,25.0,Yes,No,No,No,No,No,No,Yes
6179-GJPSO,,Yes,31.83,No,Yes,Fiber Optic,10.0,Yes,Yes,No,Yes,Yes,Yes,No,Yes
6180-YBIQI,Offer E,No,,,Yes,DSL,21.0,No,No,No,No,No,No,No,Yes
6181-AXXYF,Offer A,Yes,47.69,Yes,No,,,,,,,,,,
6184-DYUOB,,Yes,41.9,No,No,,,,,,,,,,
6185-TASNN,Offer E,Yes,11.51,No,Yes,DSL,21.0,No,No,No,No,No,No,No,Yes
6188-UXBBR,Offer C,Yes,10.54,No,No,,,,,,,,,,
6194-HBGQN,,Yes,34.75,Yes,Yes,Cable,59.0,Yes,Yes,Yes,Yes,Yes,No,No,Yes
6195-MELTI,,Yes,9.32,No,Yes,DSL,20.0,No,Yes,No,Yes,No,No,No,Yes
6196-HBOBZ,,Yes,30.44,Yes,Yes,Fiber Optic,20.0,Yes,Yes,Yes,No,Yes,No,No,Yes
6198-PNNSZ,Offer B,Yes,37.76,Yes,Yes,Fiber Optic,21.0,Yes,Yes,Yes,No,Yes,Yes,Yes,Yes
6198-RTPMF,Offer D,Yes,9.22,Yes,Yes,Fiber Optic,13.0,No,No,No,No,Yes,Yes,Yes,Yes
6198-ZFIOJ,,Yes,19.3,Yes,Yes,Fiber Optic,25.0,No,No,No,No,No,No,No,No
6199-IPCAO,,Yes,5.35,Yes,No,,,,,,,,,,
6199-IWKGC,,Yes,21.46,Yes,Yes,Fiber Optic,15.0,No,No,No,Yes,Yes,Yes,No,Yes
6202-DYYFX,Offer D,Yes,19.72,Yes,Yes,Fiber Optic,5.0,No,No,No,No,No,No,No,Yes
6202-JVYEU,,Yes,4.02,No,No,,,,,,,,,,
6203-HBZPA,,No,,,Yes,DSL,18.0,Yes,Yes,Yes,Yes,Yes,Yes,Yes,Yes
6204-IEUXJ,Offer E,Yes,40.67,No,Yes,Fiber Optic,58.0,No,No,Yes,Yes,No,No,No,Yes
6207-WIOLX,Offer C,No,,,Yes,DSL,48.0,Yes,Yes,Yes,No,Yes,Yes,Yes,Yes
6210-KBBPI,,Yes,10.66,Yes,Yes,Fiber Optic,15.0,No,Yes,No,No,Yes,Yes,No,Yes
6211-WHMYA,,No,,,Yes,DSL,21.0,No,Yes,No,Yes,Yes,No,No,No
6211-WWLTF,Offer B,Yes,26.81,No,Yes,Fiber Optic,6.0,Yes,No,Yes,No,Yes,Yes,Yes,Yes
6212-ATMLK,,Yes,49.14,Yes,Yes,Fiber Optic,6.0,No,No,No,No,Yes,Yes,Yes,No
6214-EDAKZ,,Yes,5.26,No,Yes,DSL,19.0,No,Yes,No,Yes,No,No,No,No
6215-NQCPY,Offer D,Yes,10.12,Yes,Yes,Fiber Optic,15.0,Yes,No,No,No,Yes,Yes,Yes,Yes
6217-KDYWC,,Yes,5.71,No,No,,,,,,,,,,
6217-TOWGS,Offer D,Yes,7.6,Yes,Yes,DSL,52.0,No,Yes,No,No,Yes,Yes,Yes,Yes
6218-KNUBD,,Yes,10.88,No,Yes,Cable,8.0,No,Yes,No,No,Yes,No,No,Yes
6221-AVQYL,,Yes,2.96,Yes,Yes,Fiber Optic,15.0,No,No,No,No,No,No,No,Yes
6223-DHJGV,,Yes,23.25,No,No,,,,,,,,,,
6227-FBDXH,Offer A,Yes,3.81,Yes,Yes,Fiber Optic,4.0,No,No,Yes,No,Yes,Yes,Yes,Yes
6227-HWPWX,Offer D,Yes,4.67,No,Yes,Fiber Optic,28.0,No,No,No,No,No,No,No,Yes
6229-LSCKB,Offer E,Yes,48.32,No,Yes,Fiber Optic,11.0,No,No,No,No,Yes,No,No,Yes
6229-UOLQL,Offer B,No,,,Yes,Cable,41.0,Yes,Yes,No,Yes,Yes,No,No,Yes
6230-BSUXY,,Yes,42.5,No,Yes,Fiber Optic,8.0,No,No,Yes,No,No,Yes,No,Yes
6231-WFGFH,,Yes,3.63,No,No,,,,,,,,,,
6233-HXJMX,Offer B,Yes,13.82,Yes,Yes,Fiber Optic,8.0,No,No,Yes,No,No,Yes,Yes,Yes
6234-PFPXL,,Yes,35.62,Yes,Yes,Fiber Optic,29.0,Yes,No,No,Yes,Yes,No,No,Yes
6234-RAAPL,,Yes,23.66,Yes,Yes,Fiber Optic,26.0,Yes,Yes,No,Yes,Yes,No,No,Yes
6235-VDHOM,Offer E,No,,,Yes,DSL,26.0,No,Yes,No,No,No,No,No,Yes
6240-EURKS,,No,,,Yes,DSL,85.0,No,No,No,No,No,Yes,Yes,No
6242-FEGFD,,Yes,36.55,Yes,Yes,Fiber Optic,20.0,Yes,Yes,Yes,Yes,No,No,No,Yes
6242-MBHPK,,Yes,41.88,No,Yes,Fiber Optic,12.0,Yes,No,No,No,Yes,Yes,Yes,Yes
6242-SGYTS,Offer B,Yes,15.76,Yes,Yes,Fiber Optic,59.0,Yes,Yes,No,No,Yes,No,Yes,Yes
6243-OZGFH,,No,,,Yes,DSL,14.0,No,No,No,No,Yes,Yes,Yes,No
6244-BESBM,,Yes,12.02,No,Yes,Fiber Optic,30.0,No,No,No,Yes,Yes,Yes,Yes,Yes
6248-BSHKG,Offer B,Yes,31.49,No,No,,,,,,,,,,
6248-TKCQV,,Yes,43.81,Yes,Yes,DSL,17.0,Yes,No,No,Yes,Yes,Yes,Yes,Yes
6250-CGGUN,Offer B,Yes,30.66,No,Yes,Fiber Optic,18.0,Yes,No,Yes,Yes,No,No,No,Yes
6252-DFGTK,,Yes,30.36,Yes,Yes,DSL,11.0,Yes,No,Yes,Yes,No,No,No,Yes
6253-GNHWH,,Yes,45.81,Yes,Yes,DSL,52.0,Yes,Yes,Yes,Yes,No,No,No,Yes
6253-WRFHY,,Yes,13.32,No,Yes,DSL,21.0,No,No,No,No,Yes,Yes,Yes,Yes
6257-DTAYD,Offer A,Yes,3.86,Yes,Yes,Fiber Optic,85.0,No,Yes,No,Yes,Yes,Yes,Yes,Yes
6257-RJOHI,Offer E,Yes,1.88,No,Yes,DSL,21.0,No,No,No,Yes,No,No,No,Yes
6258-NGCNG,Offer E,Yes,1.41,Yes,No,,,,,,,,,,
6258-PVZWJ,Offer A,Yes,11.83,Yes,Yes,DSL,21.0,Yes,Yes,Yes,Yes,Yes,Yes,Yes,Yes
6259-WJQLC,Offer C,Yes,1.12,Yes,Yes,Fiber Optic,5.0,No,No,Yes,No,No,No,No,Yes
6260-ONULR,,Yes,42.19,No,Yes,Cable,29.0,No,No,No,No,Yes,Yes,Yes,Yes
6260-XLACS,,Yes,23.04,No,No,,,,,,,,,,
6261-LHRTG,,Yes,39.84,No,Yes,Cable,42.0,No,Yes,Yes,No,No,No,No,Yes
6261-RCVNS,Offer B,Yes,5.75,No,Yes,DSL,53.0,Yes,Yes,Yes,Yes,No,Yes,Yes,Yes
6265-FRMTQ,,Yes,25.58,No,No,,,,,,,,,,
6265-SXWBU,,Yes,42.45,Yes,Yes,Fiber Optic,27.0,No,Yes,Yes,No,Yes,No,No,Yes
6266-QHOJZ,,Yes,38.33,Yes,Yes,Fiber Optic,7.0,Yes,Yes,No,Yes,No,No,No,Yes
6267-DCFFZ,Offer C,Yes,47.75,Yes,Yes,Fiber Optic,27.0,No,Yes,No,No,Yes,No,No,Yes
6270-OMFIW,Offer B,Yes,47.4,No,Yes,Cable,29.0,No,Yes,No,No,Yes,Yes,Yes,Yes
6275-YDUVO,Offer E,Yes,24.05,No,Yes,Fiber Optic,27.0,No,No,Yes,No,No,Yes,Yes,Yes
6278-FEPBZ,Offer E,Yes,2.6,No,No,,,,,,,,,,
6281-FKEWS,,No,,,Yes,Cable,3.0,No,No,Yes,No,Yes,Yes,Yes,Yes
6283-GITPX,Offer A,Yes,4.76,No,Yes,DSL,52.0,Yes,Yes,Yes,Yes,Yes,No,No,Yes
6284-AHOOQ,,Yes,46.11,Yes,Yes,Fiber Optic,27.0,No,No,No,Yes,Yes,No,No,Yes
6284-KMNUF,Offer B,Yes,37.5,Yes,Yes,Fiber Optic,11.0,Yes,No,No,No,Yes,Yes,Yes,Yes
6285-FTQBF,Offer A,Yes,36.82,Yes,No,,,,,,,,,,
6286-SUUWT,Offer E,Yes,27.08,No,No,,,,,,,,,,
6286-ZHAOK,Offer D,Yes,36.85,Yes,No,,,,,,,,,,
6288-CHQJB,Offer B,Yes,28.17,No,Yes,DSL,76.0,Yes,No,Yes,Yes,No,Yes,Yes,Yes
6288-LBEAR,,Yes,15.18,No,Yes,Fiber Optic,46.0,No,Yes,No,Yes,No,No,No,Yes
6289-CPNLD,Offer C,Yes,33.32,No,Yes,DSL,4.0,No,No,Yes,Yes,Yes,Yes,Yes,Yes
6292-TOSSS,Offer B,Yes,47.16,Yes,No,,,,,,,,,,
6295-OSINB,Offer A,Yes,6.89,Yes,Yes,Fiber Optic,73.0,Yes,Yes,Yes,No,Yes,Yes,Yes,No
6296-DDOOR,,Yes,24.35,No,Yes,Cable,69.0,No,Yes,No,No,Yes,No,No,Yes
6297-NOOPG,,Yes,28.54,Yes,Yes,Fiber Optic,23.0,No,Yes,Yes,Yes,Yes,Yes,Yes,Yes
6298-QDFNH,,Yes,19.19,Yes,Yes,Fiber Optic,17.0,No,Yes,No,No,No,No,No,Yes
6300-BWMJX,,Yes,20.78,Yes,Yes,Fiber Optic,26.0,No,No,Yes,Yes,Yes,No,No,Yes
6302-JGYRJ,,Yes,6.71,Yes,Yes,DSL,3.0,No,Yes,No,Yes,Yes,Yes,Yes,Yes
6303-KFWSL,,Yes,39.35,Yes,Yes,DSL,69.0,No,Yes,No,No,No,No,No,Yes
6304-IJFSQ,,Yes,46.57,No,Yes,Cable,16.0,No,Yes,No,No,No,No,No,Yes
6305-YLBMM,,Yes,2.52,No,Yes,Fiber Optic,24.0,No,Yes,Yes,Yes,Yes,Yes,Yes,Yes
6308-CQRBU,,Yes,29.78,Yes,Yes,Fiber Optic,22.0,No,Yes,Yes,Yes,Yes,Yes,Yes,Yes
6311-UEUME,,Yes,44.33,No,Yes,Fiber Optic,7.0,No,No,No,No,Yes,No,No,Yes
6313-GIDIT,,No,,,Yes,DSL,25.0,No,Yes,Yes,No,Yes,Yes,No,Yes
6317-YPKDH,Offer E,No,,,Yes,DSL,27.0,No,Yes,No,No,No,No,No,Yes
6319-IEJWJ,,Yes,49.69,No,Yes,Fiber Optic,10.0,No,No,No,No,Yes,Yes,Yes,Yes
6319-QSUSR,Offer D,Yes,44.88,No,No,,,,,,,,,,
6322-HRPFA,Offer B,Yes,5.29,No,Yes,Cable,30.0,Yes,Yes,No,Yes,No,No,No,Yes
6322-PJJDJ,Offer B,Yes,36.3,No,Yes,Fiber Optic,9.0,No,Yes,No,No,Yes,Yes,Yes,No
6323-AYBRX,,Yes,26.63,No,No,,,,,,,,,,
6326-MTTXK,Offer E,Yes,3.27,Yes,Yes,Fiber Optic,6.0,No,Yes,No,No,Yes,Yes,Yes,Yes
6328-ZPBGN,,Yes,3.62,Yes,Yes,Fiber Optic,22.0,No,No,No,No,Yes,Yes,Yes,Yes
6330-JKLPC,Offer D,Yes,11.5,Yes,Yes,Fiber Optic,27.0,No,Yes,No,No,No,No,No,Yes
6331-EWIEB,Offer D,Yes,1.36,Yes,Yes,Fiber Optic,25.0,No,No,No,No,Yes,No,No,Yes
6331-LWDTQ,,Yes,33.75,Yes,Yes,DSL,11.0,No,No,No,No,Yes,Yes,Yes,No
6332-FBZRI,,Yes,36.21,Yes,Yes,DSL,24.0,Yes,Yes,Yes,Yes,No,No,No,Yes
6333-YDVLT,,Yes,33.11,Yes,Yes,Fiber Optic,10.0,Yes,No,Yes,Yes,Yes,Yes,Yes,Yes
6338-AVWCY,,No,,,Yes,DSL,26.0,No,No,Yes,No,Yes,No,No,Yes
6339-DKLMK,Offer D,No,,,Yes,DSL,27.0,No,Yes,No,No,No,No,No,Yes
6339-RZCBJ,,Yes,3.59,No,Yes,DSL,10.0,No,Yes,Yes,Yes,Yes,Yes,Yes,Yes
6339-TBELP,,Yes,6.75,Yes,Yes,Fiber Optic,15.0,No,No,Yes,Yes,No,No,No,Yes
6339-YPSAH,,Yes,1.85,No,Yes,Fiber Optic,22.0,No,No,Yes,No,No,No,No,No
6340-DACFT,,Yes,10.13,No,No,,,,,,,,,,
6341-AEVKX,Offer B,Yes,44.95,No,Yes,Fiber Optic,5.0,Yes,No,Yes,Yes,Yes,Yes,Yes,Yes
6341-JVQGF,,Yes,39.34,No,Yes,DSL,41.0,Yes,No,Yes,Yes,Yes,Yes,Yes,Yes
6344-SFJVH,,No,,,Yes,DSL,21.0,No,No,No,No,No,No,No,Yes
6345-FZOQH,Offer A,Yes,30.86,No,No,,,,,,,,,,
6345-HOVES,,No,,,Yes,Cable,28.0,No,No,No,No,No,No,No,Yes
6345-ULYRW,,Yes,24.62,Yes,Yes,Cable,14.0,No,Yes,No,No,No,Yes,Yes,Yes
6347-DCUIK,Offer D,Yes,29.24,Yes,Yes,Fiber Optic,85.0,No,No,No,No,No,No,Yes,Yes
6348-SNFUS,Offer A,No,,,Yes,Cable,47.0,Yes,Yes,Yes,Yes,No,Yes,Yes,Yes
6349-JDHQP,,Yes,18.81,No,No,,,,,,,,,,
6350-XFYGW,,Yes,19.0,No,Yes,Fiber Optic,17.0,No,No,Yes,No,Yes,Yes,Yes,Yes
6351-SCJKT,,No,,,Yes,Cable,25.0,Yes,No,Yes,Yes,No,No,No,Yes
6352-GIGGQ,Offer A,Yes,37.32,Yes,Yes,DSL,59.0,Yes,Yes,Yes,Yes,Yes,Yes,Yes,Yes
6352-TWCAU,,Yes,19.07,Yes,Yes,Fiber Optic,17.0,No,No,No,No,Yes,No,No,Yes
6353-BRMMA,Offer B,Yes,42.35,Yes,Yes,Fiber Optic,76.0,Yes,Yes,No,No,Yes,Yes,Yes,Yes
6356-ELRKD,,Yes,6.67,No,Yes,Fiber Optic,27.0,Yes,No,No,No,Yes,Yes,Yes,Yes
6357-JJPQT,,Yes,26.86,No,Yes,Fiber Optic,5.0,No,No,No,No,Yes,No,No,No
6358-LYNGM,Offer E,Yes,1.84,Yes,Yes,Fiber Optic,76.0,No,No,No,No,No,No,Yes,Yes
6360-SVNWV,,Yes,47.48,No,Yes,Fiber Optic,8.0,Yes,No,No,No,No,No,No,Yes
6362-QHAFM,,Yes,42.45,Yes,Yes,Fiber Optic,11.0,No,No,Yes,Yes,Yes,Yes,Yes,Yes
6365-HITVU,,Yes,48.08,No,Yes,Cable,51.0,Yes,Yes,Yes,Yes,Yes,Yes,Yes,Yes
6365-MTGZX,,Yes,24.76,No,Yes,Fiber Optic,2.0,No,No,No,Yes,Yes,Yes,Yes,Yes
6366-XIVKZ,,Yes,39.2,No,Yes,Cable,25.0,Yes,No,Yes,No,No,Yes,Yes,Yes
6366-ZGQGL,Offer E,No,,,Yes,Cable,29.0,No,No,No,No,No,No,No,Yes
6368-NWMCE,,Yes,21.19,Yes,Yes,DSL,24.0,No,Yes,No,Yes,No,Yes,Yes,Yes
6368-TZZDT,,Yes,3.57,No,No,,,,,,,,,,
6369-MCAKO,Offer A,Yes,47.91,Yes,Yes,DSL,23.0,Yes,Yes,Yes,Yes,Yes,Yes,Yes,Yes
6370-ZVHDV,Offer B,Yes,40.37,Yes,No,,,,,,,,,,
6371-NZYEG,,Yes,23.31,No,Yes,DSL,27.0,Yes,No,Yes,No,Yes,No,No,Yes
6372-RFVNS,Offer E,Yes,28.04,No,Yes,Fiber Optic,30.0,No,No,No,No,Yes,No,No,Yes
6374-AFWOX,,Yes,46.71,No,Yes,Cable,41.0,Yes,Yes,Yes,Yes,No,No,No,Yes
6374-NTQLP,,Yes,16.82,No,Yes,Fiber Optic,25.0,Yes,No,Yes,Yes,Yes,Yes,No,No
6376-GAHQE,Offer E,Yes,42.8,No,Yes,Fiber Optic,28.0,No,No,No,No,Yes,No,No,No
6377-KSLXC,,Yes,24.16,No,No,,,,,,,,,,
6377-WHAOX,Offer B,Yes,9.98,Yes,Yes,Fiber Optic,22.0,No,Yes,Yes,No,Yes,Yes,Yes,Yes
6379-RXJRQ,,Yes,22.03,No,Yes,Fiber Optic,19.0,No,No,No,No,No,No,No,Yes
6380-ARCEH,Offer E,Yes,41.1,No,No,,,,,,,,,,
6383-ZTSIW,,Yes,9.13,No,Yes,Fiber Optic,18.0,Yes,Yes,No,No,Yes,Yes,No,Yes
6384-VMJHP,Offer A,Yes,23.02,No,Yes,Cable,69.0,Yes,Yes,Yes,Yes,No,Yes,Yes,Yes
6386-SZZKH,,Yes,6.45,Yes,Yes,Fiber Optic,10.0,No,Yes,Yes,Yes,Yes,Yes,Yes,Yes
6388-TABGU,Offer B,Yes,7.96,No,Yes,DSL,8.0,Yes,Yes,No,No,No,No,No,Yes
6390-DSAZX,,Yes,6.19,No,Yes,Fiber Optic,52.0,Yes,No,No,No,No,No,Yes,Yes
6393-WRYZE,,Yes,43.33,Yes,Yes,Fiber Optic,16.0,No,No,No,No,Yes,Yes,Yes,Yes
6394-HHHZM,Offer E,Yes,38.41,No,No,,,,,,,,,,
6394-MFYNG,,Yes,5.19,Yes,Yes,Fiber Optic,47.0,No,Yes,Yes,No,Yes,Yes,Yes,Yes
6397-JNZZG,Offer B,No,,,Yes,DSL,21.0,No,Yes,Yes,No,Yes,Yes,No,Yes
6400-BWQKW,,Yes,19.74,Yes,Yes,Fiber Optic,27.0,Yes,No,No,No,No,No,No,Yes
6402-EJMWF,,Yes,21.03,No,Yes,DSL,3.0,No,No,No,No,No,Yes,Yes,Yes
6402-SSEJG,,No,,,Yes,DSL,9.0,Yes,Yes,Yes,No,Yes,Yes,Yes,Yes
6402-ZFPPI,,Yes,36.5,Yes,Yes,Fiber Optic,30.0,Yes,Yes,No,No,Yes,Yes,No,Yes
6407-GSJNL,Offer B,Yes,44.35,Yes,No,,,,,,,,,,
6407-UTSLV,,Yes,32.98,No,Yes,Fiber Optic,14.0,No,Yes,No,No,Yes,No,No,Yes
6408-OTUBZ,Offer A,Yes,16.39,Yes,Yes,Fiber Optic,26.0,Yes,Yes,Yes,Yes,Yes,No,No,Yes
6408-WHTEF,,Yes,2.75,Yes,Yes,DSL,19.0,Yes,Yes,Yes,Yes,Yes,Yes,Yes,Yes
6410-LEFEN,,Yes,15.62,No,Yes,DSL,2.0,No,No,No,No,No,No,No,Yes
6413-XKKPU,,Yes,19.19,No,Yes,Fiber Optic,22.0,Yes,No,Yes,No,Yes,No,No,Yes
6416-JNVRK,Offer B,Yes,2.03,No,Yes,Cable,7.0,No,No,No,No,No,Yes,Yes,Yes
6416-TVAIH,Offer E,Yes,30.62,No,Yes,Fiber Optic,11.0,No,No,No,No,No,No,No,Yes
6416-YJTTB,Offer D,Yes,8.48,No,Yes,Fiber Optic,52.0,Yes,No,Yes,No,No,No,No,Yes
6418-HNFED,Offer B,Yes,40.34,No,Yes,DSL,9.0,Yes,Yes,Yes,Yes,Yes,Yes,Yes,Yes
6418-PIQSP,Offer B,Yes,13.32,No,Yes,Cable,22.0,Yes,No,Yes,Yes,Yes,Yes,Yes,Yes
6419-ZTTLE,,Yes,45.83,No,No,,,,,,,,,,
6421-SZVEM,Offer C,Yes,16.13,No,Yes,Fiber Optic,69.0,Yes,No,No,No,No,Yes,Yes,Yes
6424-ELEYH,Offer E,Yes,35.18,Yes,Yes,Fiber Optic,13.0,No,No,No,No,No,No,No,Yes
6425-JWTDV,Offer B,Yes,15.95,No,No,,,,,,,,,,
6425-YQLLO,,Yes,27.75,Yes,Yes,Fiber Optic,11.0,No,No,Yes,Yes,Yes,Yes,No,Yes
6427-FEFIG,Offer C,Yes,21.43,Yes,Yes,DSL,56.0,Yes,No,Yes,No,Yes,Yes,Yes,Yes
6429-SHBCB,Offer D,Yes,13.76,Yes,Yes,DSL,4.0,No,No,No,No,Yes,Yes,Yes,Yes
6432-TWQLB,Offer E,Yes,42.29,Yes,Yes,Fiber Optic,16.0,No,Yes,No,Yes,No,No,No,Yes
6434-TTGJP,Offer D,No,,,Yes,Cable,24.0,Yes,Yes,Yes,Yes,No,Yes,Yes,Yes
6435-SRWBJ,Offer E,Yes,29.74,Yes,Yes,Fiber Optic,42.0,No,No,Yes,Yes,No,No,No,Yes
6435-VWCCY,Offer B,Yes,27.14,Yes,Yes,Fiber Optic,26.0,Yes,Yes,No,No,Yes,No,No,Yes
6437-UDQJM,,Yes,47.4,Yes,Yes,DSL,28.0,Yes,Yes,Yes,No,Yes,Yes,Yes,Yes
6437-UKHMV,,Yes,28.92,No,Yes,Fiber Optic,16.0,No,No,No,No,Yes,No,No,Yes
6439-GTPCA,,Yes,4.48,Yes,Yes,Cable,51.0,No,No,Yes,Yes,No,No,No,Yes
6439-LAJXL,Offer E,Yes,34.64,No,Yes,DSL,7.0,Yes,Yes,No,Yes,Yes,No,No,Yes
6439-PKTRR,Offer A,Yes,4.11,Yes,Yes,Cable,16.0,Yes,Yes,Yes,Yes,Yes,No,No,Yes
6440-DKQGE,Offer C,Yes,27.88,No,Yes,Cable,6.0,No,Yes,Yes,No,Yes,No,No,No
6445-TNRXS,Offer A,Yes,32.59,Yes,Yes,Fiber Optic,24.0,Yes,Yes,Yes,Yes,Yes,Yes,Yes,Yes
6447-EGDIV,,Yes,31.79,No,No,,,,,,,,,,
6447-GORXK,Offer C,No,,,Yes,Cable,51.0,No,No,No,No,No,No,No,Yes
6457-GIRWB,,Yes,22.03,No,Yes,Fiber Optic,26.0,No,No,No,No,No,No,No,Yes
6457-USBER,,Yes,41.77,No,Yes,Fiber Optic,15.0,No,No,No,No,No,Yes,Yes,Yes
6458-CYIDZ,Offer E,Yes,36.27,No,Yes,Fiber Optic,17.0,Yes,Yes,No,No,No,No,No,Yes
6461-PPAXN,,Yes,42.18,No,Yes,Cable,59.0,Yes,No,No,Yes,No,No,No,Yes
6461-SZMCV,,Yes,9.06,Yes,Yes,DSL,30.0,Yes,Yes,Yes,Yes,Yes,Yes,Yes,Yes
6463-HHXJR,Offer A,Yes,36.5,Yes,Yes,Fiber Optic,19.0,Yes,Yes,Yes,No,Yes,No,No,Yes
6463-MVYRY,Offer B,Yes,11.23,No,Yes,DSL,30.0,Yes,No,Yes,Yes,Yes,No,No,Yes
6464-KEXXH,,No,,,Yes,Cable,16.0,No,No,No,No,No,No,No,Yes
6465-GSRCL,Offer A,Yes,18.74,Yes,Yes,Fiber Optic,59.0,No,Yes,No,Yes,Yes,Yes,Yes,Yes
6467-CHFZW,,Yes,31.35,Yes,Yes,Fiber Optic,16.0,No,Yes,No,No,Yes,Yes,Yes,Yes
6469-MRVET,,Yes,44.69,No,No,,,,,,,,,,
6469-QJKZW,,Yes,45.84,No,No,,,,,,,,,,
6473-ULUHT,Offer D,Yes,9.16,Yes,Yes,DSL,59.0,Yes,Yes,No,Yes,Yes,Yes,Yes,Yes
6474-FVJLC,Offer E,Yes,43.47,Yes,Yes,Fiber Optic,30.0,No,No,No,No,No,Yes,Yes,Yes
6475-VHUIZ,Offer D,Yes,38.93,No,Yes,Cable,4.0,No,No,Yes,Yes,No,No,No,Yes
6476-EPYZR,,Yes,46.06,No,No,,,,,,,,,,
6476-YHMGA,,Yes,39.77,No,Yes,DSL,18.0,No,Yes,Yes,Yes,Yes,Yes,Yes,Yes
6478-HRRCZ,,Yes,44.45,No,Yes,DSL,6.0,Yes,Yes,No,Yes,No,Yes,Yes,Yes
6479-OAUSD,Offer C,Yes,7.17,No,No,,,,,,,,,,
6479-SZPLM,,Yes,32.3,No,No,,,,,,,,,,
6479-VDGRK,,Yes,36.13,No,Yes,Cable,21.0,Yes,Yes,Yes,Yes,Yes,Yes,Yes,Yes
6480-YAGIY,,Yes,28.72,No,Yes,Fiber Optic,3.0,Yes,Yes,Yes,Yes,Yes,Yes,Yes,Yes
6481-ESCNL,,Yes,10.67,Yes,Yes,Fiber Optic,12.0,No,No,Yes,No,Yes,Yes,Yes,Yes
6481-LXPWL,,No,,,Yes,DSL,28.0,No,Yes,Yes,No,No,No,No,No
6481-OGDOO,Offer A,Yes,30.75,No,Yes,Fiber Optic,5.0,Yes,Yes,No,No,No,Yes,Yes,Yes
6483-OATDN,,Yes,10.36,No,Yes,DSL,20.0,Yes,No,No,No,No,No,No,Yes
6484-LATFU,,Yes,5.84,Yes,No,,,,,,,,,,
6485-QXWWE,Offer B,Yes,2.83,Yes,No,,,,,,,,,,
6486-LHTMA,,Yes,44.26,Yes,Yes,Fiber Optic,22.0,No,No,Yes,No,Yes,No,No,Yes
6490-FGZAT,Offer E,Yes,32.34,No,No,,,,,,,,,,
6496-JDSSB,,Yes,39.92,No,Yes,Fiber Optic,73.0,No,No,No,No,Yes,No,No,Yes
6496-SLWHQ,Offer E,Yes,35.43,Yes,Yes,Fiber Optic,18.0,No,Yes,Yes,No,Yes,Yes,No,Yes
6497-TILVL,,Yes,25.64,No,Yes,DSL,71.0,Yes,No,No,No,No,No,No,Yes
6500-JVEGC,,Yes,11.22,Yes,Yes,Fiber Optic,7.0,Yes,Yes,Yes,No,Yes,No,No,Yes
6502-HCJTI,,Yes,9.7,Yes,Yes,Fiber Optic,17.0,Yes,Yes,No,No,No,Yes,Yes,Yes
6502-KUGLL,Offer D,Yes,42.64,No,Yes,DSL,69.0,Yes,Yes,No,Yes,No,No,No,Yes
6502-MJQAE,,Yes,46.21,No,Yes,Fiber Optic,58.0,No,No,No,No,No,No,Yes,Yes
6504-VBLFL,Offer B,Yes,6.63,No,Yes,DSL,23.0,Yes,Yes,Yes,No,No,No,No,Yes
6505-OZNPG,,No,,,Yes,Cable,52.0,Yes,Yes,Yes,Yes,Yes,Yes,Yes,No
6506-EYCNH,,Yes,15.85,No,No,,,,,,,,,,
6507-DTJZV,Offer D,Yes,30.19,No,Yes,DSL,17.0,No,No,No,No,Yes,Yes,Yes,Yes
6507-ZJSUR,,Yes,46.82,No,Yes,Fiber Optic,11.0,No,No,No,No,Yes,Yes,No,No
6508-NJYRO,,Yes,14.27,No,No,,,,,,,,,,
6509-TSGWN,,Yes,31.83,Yes,No,,,,,,,,,,
6510-UPNKS,,Yes,43.77,Yes,No,,,,,,,,,,
6513-EECDB,,Yes,36.92,Yes,Yes,Fiber Optic,6.0,No,No,No,No,No,No,No,Yes
6516-NKQBO,,Yes,22.05,No,Yes,Cable,73.0,Yes,No,Yes,Yes,Yes,Yes,Yes,Yes
6518-KZXCB,Offer D,Yes,4.79,Yes,No,,,,,,,,,,
6518-LGAOV,,Yes,19.08,Yes,Yes,Fiber Optic,4.0,No,No,Yes,Yes,Yes,Yes,Yes,Yes
6518-PPLMZ,,Yes,25.32,No,No,,,,,,,,,,
6519-CFDBX,,Yes,10.81,No,Yes,Cable,13.0,No,No,No,No,No,No,No,Yes
6519-ZHPXP,,Yes,41.55,No,Yes,Fiber Optic,25.0,Yes,Yes,Yes,Yes,Yes,Yes,Yes,No
6521-YYTYI,Offer E,Yes,7.99,Yes,Yes,Fiber Optic,30.0,No,No,No,No,Yes,Yes,Yes,Yes
6522-OIQSX,Offer A,No,,,Yes,Cable,56.0,No,Yes,Yes,No,Yes,Yes,Yes,Yes
6522-YRBXD,Offer C,Yes,20.44,Yes,Yes,Fiber Optic,18.0,Yes,Yes,No,No,No,Yes,No,Yes
6527-PZFPV,Offer C,Yes,25.84,No,No,,,,,,,,,,
6532-YLWSI,Offer B,Yes,37.85,No,No,,,,,,,,,,
6537-OTKMY,Offer D,No,,,Yes,DSL,14.0,No,No,Yes,No,Yes,Yes,Yes,Yes
6537-QLGEX,,No,,,Yes,DSL,30.0,Yes,No,No,No,Yes,No,No,Yes
6538-POCHL,Offer C,Yes,17.63,No,Yes,Fiber Optic,19.0,No,Yes,Yes,No,No,No,No,Yes
6542-LWGXJ,Offer E,No,,,Yes,DSL,12.0,No,No,No,No,No,No,No,Yes
6543-CPZMK,Offer E,No,,,Yes,DSL,9.0,No,Yes,No,No,No,No,No,No
6543-JXSOO,Offer D,Yes,12.88,No,Yes,DSL,41.0,Yes,Yes,No,Yes,No,No,No,Yes
6543-XRMYR,,Yes,43.61,Yes,Yes,Fiber Optic,8.0,No,Yes,No,No,Yes,Yes,No,No
6546-OPBBH,,Yes,42.55,Yes,No,,,,,,,,,,
6549-BTYPG,,No,,,Yes,DSL,69.0,No,Yes,Yes,Yes,Yes,Yes,Yes,Yes
6549-NNDYT,,No,,,Yes,Cable,7.0,Yes,No,No,No,No,No,No,Yes
6549-YMFAW,,Yes,1.66,No,No,,,,,,,,,,
6551-GNYDG,,Yes,40.22,No,Yes,Fiber Optic,19.0,No,No,No,No,No,Yes,Yes,Yes
6551-VLJMV,Offer C,Yes,4.42,No,No,,,,,,,,,,
6551-ZCOTS,Offer C,Yes,3.15,Yes,No,,,,,,,,,,
6556-DBKZF,,Yes,9.4,No,Yes,Fiber Optic,10.0,No,No,Yes,No,No,No,No,Yes
6557-BZXLQ,Offer D,Yes,22.9,No,Yes,Fiber Optic,24.0,No,No,No,No,No,No,No,Yes
6559-ILWKJ,,No,,,Yes,Cable,25.0,No,Yes,No,No,Yes,Yes,Yes,No
6559-PDZLR,,Yes,37.0,No,Yes,Fiber Optic,76.0,No,No,Yes,Yes,Yes,Yes,Yes,Yes
6559-RAKOZ,Offer B,Yes,16.02,Yes,Yes,Fiber Optic,18.0,No,No,No,Yes,Yes,Yes,Yes,Yes
6563-VNPMN,,Yes,4.14,No,Yes,Fiber Optic,20.0,Yes,Yes,No,Yes,No,No,No,No
6563-VRERX,,Yes,34.22,No,No,,,,,,,,,,
6567-HOOPW,,Yes,20.06,No,Yes,Fiber Optic,24.0,No,No,No,No,Yes,No,No,Yes
6568-POCUI,,Yes,48.02,No,Yes,Fiber Optic,18.0,No,No,No,Yes,Yes,Yes,Yes,No
6569-KTMDU,,Yes,5.02,No,No,,,,,,,,,,
6572-ADKRS,Offer B,Yes,42.44,No,Yes,Fiber Optic,69.0,No,No,Yes,No,No,No,No,Yes
6574-MCOEH,,Yes,31.59,Yes,Yes,Cable,18.0,No,No,Yes,Yes,Yes,Yes,Yes,No
6575-SUVOI,,Yes,30.6,Yes,Yes,DSL,2.0,Yes,No,No,Yes,Yes,No,No,Yes
6576-FBXOJ,Offer D,No,,,Yes,DSL,27.0,No,No,Yes,Yes,Yes,Yes,Yes,Yes
6578-KRMAW,,Yes,46.33,No,Yes,Fiber Optic,85.0,Yes,Yes,Yes,No,No,Yes,Yes,Yes
6579-JPICP,,Yes,17.81,No,No,,,,,,,,,,
6581-NQCBA,Offer D,No,,,Yes,DSL,29.0,No,No,No,Yes,Yes,Yes,Yes,Yes
6582-OIVSP,,Yes,47.36,No,Yes,Cable,41.0,No,No,No,No,No,No,No,Yes
6582-PLFUU,Offer B,Yes,28.96,No,No,,,,,,,,,,
6583-KQJLK,Offer D,Yes,37.84,No,Yes,Fiber Optic,19.0,No,Yes,No,No,Yes,Yes,Yes,Yes
6583-QGCSI,Offer B,Yes,37.12,Yes,Yes,Fiber Optic,4.0,No,Yes,No,No,Yes,No,No,No
6583-SZVGP,,Yes,9.91,Yes,Yes,Fiber Optic,4.0,No,Yes,Yes,No,Yes,Yes,Yes,Yes
6584-VQMYT,Offer C,Yes,2.63,No,Yes,DSL,59.0,Yes,Yes,No,No,No,No,No,No
6585-WCEWR,,Yes,22.78,No,No,,,,,,,,,,
6586-MYGKD,Offer A,Yes,18.26,Yes,Yes,DSL,18.0,Yes,No,No,Yes,Yes,Yes,Yes,Yes
6586-PSJOX,Offer D,Yes,1.63,No,Yes,DSL,11.0,No,No,Yes,Yes,No,No,No,No
6591-QGOYB,,Yes,38.78,Yes,Yes,Fiber Optic,59.0,Yes,Yes,Yes,Yes,Yes,No,No,Yes
6595-COKXZ,Offer E,Yes,48.31,No,Yes,Cable,22.0,No,No,No,No,No,No,No,Yes
6595-YGXIT,Offer C,Yes,47.66,Yes,Yes,Fiber Optic,23.0,No,Yes,No,No,Yes,No,No,Yes
6598-KELSS,Offer B,No,,,Yes,DSL,76.0,Yes,Yes,No,No,Yes,No,No,Yes
6598-RFFVI,,Yes,15.79,No,No,,,,,,,,,,
6599-CEBNN,Offer C,Yes,1.55,No,Yes,Fiber Optic,14.0,No,Yes,No,No,No,No,No,Yes
6599-GZWCM,,Yes,42.62,No,Yes,Fiber Optic,15.0,No,Yes,No,No,No,No,No,Yes
6599-RCLCJ,Offer B,Yes,7.62,Yes,Yes,Fiber Optic,20.0,No,Yes,Yes,Yes,Yes,Yes,Yes,No
6599-SFQVE,,Yes,37.57,No,Yes,Cable,58.0,No,No,No,No,No,Yes,Yes,Yes
6603-QWSPR,Offer B,Yes,5.86,No,Yes,Fiber Optic,82.0,No,Yes,Yes,Yes,Yes,Yes,Yes,Yes
6603-YRDCJ,Offer C,Yes,15.89,No,Yes,DSL,52.0,Yes,Yes,No,Yes,No,No,No,Yes
6608-QQLVK,,Yes,39.58,No,Yes,DSL,28.0,No,No,Yes,No,No,No,No,Yes
6609-MXJHJ,Offer C,Yes,47.21,Yes,No,,,,,,,,,,
6614-FHDBO,,Yes,35.11,Yes,Yes,Fiber Optic,22.0,No,Yes,Yes,Yes,Yes,Yes,Yes,Yes
6614-VBEGU,Offer C,Yes,44.06,No,Yes,DSL,59.0,No,Yes,No,No,Yes,Yes,Yes,Yes
6614-YOLAC,Offer A,No,,,Yes,Cable,8.0,Yes,Yes,No,Yes,Yes,Yes,Yes,Yes
6614-YWYSC,,Yes,19.14,Yes,No,,,,,,,,,,
6615-NGGZJ,,Yes,36.97,Yes,Yes,Fiber Optic,27.0,No,Yes,No,No,Yes,Yes,Yes,Yes
6615-ZGEDR,,Yes,1.91,No,No,,,,,,,,,,
6616-AALSR,,Yes,13.17,Yes,Yes,Fiber Optic,59.0,Yes,No,Yes,No,Yes,Yes,Yes,No
6617-WLBQC,Offer D,Yes,5.7,Yes,Yes,Fiber Optic,30.0,Yes,No,No,No,No,No,No,Yes
6618-RYATB,Offer E,Yes,5.1,Yes,Yes,Fiber Optic,10.0,No,No,Yes,No,No,No,No,Yes
6619-RPLQZ,Offer B,Yes,40.19,No,No,,,,,,,,,,
6620-HVDUJ,Offer C,Yes,23.71,No,Yes,DSL,4.0,Yes,Yes,No,Yes,No,No,No,Yes
6620-JDYNW,Offer D,Yes,10.97,Yes,Yes,DSL,9.0,Yes,No,Yes,No,No,No,No,Yes
6621-NRZAK,Offer B,Yes,46.9,No,No,,,,,,,,,,
6621-YOBKI,,Yes,31.78,No,No,,,,,,,,,,
6624-JDRDS,Offer E,No,,,Yes,Cable,52.0,Yes,No,No,No,No,No,No,Yes
6625-FLENO,,Yes,18.68,No,No,,,,,,,,,,
6625-IUTTT,Offer A,Yes,49.74,No,Yes,Cable,41.0,Yes,No,Yes,No,No,Yes,Yes,No
6625-UTXEW,Offer D,Yes,46.88,No,Yes,Cable,73.0,No,Yes,No,No,No,No,No,Yes
6627-CFOSN,Offer B,Yes,39.42,Yes,Yes,Fiber Optic,12.0,Yes,Yes,Yes,No,No,Yes,Yes,No
6629-CZTTH,,Yes,48.22,No,Yes,Cable,22.0,No,No,No,No,No,Yes,Yes,Yes
6629-LADHQ,Offer E,Yes,36.96,No,Yes,DSL,24.0,Yes,No,No,No,No,No,No,Yes
6630-UJZMY,,Yes,14.34,Yes,Yes,Fiber Optic,14.0,No,No,No,No,Yes,No,No,Yes
6631-HMANX,,Yes,31.15,Yes,Yes,Cable,16.0,No,Yes,Yes,Yes,Yes,Yes,Yes,Yes
6633-MPWBS,Offer E,Yes,7.31,No,Yes,DSL,18.0,No,No,No,Yes,No,No,No,Yes
6633-SYEUS,,Yes,19.96,No,Yes,Fiber Optic,76.0,No,Yes,Yes,Yes,No,No,No,Yes
6635-CPNUN,,Yes,33.57,Yes,Yes,Fiber Optic,52.0,No,Yes,Yes,No,Yes,No,No,Yes
6635-MYYYZ,,Yes,43.01,No,Yes,Cable,4.0,Yes,Yes,Yes,Yes,Yes,Yes,Yes,No
6637-KYRCV,,No,,,Yes,DSL,59.0,No,Yes,No,No,No,No,No,Yes
6641-XRPSU,Offer C,Yes,4.66,No,Yes,Fiber Optic,21.0,No,No,No,No,No,No,No,Yes
6645-MXQJT,Offer E,Yes,39.35,No,Yes,Fiber Optic,24.0,Yes,No,No,No,Yes,Yes,Yes,Yes
6646-JPPHA,,Yes,48.01,No,Yes,Fiber Optic,2.0,Yes,Yes,No,No,No,No,No,No
6646-QVXLR,,Yes,7.11,Yes,Yes,Fiber Optic,16.0,No,Yes,Yes,No,Yes,Yes,Yes,Yes
6646-VRFOL,,Yes,39.36,Yes,Yes,Fiber Optic,23.0,No,Yes,Yes,No,Yes,Yes,No,Yes
6647-ZEDXT,,Yes,13.16,Yes,Yes,Fiber Optic,27.0,No,Yes,Yes,Yes,Yes,Yes,Yes,Yes
6648-INWPS,Offer D,Yes,38.55,No,No,,,,,,,,,,
6650-BWFRT,Offer A,Yes,24.89,Yes,Yes,Fiber Optic,5.0,Yes,Yes,Yes,Yes,Yes,Yes,Yes,Yes
6650-VJONK,,Yes,15.9,No,Yes,Cable,27.0,No,No,No,No,No,No,No,No
6651-AZVTJ,,Yes,46.94,Yes,Yes,Fiber Optic,73.0,No,No,Yes,No,Yes,Yes,Yes,No
6651-RLGGM,Offer A,Yes,14.54,Yes,No,,,,,,,,,,
6652-YFFJO,Offer D,Yes,13.56,No,Yes,Cable,17.0,No,No,No,No,Yes,Yes,Yes,Yes
6653-CBBOM,Offer E,Yes,15.92,No,Yes,Fiber Optic,11.0,No,No,No,No,No,No,No,Yes
6654-QGBZZ,,Yes,1.5,No,No,,,,,,,,,,
6655-LHBYW,Offer B,Yes,19.8,Yes,Yes,Fiber Optic,21.0,Yes,Yes,Yes,Yes,Yes,Yes,Yes,No
6656-GULJQ,,Yes,21.21,Yes,Yes,DSL,27.0,Yes,No,Yes,Yes,Yes,Yes,Yes,No
6656-JWRQX,,No,,,Yes,DSL,9.0,No,No,No,Yes,No,No,No,No
6661-EIPZC,,No,,,Yes,DSL,16.0,No,No,No,Yes,No,No,No,Yes
6661-HBGWL,,Yes,16.22,Yes,Yes,Fiber Optic,12.0,No,Yes,Yes,No,Yes,Yes,No,Yes
6663-JOCQO,,Yes,29.06,Yes,Yes,DSL,22.0,Yes,Yes,No,Yes,No,Yes,Yes,Yes
6664-FPDAC,Offer B,Yes,19.46,Yes,Yes,Fiber Optic,28.0,No,Yes,Yes,Yes,Yes,Yes,No,Yes
6668-CNMFP,,Yes,36.92,Yes,Yes,Fiber Optic,52.0,No,No,No,Yes,No,Yes,Yes,Yes
6670-MFRPK,Offer A,Yes,21.56,Yes,Yes,Fiber Optic,17.0,No,No,Yes,No,No,No,No,Yes
6671-NGWON,Offer E,Yes,41.57,No,No,,,,,,,,,,
6674-KVJHG,,Yes,1.87,Yes,No,,,,,,,,,,
6680-NENYN,,Yes,12.88,Yes,Yes,Fiber Optic,59.0,No,Yes,Yes,No,Yes,Yes,Yes,Yes
6680-WKXRZ,,Yes,23.82,Yes,Yes,Fiber Optic,24.0,No,No,No,No,No,No,No,Yes
6681-ZSEXG,Offer B,Yes,35.55,Yes,Yes,DSL,17.0,No,Yes,Yes,No,No,No,No,Yes
6682-QJDGB,,Yes,8.08,No,Yes,DSL,76.0,Yes,Yes,No,No,No,No,No,Yes
6682-VCIXC,Offer B,No,,,Yes,Cable,6.0,Yes,Yes,No,Yes,Yes,No,No,Yes
6683-VLCTZ,,Yes,44.44,Yes,Yes,Fiber Optic,13.0,No,No,Yes,No,Yes,Yes,No,No
6685-GBWJZ,,Yes,46.99,No,Yes,Cable,13.0,Yes,Yes,No,Yes,Yes,No,No,Yes
6685-XSHHU,,Yes,32.12,No,No,,,,,,,,,,
6686-YPGHK,,Yes,36.58,No,Yes,Fiber Optic,20.0,Yes,No,No,No,No,Yes,Yes,No
6688-UZPWD,,Yes,7.89,Yes,Yes,Fiber Optic,10.0,No,Yes,No,No,Yes,Yes,Yes,Yes
6689-KXGBO,,Yes,30.96,No,Yes,DSL,5.0,No,Yes,No,No,No,No,No,Yes
6689-TCZHQ,Offer E,Yes,12.27,No,Yes,Fiber Optic,20.0,No,No,No,No,No,Yes,No,Yes
6689-VRRTK,,Yes,49.75,Yes,Yes,Fiber Optic,2.0,Yes,Yes,Yes,No,Yes,Yes,No,Yes
6691-CCIHA,Offer B,Yes,4.7,Yes,Yes,Cable,28.0,Yes,Yes,No,Yes,Yes,Yes,Yes,Yes
6692-UDPJC,,Yes,9.13,Yes,Yes,Fiber Optic,12.0,No,No,No,Yes,Yes,No,No,Yes
6692-YQHXC,,Yes,27.43,No,Yes,Fiber Optic,27.0,No,No,No,No,No,No,No,Yes
6693-DJWTY,,Yes,12.56,No,Yes,DSL,56.0,Yes,Yes,No,No,No,No,No,Yes
6693-FRIRW,,Yes,7.56,No,Yes,Fiber Optic,20.0,No,Yes,Yes,No,Yes,Yes,Yes,Yes
6695-AMZUF,Offer A,Yes,31.15,No,Yes,DSL,5.0,Yes,Yes,Yes,Yes,Yes,Yes,Yes,Yes
6695-FRVEC,,Yes,21.17,No,Yes,Cable,13.0,Yes,No,Yes,Yes,No,No,No,No
6696-YDAYZ,Offer D,Yes,27.24,No,No,,,,,,,,,,
6698-OXETB,Offer D,Yes,49.8,No,No,,,,,,,,,,
6701-DHKWQ,Offer B,No,,,Yes,DSL,17.0,No,Yes,Yes,Yes,Yes,No,No,Yes
6701-YVNQG,Offer A,Yes,47.66,Yes,Yes,DSL,19.0,Yes,Yes,Yes,Yes,Yes,Yes,Yes,Yes
6702-OHFWR,Offer E,No,,,Yes,DSL,26.0,No,Yes,Yes,No,No,Yes,No,Yes
6704-UTUKK,,No,,,Yes,DSL,15.0,No,No,No,No,Yes,Yes,Yes,No
6705-LNMDD,Offer D,Yes,49.81,No,Yes,DSL,4.0,No,No,No,Yes,No,No,No,Yes
6705-LXORM,Offer E,Yes,5.42,No,Yes,Fiber Optic,23.0,No,No,No,No,No,No,No,Yes
6710-HSJRD,Offer B,Yes,12.32,Yes,Yes,Fiber Optic,7.0,No,Yes,Yes,Yes,Yes,Yes,Yes,Yes
6711-FLDFB,Offer E,Yes,46.79,Yes,Yes,Fiber Optic,25.0,No,No,No,No,No,No,No,Yes
6711-VTNRE,,Yes,27.72,No,Yes,Fiber Optic,24.0,No,No,Yes,Yes,No,Yes,Yes,Yes
6712-OAWRH,Offer C,Yes,34.69,No,Yes,Fiber Optic,27.0,No,No,No,No,Yes,Yes,No,Yes
6713-OKOMC,Offer D,No,,,Yes,DSL,8.0,Yes,No,No,No,No,No,No,Yes
6715-OFDBP,,Yes,14.26,No,Yes,DSL,26.0,No,No,Yes,No,Yes,Yes,Yes,Yes
6718-BDGHG,,Yes,12.98,Yes,Yes,DSL,8.0,No,No,No,Yes,Yes,No,No,Yes
6719-FGEDO,Offer A,Yes,38.79,Yes,Yes,Fiber Optic,42.0,Yes,Yes,Yes,Yes,No,No,No,Yes
6719-OXYBR,,Yes,27.3,No,Yes,Fiber Optic,18.0,No,No,Yes,No,Yes,No,No,Yes
6723-CEGQI,,No,,,Yes,DSL,25.0,No,Yes,No,Yes,Yes,No,No,Yes
6723-WSNTY,,Yes,6.94,Yes,Yes,Fiber Optic,23.0,No,Yes,Yes,Yes,Yes,Yes,Yes,Yes
6725-TPKJO,,Yes,47.53,No,No,,,,,,,,,,
6726-NNFWD,Offer A,Yes,16.26,No,Yes,Fiber Optic,27.0,No,Yes,Yes,No,No,Yes,No,Yes
6726-WEXXK,,Yes,41.11,Yes,Yes,Fiber Optic,14.0,Yes,No,Yes,No,No,No,No,Yes
6727-IOTLZ,Offer D,Yes,5.17,No,Yes,Cable,25.0,No,Yes,Yes,Yes,Yes,Yes,Yes,Yes
6728-CZFEI,,Yes,6.56,No,Yes,DSL,52.0,No,No,No,No,Yes,No,No,Yes
6728-DKUCO,Offer A,Yes,25.82,Yes,Yes,Fiber Optic,59.0,Yes,Yes,No,No,Yes,Yes,Yes,Yes
6728-VOIFY,Offer B,Yes,20.51,No,Yes,Fiber Optic,51.0,No,Yes,No,No,Yes,Yes,Yes,No
6728-WYQBC,Offer E,Yes,2.29,No,No,,,,,,,,,,
6729-FZWSY,Offer A,Yes,9.05,No,No,,,,,,,,,,
6729-GDNGC,,Yes,21.49,No,Yes,Fiber Optic,4.0,No,No,No,No,Yes,No,No,Yes
6732-FZUGP,Offer B,Yes,40.25,Yes,Yes,Fiber Optic,69.0,Yes,No,Yes,No,Yes,No,No,Yes
6732-VAILE,,Yes,30.06,Yes,Yes,Cable,24.0,No,Yes,Yes,Yes,Yes,Yes,Yes,Yes
6733-LRIZX,,Yes,20.07,Yes,Yes,Fiber Optic,23.0,Yes,No,Yes,Yes,Yes,Yes,Yes,Yes
6734-CKRSM,,Yes,40.2,No,No,,,,,,,,,,
6734-FQAJX,,Yes,34.23,No,Yes,Fiber Optic,11.0,Yes,Yes,No,Yes,Yes,Yes,Yes,Yes
6734-GMPVK,Offer E,Yes,44.65,Yes,Yes,Fiber Optic,30.0,No,Yes,Yes,No,Yes,Yes,Yes,Yes
6734-JDTTV,Offer B,Yes,33.47,No,No,,,,,,,,,,
6734-PSBAW,Offer A,Yes,1.86,Yes,No,,,,,,,,,,
6736-DHUQI,,Yes,3.47,No,Yes,Fiber Optic,21.0,Yes,Yes,Yes,No,No,No,No,Yes
6738-ISCBM,,No,,,Yes,Cable,17.0,Yes,No,Yes,No,Yes,Yes,Yes,Yes
6741-EGCBI,,Yes,4.04,Yes,Yes,Fiber Optic,14.0,Yes,No,No,No,No,Yes,No,Yes
6741-QRLUP,,Yes,31.34,Yes,Yes,DSL,26.0,Yes,Yes,Yes,Yes,No,Yes,Yes,Yes
6743-HHQPF,,No,,,Yes,DSL,59.0,No,No,No,No,No,No,Yes,Yes
6745-JEFZB,,Yes,23.85,Yes,Yes,Fiber Optic,10.0,No,No,No,Yes,Yes,No,No,No
6746-WAUWT,,Yes,26.54,No,No,,,,,,,,,,
6749-UTDVX,Offer A,Yes,10.87,Yes,Yes,Fiber Optic,16.0,No,Yes,Yes,No,Yes,Yes,Yes,Yes
6752-APNJL,,Yes,18.93,No,Yes,DSL,73.0,Yes,Yes,No,No,No,No,No,Yes
6754-LZUKA,,Yes,23.31,Yes,Yes,DSL,51.0,No,Yes,Yes,No,Yes,Yes,Yes,Yes
6754-WKSHP,Offer C,Yes,4.27,Yes,No,,,,,,,,,,
6762-NSODU,,Yes,12.68,No,No,,,,,,,,,,
6762-QVYJO,Offer B,No,,,Yes,DSL,59.0,Yes,No,Yes,Yes,Yes,Yes,Yes,Yes
6765-MBQNU,,Yes,33.47,Yes,No,,,,,,,,,,
6766-HFKLA,,Yes,10.13,Yes,Yes,Fiber Optic,13.0,No,No,Yes,Yes,Yes,Yes,Yes,Yes
6769-DCQLI,,Yes,49.29,No,Yes,Fiber Optic,51.0,No,Yes,Yes,Yes,Yes,Yes,Yes,Yes
6769-DYBQN,,Yes,36.78,No,Yes,Fiber Optic,29.0,Yes,No,No,No,No,Yes,Yes,Yes
6770-UAYGJ,,Yes,33.65,Yes,No,,,,,,,,,,
6770-XUAGN,Offer E,Yes,16.66,No,No,,,,,,,,,,
6771-XWBDM,,Yes,40.13,Yes,Yes,Fiber Optic,25.0,No,Yes,Yes,No,Yes,Yes,Yes,Yes
6772-KSATR,Offer E,Yes,9.81,Yes,Yes,Fiber Optic,28.0,Yes,No,No,No,No,No,No,Yes
6772-WFQRD,Offer B,Yes,26.41,No,No,,,,,,,,,,
6773-LQTVT,,No,,,Yes,DSL,20.0,No,Yes,Yes,No,No,No,No,Yes
6776-TLWOI,Offer E,Yes,32.01,No,No,,,,,,,,,,
6777-TGHTM,,Yes,29.8,Yes,Yes,Fiber Optic,4.0,Yes,No,Yes,No,Yes,Yes,Yes,Yes
6778-EICRF,,Yes,8.67,Yes,Yes,Cable,10.0,Yes,No,No,No,Yes,Yes,Yes,Yes
6778-JFCMK,Offer C,No,,,Yes,DSL,46.0,Yes,No,No,No,Yes,Yes,Yes,Yes
6778-YSNIH,,Yes,27.02,No,Yes,Cable,26.0,No,Yes,No,No,Yes,No,No,Yes
6784-XYJAE,,Yes,46.92,Yes,Yes,DSL,5.0,No,No,Yes,No,No,No,No,No
6786-OBWQR,,Yes,47.91,No,Yes,Fiber Optic,73.0,No,No,No,No,Yes,No,No,Yes
6789-HJBWG,Offer D,Yes,17.14,No,Yes,DSL,48.0,No,Yes,No,No,No,No,No,No
6791-YBNAK,Offer D,No,,,Yes,DSL,52.0,No,No,No,No,No,No,No,Yes
6794-HKIAJ,,Yes,18.9,Yes,Yes,Fiber Optic,2.0,Yes,Yes,Yes,No,No,No,No,Yes
6797-LNAQX,Offer A,Yes,29.59,Yes,Yes,Fiber Optic,3.0,No,Yes,No,No,Yes,Yes,Yes,No
6797-UCJHZ,Offer A,Yes,25.51,Yes,Yes,Fiber Optic,15.0,No,Yes,Yes,No,Yes,Yes,No,Yes
6804-GDMOI,,Yes,41.23,Yes,Yes,Fiber Optic,28.0,No,No,Yes,Yes,Yes,Yes,Yes,Yes
6806-YDEUL,Offer E,Yes,2.03,No,No,,,,,,,,,,
6807-SIWJI,Offer C,Yes,4.34,Yes,Yes,Fiber Optic,26.0,Yes,Yes,No,No,Yes,Yes,Yes,Yes
6810-VCAEX,Offer B,No,,,Yes,DSL,3.0,Yes,Yes,No,Yes,No,No,No,Yes
6813-GZQCG,,Yes,37.57,Yes,No,,,,,,,,,,
6814-ZPWFQ,,Yes,3.11,Yes,No,,,,,,,,,,
6815-ABQFQ,,Yes,14.43,Yes,Yes,Fiber Optic,25.0,No,Yes,No,Yes,Yes,Yes,Yes,Yes
6817-WTYHE,,Yes,5.08,No,Yes,DSL,17.0,No,No,No,No,No,No,No,Yes
6818-DJXAA,,Yes,42.93,No,Yes,Fiber Optic,52.0,No,No,Yes,Yes,Yes,No,No,Yes
6818-WOBHJ,Offer A,Yes,24.13,Yes,Yes,Fiber Optic,24.0,No,Yes,No,No,No,Yes,No,Yes
6821-BUXUX,Offer D,Yes,17.02,Yes,Yes,Fiber Optic,41.0,Yes,Yes,No,No,Yes,No,No,Yes
6821-JPCDC,,Yes,47.64,No,Yes,Fiber Optic,59.0,No,Yes,Yes,No,Yes,Yes,Yes,Yes
6823-SIDFQ,Offer C,Yes,40.39,No,No,,,,,,,,,,
6825-UYPFK,Offer D,Yes,27.61,Yes,Yes,Fiber Optic,23.0,No,No,No,No,No,No,No,Yes
6827-IEAUQ,,Yes,40.21,No,Yes,DSL,13.0,Yes,Yes,Yes,Yes,No,No,No,Yes
6828-HMKWP,,Yes,49.7,No,No,,,,,,,,,,
6833-JMZYP,,Yes,15.28,No,Yes,Fiber Optic,16.0,No,No,Yes,No,Yes,Yes,Yes,Yes
6834-NXDCA,,No,,,Yes,DSL,53.0,No,No,No,No,No,No,No,Yes
6837-BJYDQ,,Yes,35.65,No,No,,,,,,,,,,
6837-HAEVO,Offer A,Yes,22.49,Yes,Yes,Fiber Optic,11.0,No,Yes,Yes,No,Yes,Yes,Yes,Yes
6838-HVLXG,,Yes,32.32,No,No,,,,,,,,,,
6838-YAUVY,,Yes,11.76,Yes,Yes,Fiber Optic,52.0,No,No,Yes,Yes,No,Yes,Yes,Yes
6839-ITVZJ,,Yes,22.33,Yes,Yes,DSL,13.0,No,Yes,No,Yes,No,No,No,Yes
6840-RESVB,Offer C,Yes,36.05,Yes,Yes,Cable,24.0,Yes,No,Yes,Yes,Yes,Yes,Yes,Yes
6844-DZKRF,,Yes,6.34,No,Yes,Cable,28.0,No,No,No,Yes,No,No,No,No
6845-RGTYS,,Yes,2.87,Yes,Yes,Fiber Optic,51.0,Yes,Yes,Yes,No,Yes,No,Yes,Yes
6847-KJLTS,Offer B,Yes,47.34,Yes,Yes,Fiber Optic,28.0,No,No,No,Yes,Yes,Yes,Yes,Yes
6848-HJTXY,Offer B,Yes,19.98,No,No,,,,,,,,,,
6848-YLDFR,,Yes,35.35,No,Yes,DSL,29.0,No,Yes,No,Yes,Yes,Yes,Yes,Yes
6849-OYAMU,,Yes,43.95,No,Yes,Fiber Optic,20.0,No,Yes,No,Yes,Yes,Yes,Yes,Yes
6849-WLEYG,,Yes,11.91,No,No,,,,,,,,,,
6851-WEFYX,,Yes,2.12,Yes,Yes,Fiber Optic,3.0,No,No,Yes,No,Yes,Yes,No,Yes
6854-EXGSF,Offer E,Yes,8.73,Yes,Yes,DSL,28.0,Yes,Yes,Yes,No,No,No,No,Yes
6855-VLGOS,,Yes,37.11,No,No,,,,,,,,,,
6856-RAURS,,Yes,41.08,Yes,Yes,Fiber Optic,25.0,No,No,No,No,No,No,No,Yes
6857-TKDJV,,Yes,14.41,Yes,No,,,,,,,,,,
6857-VWJDT,Offer E,Yes,32.33,Yes,Yes,Fiber Optic,9.0,No,No,No,No,Yes,Yes,Yes,Yes
6859-QNXIQ,,Yes,26.32,Yes,Yes,Fiber Optic,53.0,Yes,Yes,Yes,Yes,Yes,Yes,Yes,Yes
6859-RKMZJ,,Yes,44.2,No,Yes,DSL,15.0,No,No,No,No,Yes,No,No,Yes
6860-YRJZP,Offer E,Yes,39.77,Yes,Yes,Fiber Optic,25.0,No,No,No,No,No,No,No,Yes
6861-OKBCE,Offer D,Yes,33.06,No,No,,,,,,,,,,
6861-XWTWQ,,Yes,42.92,Yes,Yes,Fiber Optic,2.0,No,No,Yes,No,Yes,Yes,Yes,Yes
6862-CQUMB,,Yes,21.84,No,Yes,Fiber Optic,41.0,No,Yes,No,No,Yes,Yes,Yes,Yes
6865-JZNKO,,Yes,19.41,No,Yes,Cable,27.0,Yes,Yes,No,No,No,No,No,Yes
6867-ACCZI,Offer C,No,,,Yes,DSL,75.0,Yes,Yes,Yes,Yes,No,Yes,Yes,Yes
6869-FGJJC,,Yes,18.53,No,Yes,Fiber Optic,21.0,No,Yes,Yes,No,No,No,No,No
6870-ECSHE,,Yes,46.0,No,No,,,,,,,,,,
6870-ZWMNX,Offer A,Yes,33.37,Yes,Yes,DSL,9.0,No,Yes,Yes,Yes,Yes,No,No,No
6872-HXFNF,Offer B,Yes,40.28,Yes,Yes,DSL,52.0,No,No,Yes,Yes,No,No,No,Yes
6873-UDNLD,,Yes,39.05,No,Yes,DSL,58.0,Yes,No,Yes,No,No,Yes,Yes,Yes
6874-SGLHU,,Yes,12.17,No,Yes,Fiber Optic,16.0,No,Yes,No,No,Yes,Yes,Yes,Yes
6876-ADESB,,Yes,34.4,No,Yes,Cable,52.0,No,No,Yes,No,No,No,Yes,Yes
6877-LGWXO,Offer D,Yes,4.98,No,Yes,Fiber Optic,18.0,No,No,No,No,No,Yes,No,Yes
6877-TJMBR,Offer E,Yes,37.83,No,Yes,Fiber Optic,51.0,No,No,No,Yes,Yes,No,No,Yes
6878-GGDWG,,Yes,12.35,No,No,,,,,,,,,,
6885-PKOAM,,Yes,30.68,Yes,Yes,Cable,18.0,Yes,Yes,Yes,Yes,Yes,Yes,Yes,Yes
6888-SBYAI,Offer E,Yes,38.05,No,Yes,Cable,14.0,Yes,No,No,No,No,No,No,Yes
6890-PFRQX,,Yes,12.21,Yes,Yes,DSL,8.0,Yes,No,Yes,No,Yes,No,No,Yes
6891-JPYFF,Offer B,Yes,30.41,Yes,Yes,Fiber Optic,53.0,Yes,Yes,No,No,Yes,Yes,Yes,Yes
6892-BOGQE,Offer A,Yes,14.91,No,No,,,,,,,,,,
6892-EZDTG,Offer E,Yes,21.81,Yes,Yes,Fiber Optic,14.0,No,Yes,No,No,Yes,No,No,Yes
6892-XPFPU,Offer C,Yes,49.76,Yes,Yes,Fiber Optic,11.0,No,Yes,Yes,No,Yes,Yes,Yes,Yes
6893-ODYYE,,Yes,15.37,No,Yes,Fiber Optic,22.0,Yes,Yes,Yes,Yes,No,No,No,Yes
6894-LFHLY,,Yes,8.35,Yes,Yes,Fiber Optic,23.0,No,No,No,No,No,No,No,Yes
6896-SRVYQ,Offer B,Yes,47.06,No,Yes,Fiber Optic,3.0,No,No,Yes,No,No,No,No,No
6897-RWMUB,,Yes,42.31,No,Yes,DSL,59.0,Yes,Yes,Yes,Yes,No,No,No,Yes
6897-UUBNU,,Yes,12.92,No,Yes,Fiber Optic,24.0,No,Yes,No,Yes,Yes,No,No,No
6898-MDLZW,Offer D,Yes,1.8,No,Yes,DSL,3.0,No,Yes,No,Yes,No,No,No,Yes
6898-RBTLU,Offer B,Yes,16.6,Yes,Yes,DSL,14.0,No,Yes,No,Yes,Yes,Yes,Yes,Yes
6899-PPEEA,,Yes,3.3,Yes,Yes,Fiber Optic,2.0,No,No,No,No,Yes,Yes,No,Yes
6900-PXRMS,Offer C,Yes,1.26,Yes,Yes,Fiber Optic,18.0,No,Yes,Yes,No,Yes,Yes,Yes,No
6900-RBKER,Offer B,Yes,15.1,Yes,Yes,Fiber Optic,17.0,No,No,Yes,No,No,Yes,Yes,Yes
6901-GOGZG,Offer B,Yes,49.96,Yes,Yes,DSL,85.0,Yes,No,Yes,Yes,Yes,Yes,Yes,Yes
6904-JLBGY,Offer A,Yes,14.94,Yes,Yes,Fiber Optic,30.0,Yes,Yes,Yes,Yes,Yes,Yes,Yes,Yes
6905-NIQIN,Offer E,Yes,14.78,No,Yes,DSL,59.0,No,Yes,No,No,No,No,Yes,Yes
6906-ANDWJ,Offer D,Yes,34.63,Yes,Yes,Fiber Optic,15.0,No,No,No,No,No,No,No,Yes
6906-MPARY,Offer B,Yes,32.27,No,Yes,Fiber Optic,69.0,No,Yes,No,Yes,No,Yes,Yes,Yes
6907-CQGPN,,No,,,Yes,DSL,27.0,No,Yes,No,Yes,No,No,No,Yes
6907-FLBER,Offer E,Yes,34.02,Yes,Yes,DSL,24.0,No,Yes,No,No,No,No,No,No
6907-NZZIJ,,Yes,13.35,Yes,Yes,Fiber Optic,7.0,No,Yes,No,No,Yes,Yes,Yes,No
6908-VVYHM,Offer B,Yes,19.84,Yes,Yes,Fiber Optic,2.0,No,Yes,No,No,No,Yes,Yes,No
6910-HADCM,,Yes,7.26,No,Yes,Cable,9.0,No,No,Yes,No,No,No,No,Yes
6916-HIJSE,,Yes,41.74,No,Yes,Cable,17.0,Yes,Yes,Yes,Yes,Yes,Yes,Yes,Yes
6917-FIJHC,Offer A,Yes,26.98,Yes,No,,,,,,,,,,
6917-IAYHD,Offer E,No,,,Yes,Cable,19.0,No,Yes,No,Yes,No,No,No,No
6917-YACBP,Offer B,Yes,25.57,Yes,Yes,Fiber Optic,5.0,Yes,Yes,Yes,No,No,No,No,Yes
6918-UMQCG,Offer E,Yes,48.86,No,Yes,Fiber Optic,59.0,No,No,No,No,Yes,No,No,Yes
6919-ELBGL,Offer A,Yes,21.38,Yes,Yes,Fiber Optic,2.0,Yes,Yes,Yes,Yes,Yes,Yes,No,Yes
6921-OZMFH,,Yes,18.97,Yes,Yes,Cable,12.0,No,No,No,Yes,No,No,No,Yes
6922-NCEDI,Offer B,Yes,48.63,No,No,,,,,,,,,,
6923-AQONU,Offer D,Yes,18.91,No,No,,,,,,,,,,
6923-EFPNL,,Yes,9.98,Yes,Yes,DSL,13.0,No,No,No,No,No,No,No,Yes
6923-JHPMP,,Yes,35.41,No,Yes,Fiber Optic,25.0,Yes,No,Yes,No,No,No,No,Yes
6924-TDGMT,,Yes,26.11,No,No,,,,,,,,,,
6925-BAYGL,,Yes,19.03,Yes,No,,,,,,,,,,
6927-WTFIV,Offer D,Yes,5.71,No,Yes,Fiber Optic,22.0,No,No,No,No,No,No,No,Yes
6928-ONTRW,,Yes,48.04,No,No,,,,,,,,,,
6933-FHBZC,Offer C,Yes,35.75,No,Yes,Cable,71.0,No,Yes,Yes,No,No,No,No,Yes
6933-VLYFX,Offer C,No,,,Yes,Cable,25.0,Yes,No,Yes,Yes,Yes,Yes,Yes,Yes
6937-GCDGQ,Offer D,Yes,11.75,No,Yes,Cable,21.0,Yes,No,No,No,No,No,No,Yes
6941-KXRRV,,Yes,34.43,No,Yes,DSL,2.0,No,Yes,No,No,No,Yes,Yes,Yes
6941-PMGEP,Offer E,Yes,43.99,No,Yes,Fiber Optic,42.0,No,No,No,No,No,Yes,Yes,No
6942-LBFDP,,Yes,16.7,No,No,,,,,,,,,,
6946-LMSQS,Offer C,Yes,33.63,Yes,Yes,Fiber Optic,25.0,Yes,No,No,No,No,Yes,No,Yes
6950-TWMYB,Offer B,Yes,46.7,No,Yes,Fiber Optic,75.0,No,Yes,No,Yes,No,No,No,Yes
6952-OMNWB,Offer A,Yes,34.31,Yes,Yes,Fiber Optic,15.0,No,No,Yes,No,No,No,No,Yes
6953-PBDIN,Offer A,Yes,38.58,Yes,Yes,DSL,25.0,No,Yes,Yes,Yes,Yes,No,No,No
6954-OOYZZ,Offer D,Yes,45.92,No,Yes,DSL,17.0,No,No,No,No,No,No,No,Yes
6956-SMUCM,,Yes,33.39,No,Yes,Fiber Optic,59.0,Yes,No,Yes,No,Yes,Yes,Yes,No
6959-GQEGV,,Yes,10.36,No,Yes,DSL,6.0,Yes,No,Yes,No,Yes,Yes,Yes,Yes
6959-UWKHF,Offer E,Yes,4.02,No,Yes,Cable,11.0,No,No,No,No,No,No,No,Yes
6960-HVYXR,,Yes,35.01,Yes,Yes,Fiber Optic,52.0,No,No,No,No,No,No,No,Yes
6961-MJKBO,,Yes,6.61,No,No,,,,,,,,,,
6961-VCPMC,Offer B,Yes,48.62,No,Yes,Fiber Optic,3.0,No,No,No,No,No,Yes,No,No
6963-EZQEE,,Yes,40.94,Yes,Yes,DSL,8.0,Yes,Yes,Yes,Yes,Yes,Yes,No,Yes
6963-KQYQB,Offer A,Yes,4.27,Yes,No,,,,,,,,,,
6967-PEJLL,Offer C,No,,,Yes,Cable,52.0,Yes,No,Yes,Yes,No,No,No,Yes
6967-QIQRV,,Yes,2.12,No,Yes,Fiber Optic,30.0,Yes,No,No,Yes,Yes,Yes,Yes,No
6968-GMKPR,Offer B,Yes,22.34,No,Yes,Fiber Optic,4.0,No,Yes,Yes,No,No,No,No,Yes
6968-MHOMU,,No,,,Yes,Cable,23.0,No,No,No,No,Yes,Yes,Yes,Yes
6968-URWQU,,Yes,4.34,No,Yes,DSL,23.0,No,No,No,No,Yes,No,No,Yes
6969-MVBAI,Offer E,Yes,40.0,Yes,Yes,Fiber Optic,4.0,No,No,Yes,No,Yes,No,No,Yes
6972-SNKKW,,Yes,47.46,No,No,,,,,,,,,,
6974-DAFLI,Offer B,Yes,3.28,No,No,,,,,,,,,,
6976-BWGLQ,Offer A,Yes,39.3,Yes,No,,,,,,,,,,
6979-TNDEU,,Yes,14.32,No,No,,,,,,,,,,
6979-ZNSFF,Offer E,Yes,45.59,Yes,Yes,Fiber Optic,8.0,No,No,No,No,Yes,No,No,Yes
6980-CDGFC,Offer A,Yes,7.91,No,No,,,,,,,,,,
6980-IMXXE,,Yes,42.49,No,No,,,,,,,,,,
6981-TDRFT,,No,,,Yes,DSL,69.0,No,No,Yes,Yes,Yes,Yes,Yes,No
6982-SSHFK,Offer E,Yes,32.44,No,Yes,DSL,12.0,No,No,No,No,No,No,No,Yes
6982-UQZLY,Offer E,Yes,22.86,No,No,,,,,,,,,,
6985-HAYWX,,Yes,37.6,Yes,Yes,Fiber Optic,10.0,No,Yes,No,No,No,No,No,Yes
6986-IJDHX,Offer C,Yes,40.25,No,Yes,Fiber Optic,19.0,No,Yes,No,No,Yes,No,No,Yes
6986-IXNDM,Offer D,Yes,27.8,No,Yes,Fiber Optic,17.0,No,No,No,No,Yes,Yes,Yes,Yes
6987-XQSJT,,Yes,45.77,Yes,Yes,Fiber Optic,10.0,No,Yes,No,No,No,No,No,Yes
6988-CJEYV,Offer B,Yes,45.46,Yes,Yes,Fiber Optic,27.0,No,Yes,No,No,Yes,Yes,Yes,Yes
6990-YNRIO,,Yes,41.88,Yes,Yes,Fiber Optic,7.0,Yes,No,Yes,Yes,Yes,Yes,Yes,Yes
6992-TKNYO,Offer C,Yes,32.11,Yes,Yes,DSL,16.0,No,No,Yes,Yes,No,Yes,Yes,Yes
6993-OHLXR,,Yes,30.73,No,Yes,Fiber Optic,39.0,No,No,No,No,No,No,Yes,Yes
6993-YCOBK,,Yes,40.36,Yes,Yes,Fiber Optic,76.0,Yes,No,Yes,Yes,Yes,Yes,Yes,No
6993-YGFJV,Offer A,Yes,3.41,Yes,Yes,Fiber Optic,41.0,Yes,Yes,Yes,Yes,Yes,Yes,Yes,Yes
6994-FGRHH,,Yes,3.67,No,Yes,Fiber Optic,28.0,No,Yes,Yes,Yes,Yes,Yes,Yes,Yes
6994-KERXL,,Yes,17.7,No,Yes,DSL,22.0,No,No,No,No,No,Yes,Yes,Yes
6994-ORCWG,Offer D,Yes,21.03,Yes,Yes,DSL,7.0,No,Yes,No,No,No,No,No,Yes
6996-KNSML,,Yes,35.25,No,Yes,Fiber Optic,30.0,No,No,Yes,No,No,No,No,Yes
6997-UVGOX,Offer A,Yes,22.83,No,Yes,DSL,53.0,Yes,Yes,Yes,Yes,Yes,Yes,Yes,Yes
6999-CHVCF,,Yes,49.42,Yes,Yes,Fiber Optic,7.0,Yes,Yes,Yes,No,No,Yes,Yes,Yes
7000-WCEVQ,,Yes,27.11,Yes,Yes,DSL,27.0,No,No,No,No,No,Yes,No,Yes
7005-CCBKV,,Yes,21.97,No,Yes,Fiber Optic,9.0,No,Yes,No,No,No,Yes,Yes,Yes
7005-CYUIL,Offer A,Yes,12.26,No,Yes,Fiber Optic,3.0,Yes,Yes,Yes,Yes,Yes,No,No,Yes
7008-LZVOZ,,Yes,38.55,Yes,No,,,,,,,,,,
7009-LGECI,,Yes,22.07,No,Yes,DSL,41.0,Yes,No,No,No,No,No,No,Yes
7009-PCARS,Offer B,Yes,39.29,No,No,,,,,,,,,,
7010-BRBUU,,Yes,19.64,Yes,No,,,,,,,,,,
7010-ZMVBF,,Yes,14.6,No,No,,,,,,,,,,
7011-CVEUC,,Yes,3.81,No,Yes,Fiber Optic,8.0,No,No,No,Yes,Yes,Yes,Yes,Yes
7013-PSXHK,,Yes,33.83,Yes,Yes,DSL,19.0,No,No,Yes,Yes,Yes,Yes,Yes,Yes
7014-ZZXAW,,Yes,8.21,Yes,No,,,,,,,,,,
7016-BPGEU,,No,,,Yes,Cable,22.0,No,No,No,No,No,No,No,Yes
7016-NVRIC,,Yes,32.03,No,Yes,Fiber Optic,16.0,Yes,No,Yes,No,No,Yes,Yes,Yes
7017-VFHAY,Offer B,Yes,20.01,Yes,Yes,Fiber Optic,12.0,Yes,Yes,Yes,Yes,Yes,Yes,Yes,Yes
7017-VFULY,,Yes,32.86,No,No,,,,,,,,,,
7018-FPXHH,Offer B,Yes,22.74,No,Yes,DSL,13.0,Yes,Yes,Yes,No,No,No,No,Yes
7018-WBJNK,Offer D,Yes,31.93,No,Yes,Fiber Optic,22.0,No,No,No,No,Yes,No,No,No
7020-OZKXZ,,Yes,24.96,No,Yes,Fiber Optic,9.0,No,No,Yes,No,No,No,No,Yes
7021-XSNYE,,No,,,Yes,DSL,28.0,Yes,No,Yes,Yes,No,Yes,Yes,Yes
7024-OHCCK,,Yes,19.27,Yes,Yes,Fiber Optic,18.0,No,No,No,No,Yes,Yes,No,Yes
7025-IWFHT,Offer B,Yes,45.22,No,Yes,Fiber Optic,15.0,No,Yes,No,Yes,Yes,No,No,Yes
7025-WCBNE,,Yes,14.78,Yes,Yes,DSL,10.0,No,Yes,No,Yes,No,No,No,Yes
7026-YMSBE,,Yes,24.57,No,No,,,,,,,,,,
7028-DVOIQ,,Yes,20.83,Yes,Yes,Fiber Optic,19.0,No,No,Yes,No,Yes,Yes,No,No
7029-IJEJK,,No,,,Yes,DSL,21.0,Yes,No,No,Yes,No,Yes,Yes,Yes
7029-RPUAV,,Yes,28.18,Yes,Yes,Cable,16.0,No,No,Yes,No,Yes,Yes,No,Yes
7030-FZTFM,Offer A,Yes,45.32,Yes,Yes,Fiber Optic,11.0,No,Yes,Yes,Yes,Yes,Yes,Yes,No
7030-NJVDP,,Yes,10.23,No,Yes,Fiber Optic,8.0,Yes,No,No,Yes,No,Yes,Yes,Yes
7032-LMBHI,,Yes,37.18,Yes,Yes,Cable,9.0,Yes,No,No,No,Yes,No,No,Yes
7033-CLAMM,Offer B,Yes,18.64,No,No,,,,,,,,,,
7036-TYDEC,,Yes,1.85,Yes,Yes,Fiber Optic,13.0,No,No,Yes,Yes,Yes,Yes,Yes,Yes
7036-ZZKBD,Offer C,Yes,25.3,No,Yes,Cable,28.0,No,No,Yes,Yes,No,Yes,Yes,Yes
7037-MTYVW,Offer C,Yes,17.52,Yes,Yes,DSL,59.0,Yes,No,Yes,Yes,Yes,Yes,Yes,Yes
7041-TXQJH,Offer C,No,,,Yes,Cable,6.0,No,No,Yes,No,No,Yes,Yes,Yes
7044-YAACC,,Yes,6.03,No,Yes,Fiber Optic,8.0,No,No,No,No,No,No,No,Yes
7047-FWEYA,Offer B,Yes,33.22,Yes,Yes,Fiber Optic,29.0,No,Yes,No,Yes,Yes,Yes,Yes,No
7047-YXDMZ,Offer D,Yes,34.39,No,No,,,,,,,,,,
7048-GXDAY,Offer C,Yes,17.17,Yes,Yes,Fiber Optic,30.0,Yes,Yes,No,No,Yes,Yes,Yes,Yes
7049-GKVZY,,Yes,12.69,No,Yes,Cable,22.0,Yes,Yes,No,Yes,Yes,Yes,Yes,Yes
7054-DMVAS,,Yes,18.74,No,Yes,DSL,16.0,Yes,Yes,No,No,Yes,No,No,Yes
7054-ENNGU,,Yes,12.59,No,Yes,Cable,76.0,No,Yes,No,No,No,No,No,Yes
7054-LGEQW,Offer E,Yes,5.12,No,Yes,DSL,30.0,No,No,No,No,No,No,Yes,Yes
7055-HNEOJ,Offer E,Yes,4.19,No,Yes,Cable,6.0,No,No,Yes,Yes,No,No,No,Yes
7055-JCGNI,Offer A,Yes,44.57,Yes,Yes,Fiber Optic,26.0,Yes,Yes,Yes,Yes,Yes,Yes,Yes,Yes
7055-VKGDA,Offer B,Yes,49.98,No,Yes,Fiber Optic,26.0,Yes,Yes,No,Yes,Yes,Yes,Yes,Yes
7056-IMHCC,Offer B,Yes,7.94,Yes,Yes,Fiber Optic,6.0,No,Yes,No,No,Yes,Yes,No,Yes
7061-OVMIM,,Yes,21.14,No,No,,,,,,,,,,
7064-FRRSW,,Yes,5.87,Yes,Yes,Fiber Optic,2.0,No,Yes,No,No,Yes,Yes,No,Yes
7064-JHXCE,Offer B,Yes,20.96,No,No,,,,,,,,,,
7065-YUNRY,,Yes,39.94,No,Yes,Cable,59.0,No,No,No,No,No,No,Yes,Yes
7067-KSAZT,,Yes,18.69,Yes,Yes,Fiber Optic,30.0,No,Yes,Yes,No,Yes,Yes,No,Yes
7072-MBHEV,,Yes,17.66,Yes,Yes,Fiber Optic,13.0,No,No,Yes,No,No,No,No,Yes
7073-QETQY,Offer A,Yes,45.03,No,No,,,,,,,,,,
7074-IEVOJ,,Yes,41.9,Yes,Yes,Fiber Optic,11.0,No,Yes,No,No,No,No,No,Yes
7074-STDCN,Offer C,No,,,Yes,Cable,26.0,No,No,No,Yes,No,Yes,Yes,Yes
7075-BNDVQ,,No,,,Yes,DSL,26.0,Yes,No,Yes,No,No,No,No,No
7077-XJMET,,Yes,49.39,No,Yes,DSL,5.0,No,No,Yes,Yes,Yes,Yes,Yes,Yes
7078-NVFAM,,No,,,Yes,Cable,14.0,Yes,Yes,No,No,No,No,No,Yes
7079-QRCBC,,Yes,37.69,Yes,Yes,Fiber Optic,18.0,No,No,Yes,No,Yes,Yes,Yes,Yes
7080-TNUWP,,Yes,31.13,Yes,Yes,Fiber Optic,16.0,No,Yes,Yes,No,Yes,No,No,Yes
7083-MIOPC,,Yes,42.36,No,No,,,,,,,,,,
7083-YNSKY,Offer D,Yes,45.84,Yes,No,,,,,,,,,,
7088-FBAWU,Offer D,Yes,44.9,No,Yes,DSL,47.0,Yes,Yes,No,No,Yes,Yes,Yes,Yes
7089-IVVAZ,Offer E,Yes,19.68,Yes,Yes,Fiber Optic,41.0,Yes,No,No,Yes,Yes,Yes,Yes,Yes
7089-RKVSZ,,Yes,23.18,Yes,No,,,,,,,,,,
7089-XXAYG,,No,,,Yes,Cable,24.0,No,No,Yes,No,Yes,No,No,No
7094-MSZAO,,Yes,13.83,No,No,,,,,,,,,,
7096-UCLNH,,Yes,11.1,No,No,,,,,,,,,,
7096-ZNBZI,Offer A,Yes,22.22,Yes,No,,,,,,,,,,
7100-FQPRV,Offer B,Yes,48.1,Yes,Yes,DSL,51.0,Yes,No,No,Yes,No,Yes,Yes,Yes
7101-HRBLJ,,Yes,16.05,No,Yes,Cable,46.0,Yes,Yes,Yes,Yes,Yes,Yes,Yes,Yes
7102-JJVTX,Offer E,Yes,30.07,No,Yes,DSL,30.0,Yes,No,No,No,No,No,No,Yes
7103-IPXPJ,Offer B,Yes,26.06,Yes,Yes,Fiber Optic,18.0,No,No,No,Yes,Yes,Yes,Yes,Yes
7103-ZGVNT,Offer A,Yes,7.84,Yes,Yes,Cable,21.0,Yes,Yes,No,Yes,Yes,No,No,Yes
7105-BENQF,,Yes,43.69,No,Yes,DSL,29.0,Yes,No,Yes,No,No,Yes,Yes,Yes
7105-MXJLL,,Yes,17.12,No,Yes,Cable,17.0,No,No,Yes,No,No,Yes,No,Yes
7107-UBYKY,Offer C,Yes,24.76,Yes,No,,,,,,,,,,
7108-DGVUU,,Yes,30.3,Yes,Yes,DSL,18.0,No,Yes,Yes,No,No,Yes,No,No
7109-CQYUZ,,Yes,6.8,Yes,Yes,DSL,30.0,Yes,Yes,Yes,Yes,Yes,Yes,Yes,Yes
7109-MFBYV,Offer C,Yes,29.07,No,Yes,Cable,42.0,No,No,No,No,No,No,No,Yes
7110-BDTWG,,No,,,Yes,Cable,6.0,No,No,Yes,Yes,No,Yes,Yes,Yes
7112-OPOTK,,Yes,28.84,No,Yes,Fiber Optic,23.0,No,No,No,No,No,No,No,Yes
7113-HIPFI,Offer A,Yes,26.91,No,Yes,Cable,30.0,Yes,Yes,Yes,Yes,No,No,No,Yes
7114-AEOZE,Offer B,Yes,31.12,No,No,,,,,,,,,,
7115-IRDHS,,Yes,24.42,Yes,No,,,,,,,,,,
7120-RFMVS,,Yes,6.89,Yes,Yes,Fiber Optic,12.0,No,No,No,No,Yes,No,No,Yes
7123-WQUHX,Offer C,Yes,3.95,Yes,Yes,Fiber Optic,21.0,No,No,Yes,Yes,Yes,No,No,Yes
7124-UGSUR,,Yes,35.11,Yes,Yes,Fiber Optic,17.0,No,Yes,Yes,No,Yes,Yes,No,Yes
7126-RBHSD,Offer D,Yes,21.15,Yes,Yes,Fiber Optic,4.0,Yes,No,No,No,No,No,No,Yes
7128-GGCNO,Offer B,Yes,41.1,Yes,Yes,Fiber Optic,26.0,No,No,No,No,No,No,No,Yes
7129-ACFOG,,Yes,49.4,Yes,Yes,Cable,22.0,Yes,No,No,No,No,No,No,No
7129-AZJDE,Offer C,Yes,3.54,No,Yes,Fiber Optic,12.0,No,No,No,No,No,Yes,Yes,Yes
7129-CAKJW,Offer D,Yes,44.96,Yes,Yes,Fiber Optic,29.0,No,No,Yes,No,No,No,No,Yes
7130-CTCUS,,Yes,35.53,No,Yes,DSL,23.0,Yes,Yes,No,No,No,No,No,Yes
7130-VTEWQ,,Yes,13.8,Yes,Yes,Fiber Optic,6.0,No,No,No,No,No,No,No,Yes
7130-YXBRO,Offer B,Yes,22.36,Yes,Yes,Fiber Optic,59.0,Yes,Yes,Yes,No,Yes,Yes,Yes,Yes
7131-ZQZNK,Offer B,No,,,Yes,DSL,19.0,Yes,No,Yes,Yes,Yes,Yes,Yes,Yes
7133-VBDCG,Offer C,Yes,26.81,No,Yes,Fiber Optic,12.0,Yes,Yes,No,No,No,No,No,Yes
7134-HBPBS,Offer A,Yes,26.87,Yes,Yes,Fiber Optic,20.0,No,Yes,Yes,Yes,Yes,Yes,Yes,Yes
7134-MJPDY,Offer A,Yes,11.63,Yes,Yes,Fiber Optic,5.0,No,No,Yes,Yes,Yes,Yes,No,No
7136-IHZJA,,Yes,29.14,No,Yes,DSL,48.0,Yes,Yes,No,Yes,No,Yes,Yes,Yes
7136-RVDTZ,,No,,,Yes,DSL,20.0,No,No,No,No,Yes,Yes,No,Yes
7137-NAXML,Offer D,Yes,26.37,No,No,,,,,,,,,,
7137-RYLPP,Offer C,Yes,46.61,Yes,Yes,Fiber Optic,26.0,No,No,No,No,Yes,No,No,Yes
7138-GIRSH,,Yes,27.04,Yes,Yes,DSL,2.0,No,No,Yes,Yes,No,Yes,Yes,Yes
7139-JZFVG,,Yes,43.24,No,Yes,DSL,28.0,Yes,Yes,Yes,No,No,No,No,Yes
7140-ADSMJ,Offer E,Yes,35.21,No,No,,,,,,,,,,
7142-HVGBG,Offer B,Yes,17.43,Yes,Yes,Fiber Optic,26.0,No,Yes,Yes,No,Yes,Yes,No,Yes
7143-BQIBA,Offer D,Yes,7.65,No,Yes,DSL,17.0,Yes,No,No,Yes,Yes,No,No,Yes
7145-FEJWU,,Yes,16.96,Yes,Yes,Fiber Optic,18.0,No,Yes,Yes,No,Yes,Yes,Yes,Yes
7147-AYBAA,,Yes,28.84,No,Yes,Fiber Optic,25.0,No,No,No,No,No,No,No,Yes
7148-XZPHA,,Yes,13.45,No,Yes,Fiber Optic,53.0,No,Yes,No,Yes,No,No,No,Yes
7153-CHRBV,Offer B,Yes,18.85,No,Yes,Cable,24.0,Yes,No,Yes,Yes,No,No,No,Yes
7153-OANIO,Offer E,Yes,27.58,No,Yes,Fiber Optic,16.0,No,No,No,No,No,No,No,Yes
7156-MHUGY,,Yes,26.11,No,Yes,Fiber Optic,4.0,No,No,No,No,Yes,Yes,Yes,No
7156-MXBJE,,Yes,2.49,Yes,Yes,DSL,53.0,No,Yes,Yes,Yes,Yes,Yes,Yes,No
7157-SMCFK,Offer B,Yes,15.02,No,No,,,,,,,,,,
7159-FVYPK,,Yes,24.28,Yes,Yes,DSL,73.0,No,Yes,Yes,No,Yes,No,No,No
7159-NOKYQ,Offer A,Yes,17.4,Yes,Yes,Fiber Optic,11.0,No,Yes,Yes,No,No,Yes,Yes,No
7161-DFHUF,,Yes,21.19,Yes,No,,,,,,,,,,
7162-WPHPM,,Yes,40.57,Yes,Yes,DSL,25.0,Yes,Yes,Yes,Yes,No,No,No,Yes
7163-OCEQI,,Yes,36.15,Yes,Yes,DSL,11.0,No,No,Yes,Yes,Yes,Yes,Yes,Yes
7164-BPTUT,Offer B,Yes,9.36,Yes,Yes,Cable,20.0,Yes,Yes,Yes,Yes,Yes,Yes,Yes,Yes
7167-PCEYD,,Yes,4.72,No,No,,,,,,,,,,
7168-HDQHG,Offer C,Yes,20.57,No,No,,,,,,,,,,
7169-YWAMK,,Yes,15.96,No,Yes,DSL,26.0,Yes,Yes,No,Yes,Yes,No,No,Yes
7173-TETGO,Offer A,Yes,32.37,Yes,Yes,Fiber Optic,22.0,Yes,No,No,No,No,No,No,Yes
7175-NTIXE,,Yes,21.67,No,Yes,DSL,48.0,Yes,No,No,Yes,Yes,Yes,Yes,Yes
7176-WIONM,Offer D,No,,,Yes,Cable,82.0,No,No,Yes,No,Yes,Yes,Yes,Yes
7176-WRTNX,Offer A,Yes,14.63,Yes,Yes,Fiber Optic,30.0,Yes,Yes,Yes,Yes,Yes,Yes,Yes,Yes
7180-PISOG,,Yes,36.44,Yes,Yes,Fiber Optic,16.0,No,No,No,No,No,No,No,Yes
7181-BQYBV,,Yes,25.88,Yes,Yes,Fiber Optic,9.0,Yes,No,Yes,No,Yes,Yes,Yes,Yes
7181-OQCUT,Offer D,Yes,15.89,Yes,Yes,Fiber Optic,3.0,Yes,No,Yes,No,Yes,Yes,Yes,Yes
7182-OVLBJ,,Yes,28.64,Yes,Yes,Fiber Optic,52.0,Yes,No,No,No,Yes,Yes,Yes,No
7184-LRUUR,,Yes,1.74,No,Yes,DSL,85.0,No,Yes,Yes,No,Yes,No,No,Yes
7188-CBBBA,,Yes,27.68,Yes,Yes,Fiber Optic,6.0,No,Yes,Yes,No,Yes,No,No,No
7190-XHTWJ,,Yes,32.63,No,No,,,,,,,,,,
7191-ADRGF,,No,,,Yes,Cable,18.0,No,Yes,Yes,No,Yes,Yes,Yes,Yes
7196-LIWRH,Offer E,Yes,7.35,No,No,,,,,,,,,,
7197-VOJMM,,Yes,47.46,No,Yes,DSL,20.0,Yes,Yes,No,Yes,No,Yes,Yes,Yes
7198-GLXTC,,Yes,48.66,No,Yes,Fiber Optic,21.0,No,No,No,No,Yes,No,No,Yes
7203-OYKCT,,Yes,33.93,Yes,Yes,Fiber Optic,18.0,No,Yes,Yes,No,Yes,Yes,Yes,Yes
7205-BAIAD,,Yes,22.89,No,No,,,,,,,,,,
7206-GZCDC,Offer E,Yes,29.68,No,Yes,Cable,18.0,No,No,No,No,No,No,No,Yes
7206-PQBBZ,Offer D,Yes,24.42,No,Yes,Fiber Optic,29.0,No,No,No,No,No,No,No,Yes
7207-RMRDB,,Yes,34.14,Yes,Yes,Fiber Optic,26.0,No,Yes,Yes,No,Yes,Yes,Yes,Yes
7208-PSIHR,,Yes,5.46,Yes,Yes,Fiber Optic,30.0,No,No,Yes,Yes,Yes,Yes,Yes,No
7209-JCUDS,Offer D,Yes,40.22,No,Yes,Fiber Optic,41.0,No,No,Yes,No,Yes,Yes,Yes,Yes
7216-EWTRS,,Yes,17.35,Yes,Yes,Fiber Optic,23.0,No,No,Yes,No,Yes,Yes,No,Yes
7216-KAOID,Offer B,Yes,39.53,No,No,,,,,,,,,,
7217-JYHOQ,,Yes,44.57,No,Yes,Cable,26.0,Yes,Yes,No,Yes,No,Yes,Yes,Yes
7218-HKQFK,,Yes,18.79,No,Yes,Fiber Optic,19.0,No,No,No,Yes,Yes,Yes,Yes,Yes
7219-TLZHO,,Yes,39.89,No,No,,,,,,,,,,
7225-CBZPL,,Yes,46.44,Yes,Yes,Fiber Optic,13.0,No,No,No,No,Yes,Yes,No,Yes
7225-IILWY,,Yes,26.83,Yes,No,,,,,,,,,,
7228-OMTPN,,Yes,49.14,No,Yes,Fiber Optic,15.0,No,No,No,No,Yes,Yes,Yes,Yes
7228-PAQPD,Offer D,Yes,34.01,No,Yes,Cable,69.0,No,No,No,Yes,No,Yes,Yes,Yes
7233-DRTRF,,Yes,17.75,Yes,Yes,Fiber Optic,15.0,No,Yes,Yes,No,Yes,Yes,Yes,Yes
7233-IOQNP,Offer B,No,,,Yes,Cable,21.0,Yes,No,No,Yes,No,No,No,Yes
7233-PAHHL,Offer A,Yes,6.22,Yes,Yes,DSL,26.0,Yes,No,Yes,Yes,Yes,Yes,Yes,Yes
7234-FECYN,,Yes,43.98,Yes,Yes,Fiber Optic,27.0,No,No,Yes,No,Yes,Yes,No,Yes
7234-KMNRQ,,Yes,8.38,No,No,,,,,,,,,,
7235-NXZCP,Offer E,Yes,45.41,Yes,Yes,Fiber Optic,18.0,No,No,No,No,No,No,No,Yes
7239-HZZCX,,Yes,29.33,No,No,,,,,,,,,,
7240-ETPTR,,No,,,Yes,DSL,10.0,No,No,Yes,No,Yes,Yes,Yes,No
7240-FQLHE,,Yes,25.27,Yes,Yes,Fiber Optic,15.0,No,No,No,Yes,Yes,Yes,No,Yes
7241-AJHFS,,Yes,6.2,Yes,Yes,Fiber Optic,25.0,Yes,No,No,Yes,No,No,No,No
7242-EDTYC,Offer B,Yes,14.37,No,No,,,,,,,,,,
7242-QZLXF,,No,,,Yes,Cable,51.0,No,No,No,No,No,No,No,No
7243-LCGGZ,,Yes,10.21,No,No,,,,,,,,,,
7244-KXYZN,,Yes,5.98,No,No,,,,,,,,,,
7244-QWYHG,Offer B,No,,,Yes,DSL,73.0,Yes,No,No,Yes,Yes,No,No,Yes
7245-JMTTQ,Offer B,Yes,43.79,Yes,Yes,Fiber Optic,82.0,No,Yes,Yes,Yes,Yes,Yes,Yes,Yes
7245-NIIWQ,Offer E,Yes,34.76,No,Yes,Fiber Optic,21.0,No,No,No,No,No,No,No,Yes
7246-ZGQDF,,Yes,33.21,No,Yes,DSL,75.0,Yes,No,No,Yes,No,No,No,Yes
7247-XOZPB,Offer B,Yes,47.55,Yes,Yes,DSL,13.0,Yes,No,Yes,Yes,Yes,No,No,Yes
7248-VZQLC,,Yes,16.83,Yes,Yes,Fiber Optic,12.0,No,Yes,Yes,No,No,No,No,Yes
7249-WBIYX,,Yes,30.1,Yes,Yes,Cable,29.0,No,No,No,No,Yes,No,No,Yes
7250-EQKIY,Offer E,Yes,9.73,No,Yes,DSL,29.0,No,No,Yes,No,No,No,No,Yes
7251-LJBQN,,Yes,28.54,Yes,Yes,Fiber Optic,24.0,No,No,Yes,Yes,Yes,Yes,No,Yes
7251-XFOIL,Offer B,Yes,14.52,Yes,Yes,Fiber Optic,27.0,No,No,Yes,No,No,Yes,Yes,Yes
7252-NTGSS,,Yes,42.34,No,Yes,DSL,10.0,No,No,No,No,No,No,No,Yes
7253-UVNDW,,Yes,45.2,No,Yes,DSL,17.0,No,No,Yes,Yes,No,No,No,Yes
7254-IQWOZ,Offer E,Yes,28.7,No,Yes,Fiber Optic,69.0,No,No,No,No,No,No,No,Yes
7255-SSFBC,Offer A,Yes,11.66,Yes,Yes,Fiber Optic,28.0,No,Yes,Yes,Yes,Yes,Yes,Yes,Yes
7266-GSSJX,,Yes,16.67,No,No,,,,,,,,,,
7267-FRMJW,Offer C,Yes,4.57,No,No,,,,,,,,,,
7268-IGMFD,Offer D,Yes,1.92,Yes,Yes,Fiber Optic,25.0,No,No,Yes,Yes,Yes,No,No,Yes
7268-WNTCP,,Yes,1.87,No,No,,,,,,,,,,
7269-JISCY,,Yes,33.6,No,Yes,DSL,5.0,No,No,No,No,No,No,No,Yes
7270-BDIOA,,Yes,12.19,Yes,Yes,Fiber Optic,23.0,No,No,No,Yes,Yes,No,No,Yes
7271-AJDTL,,Yes,34.61,Yes,Yes,Fiber Optic,16.0,No,Yes,Yes,No,Yes,No,No,Yes
7272-QDCKA,Offer C,Yes,12.36,Yes,Yes,Fiber Optic,13.0,No,Yes,No,No,Yes,Yes,Yes,Yes
7273-TEFQD,Offer E,No,,,Yes,DSL,28.0,No,No,Yes,No,No,Yes,Yes,Yes
7274-CGTOD,,No,,,Yes,DSL,51.0,Yes,Yes,Yes,Yes,No,No,No,Yes
7274-RTAPZ,Offer E,Yes,7.15,No,Yes,Fiber Optic,48.0,No,No,No,No,Yes,Yes,Yes,Yes
7277-KAMWT,Offer D,Yes,1.61,No,No,,,,,,,,,,
7277-OZCGZ,,Yes,6.0,No,Yes,Fiber Optic,8.0,Yes,No,No,Yes,No,Yes,Yes,Yes
7278-CKDNC,,Yes,46.13,Yes,Yes,Fiber Optic,23.0,No,Yes,No,No,No,No,No,Yes
7279-BUYWN,,Yes,27.95,Yes,Yes,Fiber Optic,23.0,Yes,Yes,Yes,No,Yes,Yes,Yes,Yes
7279-NMVJC,,Yes,25.62,No,No,,,,,,,,,,
7284-BUYEC,Offer E,No,,,Yes,Cable,26.0,No,Yes,No,No,Yes,Yes,Yes,Yes
7284-ZZLOH,,Yes,43.27,No,Yes,DSL,4.0,Yes,No,Yes,No,No,No,No,No
7285-KLOTR,,Yes,25.09,Yes,Yes,Cable,17.0,Yes,No,Yes,No,Yes,Yes,Yes,Yes
7291-CDTMJ,Offer E,Yes,13.85,No,No,,,,,,,,,,
7293-LSCDV,,Yes,23.68,No,No,,,,,,,,,,
7294-TMAOP,Offer E,Yes,15.44,No,Yes,Fiber Optic,51.0,No,No,No,No,Yes,Yes,Yes,No
7295-JOMMD,Offer E,Yes,5.63,No,Yes,Fiber Optic,18.0,No,No,Yes,Yes,Yes,Yes,Yes,Yes
7296-PIXQY,Offer D,Yes,23.0,No,Yes,Fiber Optic,17.0,No,No,No,No,No,No,No,Yes
7297-DVYGA,Offer B,Yes,29.87,No,No,,,,,,,,,,
7298-IZWLY,,Yes,23.97,No,No,,,,,,,,,,
7299-GNVPL,,Yes,27.24,No,Yes,Fiber Optic,82.0,Yes,Yes,No,Yes,No,No,No,Yes
7301-ABVAD,,Yes,8.29,Yes,Yes,Cable,13.0,No,Yes,Yes,Yes,Yes,Yes,Yes,Yes
7302-ZHMHP,,Yes,22.37,No,No,,,,,,,,,,
7305-ZWMAJ,,Yes,22.89,No,No,,,,,,,,,,
7306-YDSOI,Offer A,Yes,49.4,No,Yes,DSL,12.0,Yes,Yes,Yes,No,No,No,No,Yes
7310-EGVHZ,Offer E,Yes,24.48,No,No,,,,,,,,,,
7311-MQJCH,,Yes,37.97,No,No,,,,,,,,,,
7312-XSBAT,Offer E,Yes,41.79,No,Yes,DSL,14.0,Yes,No,No,No,No,No,No,Yes
7314-OXENN,,Yes,41.18,Yes,Yes,Fiber Optic,14.0,No,Yes,No,No,No,No,No,Yes
7315-WYOAW,Offer D,Yes,44.43,Yes,Yes,Fiber Optic,41.0,No,No,No,Yes,Yes,Yes,Yes,No
7317-GGVPB,Offer A,Yes,5.76,Yes,Yes,Fiber Optic,11.0,No,Yes,Yes,Yes,Yes,Yes,Yes,No
7318-EIVKO,Offer E,Yes,48.2,Yes,Yes,DSL,22.0,No,No,No,No,Yes,No,No,Yes
7319-VENRZ,Offer E,Yes,31.84,No,Yes,Cable,58.0,No,No,Yes,Yes,Yes,No,No,Yes
7319-ZNRTR,,Yes,15.76,No,No,,,,,,,,,,
7321-KKSDU,,Yes,16.94,No,No,,,,,,,,,,
7321-PKUYW,Offer D,Yes,22.36,Yes,Yes,Cable,3.0,No,No,No,Yes,Yes,No,No,Yes
7321-VGNKU,Offer E,Yes,7.7,No,Yes,Fiber Optic,22.0,No,No,No,No,No,No,No,No
7321-ZNSLA,,No,,,Yes,DSL,57.0,Yes,Yes,No,Yes,No,No,No,Yes
7322-OCWHC,Offer A,Yes,1.34,Yes,Yes,Fiber Optic,30.0,Yes,Yes,Yes,Yes,No,No,No,Yes
7325-ENZFI,,No,,,Yes,DSL,19.0,Yes,Yes,No,Yes,No,No,No,Yes
7326-RIGQZ,,Yes,38.5,No,Yes,Fiber Optic,20.0,No,No,No,No,No,No,No,Yes
7328-OWMOM,Offer C,Yes,33.71,No,No,,,,,,,,,,
7328-ZJAJO,,Yes,9.51,No,No,,,,,,,,,,
7330-WZLNC,Offer E,Yes,1.49,Yes,Yes,Fiber Optic,51.0,No,Yes,No,No,Yes,No,Yes,Yes
7336-RLLRH,Offer C,Yes,11.83,Yes,Yes,DSL,14.0,Yes,No,No,Yes,Yes,Yes,Yes,Yes
7337-CINUD,,Yes,17.2,No,No,,,,,,,,,,
7338-ERIVA,Offer C,No,,,Yes,DSL,13.0,Yes,No,No,Yes,Yes,No,No,Yes
7339-POGZN,,Yes,16.25,Yes,Yes,DSL,51.0,No,No,No,No,No,No,No,Yes
7340-KEFQE,Offer B,No,,,Yes,Cable,27.0,Yes,No,No,Yes,No,No,Yes,Yes
7341-LXCAF,,Yes,48.64,Yes,Yes,Fiber Optic,30.0,No,No,No,No,No,No,No,Yes
7343-EOBEU,Offer E,Yes,14.1,Yes,No,,,,,,,,,,
7346-MEDWM,Offer B,Yes,31.23,Yes,Yes,Fiber Optic,16.0,No,Yes,Yes,No,No,No,No,Yes
7349-ALMUX,,Yes,38.43,No,Yes,Cable,30.0,Yes,Yes,Yes,Yes,No,No,No,Yes
7351-KYHQH,,Yes,7.82,No,Yes,Cable,7.0,No,Yes,Yes,No,Yes,No,No,Yes
7351-MHQVU,Offer E,No,,,Yes,Cable,23.0,Yes,Yes,No,Yes,No,Yes,Yes,Yes
7353-YOWFP,,Yes,39.59,No,No,,,,,,,,,,
7354-OIJLX,Offer E,Yes,7.32,Yes,Yes,Fiber Optic,11.0,No,No,No,No,No,No,No,Yes
7356-AYNJP,Offer E,Yes,6.36,Yes,No,,,,,,,,,,
7356-IWLFW,Offer B,Yes,5.52,Yes,Yes,Fiber Optic,16.0,No,Yes,No,No,No,No,No,Yes
7359-PTSXY,,Yes,24.24,No,Yes,DSL,28.0,No,No,No,No,No,No,No,Yes
7359-SSBJK,Offer B,Yes,29.12,No,Yes,DSL,24.0,Yes,Yes,No,Yes,Yes,No,No,Yes
7359-WWYJV,,Yes,6.29,Yes,Yes,Fiber Optic,8.0,Yes,Yes,Yes,Yes,Yes,Yes,Yes,Yes
7361-YPXFS,,Yes,12.72,Yes,Yes,Cable,23.0,No,Yes,Yes,Yes,No,No,No,Yes
7363-QTBIW,,Yes,6.78,No,Yes,Fiber Optic,59.0,No,No,No,No,No,Yes,Yes,Yes
7365-BVCJH,Offer E,No,,,Yes,DSL,6.0,No,No,No,No,No,No,No,Yes
7369-TRPFD,Offer D,Yes,17.17,No,No,,,,,,,,,,
7375-WMVMT,,Yes,1.23,No,Yes,Fiber Optic,9.0,No,Yes,Yes,Yes,No,Yes,No,Yes
7377-DMMRI,Offer E,Yes,13.73,No,Yes,DSL,11.0,Yes,No,No,No,No,No,No,Yes
7379-FNIUJ,Offer E,Yes,22.56,No,Yes,Fiber Optic,15.0,Yes,Yes,No,No,Yes,Yes,Yes,No
7379-POKDZ,,Yes,26.71,No,Yes,Fiber Optic,11.0,No,No,No,No,No,No,No,Yes
7382-DFJTU,Offer D,Yes,47.72,No,Yes,DSL,28.0,No,No,Yes,Yes,No,No,No,Yes
7384-GHBPI,Offer E,No,,,Yes,Cable,13.0,No,No,No,No,No,Yes,Yes,Yes
7389-KBFIT,Offer E,No,,,Yes,DSL,20.0,No,Yes,No,No,No,No,No,Yes
7392-YYPYJ,Offer D,Yes,28.42,Yes,Yes,Fiber Optic,73.0,No,Yes,No,No,Yes,Yes,Yes,Yes
7394-FKDNK,Offer E,Yes,26.51,No,Yes,Fiber Optic,18.0,No,No,No,No,Yes,Yes,Yes,Yes
7394-LWLYN,,Yes,33.75,No,Yes,Fiber Optic,10.0,No,No,No,No,No,No,No,Yes
7395-IGJOS,,Yes,9.5,No,Yes,Fiber Optic,16.0,No,No,No,No,No,Yes,No,Yes
7395-XWZOY,,No,,,Yes,DSL,20.0,Yes,Yes,Yes,Yes,Yes,No,No,Yes
7396-VJUZB,Offer E,Yes,35.09,No,Yes,DSL,30.0,No,No,No,No,No,No,No,Yes
7398-HPYZQ,Offer A,Yes,28.58,Yes,Yes,Cable,30.0,Yes,Yes,Yes,Yes,Yes,Yes,Yes,Yes
7398-LXGYX,Offer B,Yes,21.39,Yes,Yes,Fiber Optic,10.0,Yes,No,Yes,No,No,No,No,Yes
7398-SKNQZ,,Yes,2.97,Yes,Yes,Fiber Optic,7.0,No,No,No,No,Yes,Yes,Yes,Yes
7399-QHBJS,,Yes,22.62,Yes,Yes,Cable,27.0,Yes,Yes,No,Yes,No,No,No,Yes
7401-JIXNM,,Yes,29.66,Yes,Yes,Cable,76.0,Yes,Yes,Yes,Yes,Yes,Yes,Yes,Yes
7401-RUBNK,Offer D,Yes,43.29,No,Yes,Fiber Optic,41.0,Yes,No,No,No,No,No,No,Yes
7402-EYFXX,Offer C,Yes,25.04,Yes,Yes,Fiber Optic,9.0,No,No,No,No,Yes,Yes,Yes,Yes
7402-PWYJJ,Offer B,Yes,42.18,Yes,Yes,Fiber Optic,53.0,No,No,No,Yes,No,Yes,Yes,No
7404-JLKQG,,Yes,48.3,No,Yes,Cable,42.0,No,No,Yes,No,Yes,No,No,Yes
7407-SUJIZ,Offer C,Yes,13.36,No,No,,,,,,,,,,
7408-OFWXJ,,Yes,44.92,Yes,Yes,DSL,69.0,Yes,Yes,Yes,Yes,Yes,Yes,Yes,Yes
7409-JURKQ,,Yes,41.82,Yes,Yes,Fiber Optic,69.0,No,Yes,Yes,Yes,Yes,Yes,Yes,Yes
7409-KIUTL,,Yes,28.64,No,Yes,Fiber Optic,5.0,No,No,No,No,No,No,No,Yes
7410-KTVFV,,Yes,19.05,No,Yes,DSL,26.0,No,No,Yes,No,No,No,No,Yes
7410-OIEDU,,Yes,48.38,No,Yes,Fiber Optic,42.0,Yes,No,Yes,No,No,No,No,Yes
7410-YTJIK,,Yes,18.1,Yes,Yes,Fiber Optic,15.0,No,No,No,No,No,No,No,Yes
7416-CKTEP,Offer B,Yes,23.28,No,No,,,,,,,,,,
7421-ZLUPA,,No,,,Yes,DSL,2.0,No,Yes,No,No,No,No,No,Yes
7422-WNBTY,,Yes,31.76,Yes,Yes,Fiber Optic,7.0,No,Yes,Yes,No,No,Yes,Yes,Yes
7426-GSWPO,Offer B,Yes,19.2,Yes,Yes,Fiber Optic,18.0,Yes,Yes,No,No,Yes,Yes,Yes,Yes
7426-RHZGU,,Yes,30.8,No,Yes,Fiber Optic,3.0,No,No,No,Yes,Yes,Yes,Yes,Yes
7426-WEIJX,,Yes,18.23,Yes,Yes,Fiber Optic,11.0,Yes,No,No,No,No,No,No,Yes
7427-AUFPY,,Yes,25.72,No,No,,,,,,,,,,
7432-FFVAR,Offer B,Yes,6.26,No,Yes,Fiber Optic,48.0,No,No,Yes,Yes,No,Yes,Yes,No
7434-SHXLS,Offer E,Yes,15.73,No,No,,,,,,,,,,
7435-ZNUYY,Offer E,Yes,12.17,No,No,,,,,,,,,,
7439-DKZTW,,Yes,5.93,No,Yes,Fiber Optic,19.0,No,No,No,No,Yes,No,No,No
7442-YGZFK,,Yes,3.97,Yes,Yes,DSL,11.0,No,No,No,No,No,No,No,Yes
7445-WMRBW,Offer B,Yes,21.39,Yes,Yes,DSL,3.0,No,Yes,Yes,Yes,Yes,No,No,No
7446-KQISO,,Yes,7.48,Yes,Yes,Fiber Optic,27.0,No,Yes,Yes,Yes,Yes,Yes,Yes,Yes
7446-SFAOA,,Yes,15.51,No,No,,,,,,,,,,
7446-YPODE,,Yes,48.33,Yes,Yes,DSL,17.0,Yes,Yes,No,No,No,No,No,No
7449-HVPIV,Offer B,Yes,22.56,Yes,Yes,Fiber Optic,56.0,No,No,Yes,No,Yes,No,No,Yes
7450-NWRTR,,Yes,21.89,Yes,Yes,Fiber Optic,26.0,No,No,Yes,No,Yes,Yes,No,Yes
7452-FOLON,,Yes,46.57,Yes,No,,,,,,,,,,
7459-IMVYU,,Yes,28.0,Yes,Yes,DSL,22.0,Yes,Yes,Yes,Yes,No,No,No,No
7459-RRWQZ,Offer D,Yes,47.57,Yes,Yes,DSL,26.0,Yes,No,No,No,No,Yes,Yes,Yes
7460-ITWWP,,Yes,40.85,No,Yes,Fiber Optic,24.0,No,No,Yes,No,No,Yes,No,Yes
7463-IFMQU,,Yes,47.24,No,No,,,,,,,,,,
7465-ZZRVX,,Yes,14.42,No,Yes,Fiber Optic,27.0,No,No,No,No,No,No,No,No
7469-LKBCI,Offer D,Yes,32.62,No,No,,,,,,,,,,
7470-DYNOE,Offer B,Yes,4.82,No,Yes,DSL,24.0,No,No,Yes,No,No,Yes,Yes,Yes
7470-MCQTK,,No,,,Yes,DSL,8.0,No,No,Yes,No,Yes,Yes,Yes,Yes
7471-MQPOS,,Yes,46.11,Yes,Yes,DSL,20.0,No,Yes,Yes,Yes,No,Yes,No,No
7471-WNSUF,Offer B,Yes,16.42,Yes,No,,,,,,,,,,
7472-EQOAV,Offer A,Yes,30.16,No,Yes,Fiber Optic,19.0,Yes,Yes,Yes,No,No,No,No,Yes
7473-ZBDSN,Offer D,Yes,44.55,No,No,,,,,,,,,,
7479-NITWS,,Yes,36.84,Yes,Yes,Fiber Optic,17.0,No,No,Yes,No,Yes,No,No,No
7480-QNVZJ,,Yes,18.92,Yes,Yes,Fiber Optic,11.0,No,No,No,No,Yes,Yes,Yes,Yes
7480-SPLEF,,Yes,11.6,Yes,No,,,,,,,,,,
7481-ATQQS,Offer B,Yes,44.88,Yes,Yes,Fiber Optic,15.0,No,No,Yes,No,No,Yes,No,Yes
7483-IQWIB,Offer C,Yes,38.89,Yes,Yes,Fiber Optic,29.0,No,Yes,Yes,No,Yes,No,No,Yes
7486-KSRVI,Offer B,Yes,39.37,Yes,Yes,Fiber Optic,23.0,No,No,No,Yes,Yes,Yes,Yes,No
7488-MXJIV,Offer E,Yes,43.32,Yes,Yes,Fiber Optic,20.0,No,No,No,No,Yes,No,No,No
7492-TAFJD,,No,,,Yes,Cable,58.0,Yes,Yes,Yes,No,No,No,No,Yes
7493-GVFIO,Offer B,Yes,12.99,No,No,,,,,,,,,,
7493-TPUWZ,,Yes,24.48,Yes,Yes,Fiber Optic,24.0,No,Yes,No,No,No,No,No,Yes
7495-OOKFY,Offer E,Yes,48.85,Yes,Yes,Fiber Optic,17.0,No,Yes,No,No,No,No,No,Yes
7501-IWUNG,Offer B,Yes,1.27,No,Yes,DSL,24.0,No,No,Yes,Yes,Yes,Yes,Yes,No
7501-VTYLJ,,Yes,18.61,No,Yes,DSL,27.0,No,Yes,No,No,No,No,No,Yes
7502-BNYGS,Offer B,Yes,31.88,No,Yes,DSL,53.0,No,Yes,No,No,Yes,Yes,Yes,Yes
7503-EPSZW,Offer B,Yes,17.93,Yes,No,,,,,,,,,,
7503-MIOGA,Offer A,Yes,48.51,Yes,Yes,Cable,17.0,Yes,Yes,Yes,Yes,Yes,Yes,No,Yes
7503-QQRVF,Offer D,Yes,26.12,No,Yes,Fiber Optic,8.0,No,Yes,No,No,No,No,No,Yes
7503-ZGUZJ,,Yes,22.3,Yes,Yes,Fiber Optic,51.0,No,No,No,No,Yes,No,No,No
7504-UWHNB,Offer C,Yes,40.11,No,Yes,Fiber Optic,18.0,No,No,No,No,No,No,No,No
7508-DQAKK,,Yes,8.52,Yes,Yes,DSL,73.0,Yes,Yes,Yes,Yes,Yes,Yes,Yes,Yes
7508-KBIMB,,Yes,2.31,No,Yes,Cable,53.0,Yes,No,Yes,No,No,No,No,Yes
7508-MYBOG,Offer D,Yes,7.26,Yes,Yes,Fiber Optic,42.0,No,No,No,No,Yes,No,No,Yes
7508-SMHXL,,Yes,1.67,Yes,Yes,Fiber Optic,21.0,No,Yes,No,No,Yes,No,No,Yes
7511-YMXVQ,,No,,,Yes,Cable,20.0,No,No,No,No,Yes,Yes,Yes,No
7515-LODFU,,Yes,20.62,No,No,,,,,,,,,,
7516-GMHUV,,Yes,40.9,Yes,Yes,Fiber Optic,8.0,Yes,No,Yes,No,Yes,Yes,Yes,Yes
7517-LDMPS,,Yes,2.57,No,Yes,Fiber Optic,25.0,No,Yes,No,No,No,Yes,Yes,Yes
7517-SAWMO,Offer D,Yes,25.75,No,Yes,Fiber Optic,22.0,Yes,No,No,No,No,No,No,Yes
7519-JTWQH,Offer A,Yes,23.92,Yes,Yes,Fiber Optic,42.0,No,Yes,Yes,Yes,Yes,Yes,Yes,Yes
7520-HQWJU,,Yes,23.2,Yes,Yes,DSL,59.0,Yes,Yes,Yes,No,No,No,No,Yes
7521-AFHAB,Offer E,Yes,35.6,No,Yes,Cable,19.0,No,No,No,No,No,No,No,Yes
7521-YXVZY,Offer E,Yes,5.15,No,No,,,,,,,,,,
7524-VRLPL,Offer A,Yes,13.36,Yes,Yes,Cable,10.0,Yes,No,Yes,Yes,No,Yes,Yes,Yes
7526-BEZQB,Offer D,Yes,44.71,Yes,Yes,Cable,25.0,No,No,No,No,Yes,Yes,Yes,Yes
7526-IVLYU,,Yes,35.59,No,No,,,,,,,,,,
7527-QNRUS,Offer D,Yes,45.24,Yes,No,,,,,,,,,,
7529-ZDFXI,,Yes,36.66,Yes,Yes,Fiber Optic,9.0,No,Yes,No,No,No,Yes,No,Yes
7530-HDYDS,,Yes,17.66,No,Yes,Fiber Optic,41.0,No,Yes,Yes,Yes,No,No,Yes,Yes
7531-GQHME,Offer D,Yes,38.96,No,No,,,,,,,,,,
7534-BFESC,Offer C,Yes,30.87,Yes,Yes,Fiber Optic,15.0,No,No,No,No,No,No,No,Yes
7537-CBQUZ,,Yes,26.11,Yes,Yes,Fiber Optic,20.0,Yes,Yes,Yes,No,Yes,Yes,Yes,Yes
7537-RBWEA,,No,,,Yes,Cable,52.0,No,No,No,No,No,No,No,Yes
7538-GWHML,Offer E,Yes,7.64,No,Yes,Fiber Optic,27.0,No,No,No,No,No,No,No,Yes
7541-YLXCL,,Yes,26.51,No,Yes,Cable,85.0,No,Yes,No,Yes,No,Yes,Yes,Yes
7542-CYDDM,,Yes,22.97,No,No,,,,,,,,,,
7544-ZVIKX,,Yes,33.82,Yes,Yes,Fiber Optic,10.0,No,No,Yes,Yes,Yes,Yes,Yes,Yes
7547-EKNFS,Offer B,Yes,18.26,Yes,Yes,Fiber Optic,29.0,No,Yes,Yes,No,Yes,No,No,Yes
7548-SEPYI,Offer E,Yes,32.12,No,Yes,Fiber Optic,10.0,No,Yes,No,No,Yes,Yes,Yes,Yes
7549-MYGPK,Offer B,Yes,8.98,Yes,Yes,Fiber Optic,16.0,Yes,Yes,Yes,No,Yes,No,No,No
7550-WIQVA,,Yes,41.58,Yes,Yes,Fiber Optic,19.0,Yes,Yes,Yes,No,Yes,Yes,Yes,Yes
7551-DACSP,Offer E,Yes,1.86,No,Yes,DSL,19.0,No,Yes,Yes,No,No,No,No,Yes
7551-JOHTI,,Yes,32.45,No,No,,,,,,,,,,
7552-KEYGT,Offer C,Yes,44.19,No,No,,,,,,,,,,
7554-AKDQF,Offer E,Yes,5.69,No,Yes,DSL,27.0,No,No,No,No,No,No,No,Yes
7554-NEWDD,,Yes,32.1,Yes,No,,,,,,,,,,
7558-IMLMT,,Yes,8.82,No,No,,,,,,,,,,
7560-QJAVJ,,Yes,47.72,No,Yes,DSL,28.0,Yes,No,Yes,Yes,Yes,Yes,Yes,Yes
7560-QRBXH,,Yes,9.19,No,No,,,,,,,,,,
7562-GSUHK,,Yes,40.76,No,Yes,Fiber Optic,7.0,No,Yes,Yes,No,No,Yes,Yes,Yes
7562-UXTPG,,Yes,26.13,No,Yes,Fiber Optic,28.0,No,No,No,No,No,No,No,Yes
7563-BIUPC,Offer E,Yes,5.78,No,Yes,Fiber Optic,52.0,No,No,No,No,Yes,No,No,No
7564-GHCVB,Offer A,Yes,7.29,Yes,Yes,Fiber Optic,53.0,Yes,No,No,No,No,No,No,No
7566-DSRLQ,Offer A,Yes,12.85,Yes,Yes,Fiber Optic,24.0,No,Yes,Yes,Yes,Yes,Yes,Yes,No
7567-ECMCM,,Yes,35.3,No,Yes,Fiber Optic,41.0,No,No,No,No,No,Yes,Yes,Yes
7568-PODML,,No,,,Yes,DSL,18.0,No,No,No,No,Yes,Yes,Yes,Yes
7569-NMZYQ,,Yes,41.14,Yes,Yes,Fiber Optic,53.0,Yes,Yes,Yes,Yes,Yes,Yes,Yes,Yes
7570-WELNY,Offer A,Yes,7.87,Yes,Yes,Fiber Optic,4.0,Yes,Yes,No,No,No,No,No,Yes
7571-YXDAD,,Yes,38.28,Yes,Yes,Fiber Optic,18.0,No,No,No,No,No,No,No,Yes
7572-KPVKK,Offer B,Yes,17.67,Yes,Yes,Fiber Optic,19.0,No,No,Yes,Yes,Yes,Yes,Yes,Yes
7576-ASEJU,Offer B,Yes,25.16,No,Yes,DSL,11.0,Yes,No,No,Yes,Yes,Yes,Yes,Yes
7576-JMYWV,Offer B,Yes,20.42,Yes,Yes,Fiber Optic,16.0,Yes,Yes,No,Yes,Yes,Yes,No,Yes
7576-OYWBN,,Yes,30.25,Yes,Yes,Fiber Optic,28.0,No,No,No,No,No,No,No,Yes
7577-SWIFR,,Yes,16.64,No,Yes,Fiber Optic,2.0,No,No,No,No,Yes,Yes,Yes,Yes
7579-KKLOE,Offer A,Yes,46.53,Yes,Yes,DSL,3.0,Yes,Yes,Yes,Yes,Yes,Yes,Yes,Yes
7579-OOPEC,Offer E,Yes,6.86,No,Yes,DSL,20.0,No,Yes,No,No,No,No,No,Yes
7580-UGXNC,,Yes,25.74,No,Yes,DSL,6.0,Yes,Yes,No,No,No,No,No,Yes
7581-EBBOU,,Yes,38.88,No,Yes,DSL,2.0,No,Yes,Yes,Yes,Yes,No,No,Yes
7586-ZATGZ,,Yes,17.83,Yes,Yes,Fiber Optic,27.0,No,No,No,No,Yes,No,No,Yes
7587-AOVVU,,Yes,14.07,Yes,Yes,Fiber Optic,15.0,Yes,Yes,No,Yes,Yes,No,No,Yes
7587-RZNME,Offer E,Yes,48.84,No,Yes,DSL,41.0,No,No,No,No,No,No,Yes,Yes
7590-VHVEG,Offer E,No,,,Yes,DSL,10.0,No,Yes,No,No,No,No,No,Yes
7593-JNWRU,Offer E,Yes,49.2,No,Yes,DSL,21.0,No,No,No,No,No,No,No,Yes
7593-XFKDI,,Yes,48.22,No,Yes,DSL,21.0,No,No,No,No,No,No,No,Yes
7594-LZNWR,Offer C,Yes,13.56,No,Yes,Fiber Optic,30.0,No,No,No,No,No,No,No,Yes
7594-RQHXR,Offer E,Yes,21.72,No,Yes,Fiber Optic,52.0,No,No,No,No,No,Yes,Yes,Yes
7595-EHCDL,,No,,,Yes,DSL,19.0,No,No,Yes,No,Yes,Yes,Yes,Yes
7595-EUIVN,,Yes,14.48,No,Yes,Fiber Optic,26.0,No,Yes,No,No,No,No,No,Yes
7596-IIWYC,,Yes,35.77,No,No,,,,,,,,,,
7596-LDUXP,Offer D,Yes,15.97,No,Yes,Fiber Optic,19.0,Yes,No,No,No,Yes,No,No,Yes
7596-ZYWBB,Offer B,Yes,43.29,No,Yes,DSL,76.0,Yes,Yes,No,Yes,No,No,No,No
7598-UAASY,Offer E,Yes,20.5,No,Yes,Fiber Optic,51.0,No,No,Yes,No,No,No,No,Yes
7599-FKVXZ,,Yes,2.41,Yes,Yes,Fiber Optic,21.0,No,No,Yes,Yes,Yes,Yes,Yes,Yes
7599-NTMDP,Offer B,No,,,Yes,Cable,26.0,Yes,Yes,No,Yes,Yes,No,No,No
7601-DHFWZ,Offer B,Yes,30.82,Yes,No,,,,,,,,,,
7601-GNDYK,Offer C,Yes,20.85,No,No,,,,,,,,,,
7601-WFVZV,Offer E,Yes,17.94,No,No,,,,,,,,,,
7602-DBTOU,,Yes,37.83,No,No,,,,,,,,,,
7602-MVRMB,,Yes,46.63,Yes,Yes,Fiber Optic,14.0,Yes,No,Yes,Yes,Yes,Yes,Yes,Yes
7603-USHJS,Offer D,Yes,14.96,Yes,Yes,Fiber Optic,59.0,No,No,No,No,No,No,Yes,Yes
7605-BDWDC,,No,,,Yes,DSL,10.0,Yes,Yes,No,Yes,No,Yes,Yes,Yes
7605-SNLQG,Offer B,Yes,6.49,No,Yes,DSL,22.0,No,No,Yes,No,No,No,No,Yes
7606-BPHHN,Offer A,Yes,30.44,No,No,,,,,,,,,,
7607-QKKTJ,,Yes,33.45,Yes,Yes,Fiber Optic,69.0,No,Yes,Yes,No,No,Yes,Yes,No
7608-RGIRO,Offer B,Yes,17.56,Yes,No,,,,,,,,,,
7609-NRNCA,,Yes,42.42,No,No,,,,,,,,,,
7609-YBPXG,,Yes,18.54,Yes,Yes,DSL,26.0,Yes,No,Yes,Yes,Yes,Yes,Yes,No
7610-TVOPG,,Yes,7.96,Yes,No,,,,,,,,,,
7611-YKYTC,Offer D,Yes,38.82,No,Yes,Fiber Optic,19.0,Yes,No,No,No,No,No,No,Yes
7613-LLQFO,,Yes,12.36,Yes,Yes,Fiber Optic,23.0,No,No,No,No,Yes,No,No,Yes
7614-QVWQL,,No,,,Yes,DSL,5.0,No,Yes,No,No,Yes,Yes,Yes,No
7615-ESMYF,,No,,,Yes,Cable,51.0,No,No,No,No,Yes,Yes,Yes,Yes
7617-EYGLW,Offer E,Yes,46.59,No,No,,,,,,,,,,
7619-ODSGN,Offer C,Yes,17.27,Yes,Yes,DSL,18.0,Yes,No,No,No,No,No,No,Yes
7619-PLRLP,Offer B,Yes,37.14,Yes,Yes,Cable,4.0,Yes,Yes,Yes,No,No,Yes,Yes,Yes
7621-VPNET,,Yes,20.58,Yes,Yes,Fiber Optic,13.0,No,No,Yes,Yes,No,No,No,Yes
7622-FWGEW,,Yes,31.68,No,Yes,DSL,30.0,Yes,Yes,Yes,Yes,Yes,Yes,No,Yes
7622-NXQZR,Offer C,No,,,Yes,DSL,48.0,No,No,No,Yes,No,No,No,Yes
7623-HKYRK,,Yes,27.78,No,No,,,,,,,,,,
7623-TRNQN,,Yes,39.6,No,Yes,DSL,17.0,No,No,No,Yes,No,No,No,Yes
7625-XCQRH,,Yes,15.6,Yes,Yes,Fiber Optic,4.0,No,No,No,No,No,No,No,Yes
7627-JKIAZ,,Yes,37.49,Yes,Yes,Fiber Optic,29.0,No,No,Yes,No,No,No,No,Yes
7629-WFGLW,Offer B,Yes,11.55,Yes,Yes,Fiber Optic,27.0,Yes,Yes,Yes,Yes,No,No,No,Yes
7629-WIXZF,,Yes,6.83,No,Yes,DSL,17.0,Yes,No,No,No,No,Yes,Yes,Yes
7632-MNYOY,,Yes,9.9,Yes,Yes,Fiber Optic,25.0,No,Yes,Yes,Yes,Yes,Yes,No,Yes
7632-YUTXB,Offer C,Yes,13.06,No,No,,,,,,,,,,
7633-MVPUY,Offer B,Yes,49.29,No,Yes,Cable,22.0,Yes,Yes,No,Yes,No,No,No,Yes
7634-HLQJR,,Yes,1.44,No,No,,,,,,,,,,
7634-WSWDB,,No,,,Yes,DSL,51.0,Yes,No,No,No,No,Yes,Yes,Yes
7636-OWBPG,,No,,,Yes,DSL,4.0,No,Yes,No,No,No,No,No,Yes
7636-PEPNS,,Yes,22.65,No,Yes,Cable,25.0,No,No,No,No,No,No,No,No
7636-XUHWW,Offer E,Yes,3.82,No,No,,,,,,,,,,
7638-QVMVY,,Yes,26.09,No,Yes,Fiber Optic,2.0,No,No,No,No,Yes,No,No,Yes
7639-LIAYI,Offer B,Yes,29.16,Yes,Yes,Cable,73.0,Yes,No,No,Yes,Yes,Yes,Yes,Yes
7639-OPLNG,Offer A,Yes,27.97,Yes,Yes,Cable,2.0,Yes,Yes,Yes,Yes,Yes,No,No,Yes
7639-SUPCW,,Yes,3.95,No,Yes,DSL,30.0,Yes,No,No,No,No,No,No,No
7641-EUYET,,Yes,49.11,Yes,Yes,Fiber Optic,17.0,Yes,Yes,Yes,No,Yes,No,No,Yes
7641-TQFHN,Offer C,Yes,14.72,Yes,Yes,Fiber Optic,85.0,No,No,No,Yes,Yes,Yes,Yes,Yes
7643-RCHXS,Offer B,Yes,41.84,No,No,,,,,,,,,,
7644-OMVMY,,Yes,15.51,No,No,,,,,,,,,,
7647-GYYKX,,Yes,41.93,No,No,,,,,,,,,,
7649-PHJVR,Offer D,Yes,33.48,No,No,,,,,,,,,,
7649-SIJJF,Offer A,Yes,10.97,Yes,Yes,DSL,20.0,Yes,Yes,Yes,Yes,No,Yes,Yes,Yes
7654-YWJUF,,Yes,15.2,No,Yes,Fiber Optic,21.0,Yes,No,Yes,Yes,No,No,No,Yes
7657-DYEPJ,Offer C,Yes,5.75,No,Yes,Cable,30.0,No,Yes,Yes,Yes,Yes,No,No,Yes
7658-UYUQS,,Yes,22.3,No,Yes,Fiber Optic,9.0,No,No,Yes,No,Yes,No,No,Yes
7660-HDPJV,,Yes,10.08,No,Yes,Fiber Optic,18.0,No,No,No,No,No,No,No,Yes
7661-CPURM,Offer D,Yes,43.11,No,Yes,Fiber Optic,2.0,No,No,No,Yes,No,Yes,Yes,Yes
7663-CUXZB,Offer B,Yes,14.98,Yes,Yes,Fiber Optic,19.0,Yes,Yes,Yes,Yes,Yes,Yes,Yes,Yes
7663-RGWBC,,Yes,8.77,No,Yes,DSL,10.0,No,No,No,No,No,No,No,Yes
7663-YJHSN,Offer A,Yes,44.27,Yes,Yes,Fiber Optic,8.0,Yes,Yes,Yes,Yes,Yes,No,No,No
7663-ZTEGJ,,Yes,49.92,Yes,Yes,Fiber Optic,23.0,No,Yes,Yes,Yes,No,Yes,Yes,No
7665-NKLAV,,No,,,Yes,Cable,71.0,Yes,No,Yes,Yes,No,No,No,Yes
7665-TOALD,,Yes,14.19,No,Yes,Fiber Optic,59.0,No,No,No,No,No,No,Yes,Yes
7665-VIGUD,,Yes,17.4,No,No,,,,,,,,,,
7666-WKRON,,Yes,24.45,No,Yes,Fiber Optic,27.0,No,No,Yes,Yes,No,No,No,Yes
7668-XCFYV,,Yes,3.83,Yes,Yes,Fiber Optic,20.0,No,No,No,No,Yes,Yes,No,Yes
7669-LCRSD,Offer D,Yes,17.27,No,Yes,Cable,29.0,No,No,No,No,Yes,No,No,Yes
7670-ZBPOQ,Offer B,Yes,26.36,Yes,Yes,DSL,8.0,Yes,No,No,Yes,No,No,No,No
7672-VFMXZ,,Yes,15.48,No,Yes,Cable,15.0,Yes,No,No,Yes,No,No,No,Yes
7673-BQGKU,,Yes,11.47,No,No,,,,,,,,,,
7673-LPRNY,,Yes,48.88,Yes,Yes,DSL,12.0,Yes,No,Yes,No,Yes,Yes,Yes,Yes
7674-YTAFD,Offer C,Yes,42.29,No,Yes,Fiber Optic,13.0,No,Yes,No,Yes,No,No,No,Yes
7675-OZCZG,,Yes,30.14,No,Yes,DSL,6.0,No,No,No,No,No,No,No,No
7677-SJJJK,Offer E,Yes,48.39,No,No,,,,,,,,,,
7682-AZNDK,,Yes,18.36,No,Yes,Fiber Optic,85.0,No,Yes,Yes,No,Yes,No,No,Yes
7683-CBDKJ,,Yes,45.6,No,Yes,Cable,19.0,Yes,Yes,No,No,Yes,No,No,Yes
7684-XSZIY,Offer A,Yes,20.42,Yes,No,,,,,,,,,,
7688-AWMDX,,Yes,48.32,No,Yes,DSL,59.0,Yes,No,No,Yes,No,No,No,Yes
7690-KPNCU,Offer B,Yes,26.64,No,Yes,DSL,71.0,Yes,No,Yes,No,Yes,Yes,Yes,Yes
7691-KGKGP,Offer B,Yes,2.11,No,Yes,DSL,19.0,No,Yes,No,Yes,Yes,No,No,Yes
7691-XVTZH,Offer A,Yes,28.36,Yes,Yes,Fiber Optic,82.0,No,No,Yes,No,Yes,No,No,Yes
7693-LCKZL,,Yes,11.54,Yes,Yes,Fiber Optic,19.0,No,Yes,No,No,No,No,No,Yes
7693-QPEFS,Offer B,Yes,42.19,Yes,Yes,Fiber Optic,11.0,No,No,No,No,No,No,No,Yes
7694-VLBWQ,Offer A,Yes,8.18,Yes,Yes,Fiber Optic,3.0,No,Yes,Yes,No,Yes,Yes,Yes,Yes
7695-PKLCZ,,Yes,48.41,No,No,,,,,,,,,,
7696-AMHOD,,Yes,9.07,No,Yes,DSL,82.0,No,Yes,Yes,No,Yes,Yes,Yes,Yes
7696-CFTAT,,Yes,8.21,No,No,,,,,,,,,,
7698-YFGEZ,Offer E,Yes,25.99,No,No,,,,,,,,,,
7703-ZEKEF,Offer D,Yes,18.7,Yes,Yes,Fiber Optic,24.0,No,No,Yes,No,No,No,No,Yes
7706-DZNKK,Offer D,Yes,44.53,No,No,,,,,,,,,,
7706-YLMQA,,Yes,10.0,No,No,,,,,,,,,,
7707-PYBBH,,Yes,36.98,No,Yes,DSL,21.0,Yes,Yes,No,Yes,No,No,No,Yes
7710-JSYOA,Offer A,Yes,28.53,Yes,Yes,Fiber Optic,24.0,No,Yes,No,Yes,No,Yes,Yes,Yes
7711-GQBZC,,Yes,19.49,Yes,No,,,,,,,,,,
7711-YIJWC,Offer B,Yes,12.72,No,Yes,Cable,48.0,Yes,Yes,Yes,Yes,Yes,Yes,Yes,Yes
7714-YXSMB,Offer C,Yes,25.66,Yes,Yes,Fiber Optic,3.0,No,No,Yes,No,Yes,Yes,Yes,Yes
7716-YTYHG,Offer B,Yes,23.95,Yes,Yes,Fiber Optic,30.0,No,No,No,No,No,Yes,Yes,Yes
7717-BICXI,Offer B,Yes,15.65,No,No,,,,,,,,,,
7718-RXDGG,Offer D,Yes,24.17,No,Yes,Fiber Optic,10.0,No,No,No,No,No,No,No,No
7718-UPSKJ,Offer A,Yes,24.17,No,Yes,Fiber Optic,5.0,Yes,Yes,No,Yes,Yes,Yes,Yes,Yes
7721-DVEKZ,Offer E,Yes,23.67,No,No,,,,,,,,,,
7721-JXEAW,Offer B,No,,,Yes,DSL,69.0,No,Yes,No,No,No,Yes,Yes,Yes
7722-CVFXN,,Yes,7.25,Yes,Yes,Fiber Optic,57.0,No,Yes,No,Yes,Yes,Yes,Yes,Yes
7722-VJRQD,,No,,,Yes,Cable,15.0,Yes,No,Yes,Yes,Yes,Yes,Yes,Yes
7727-SHVZV,,Yes,43.83,No,No,,,,,,,,,,
7729-JTEEC,,Yes,30.87,No,Yes,DSL,19.0,No,No,No,No,No,No,No,Yes
7729-XBTWX,,Yes,31.53,No,No,,,,,,,,,,
7730-CLDSV,Offer A,Yes,35.21,Yes,Yes,Fiber Optic,10.0,No,Yes,Yes,Yes,No,Yes,Yes,Yes
7730-IUTDZ,,Yes,34.0,No,Yes,Fiber Optic,11.0,Yes,No,No,No,No,No,No,Yes
7733-UDMTP,Offer B,No,,,Yes,DSL,26.0,No,Yes,Yes,No,Yes,Yes,Yes,Yes
7734-DBOAI,,No,,,Yes,DSL,12.0,No,No,No,Yes,Yes,No,No,No
7739-LAXOG,,Yes,46.92,Yes,Yes,Fiber Optic,9.0,No,No,Yes,No,No,Yes,Yes,No
7740-BTPUX,Offer B,Yes,12.91,Yes,Yes,Fiber Optic,21.0,No,Yes,Yes,Yes,Yes,Yes,No,Yes
7740-KKCXF,,No,,,Yes,DSL,6.0,No,Yes,No,No,No,No,No,Yes
7742-MYPGI,,Yes,49.45,No,Yes,DSL,10.0,No,No,No,Yes,No,No,No,Yes
7743-EXURX,Offer E,Yes,3.85,No,Yes,DSL,20.0,No,No,Yes,No,No,No,No,Yes
7746-AWNQW,Offer C,No,,,Yes,DSL,2.0,No,No,Yes,Yes,No,No,No,Yes
7746-QYVCO,Offer D,Yes,21.04,No,Yes,Cable,17.0,Yes,Yes,No,No,No,No,No,Yes
7748-UMTRK,,Yes,37.42,Yes,Yes,Fiber Optic,17.0,No,No,No,Yes,Yes,Yes,Yes,Yes
7750-EYXWZ,,No,,,Yes,Cable,24.0,No,Yes,Yes,Yes,Yes,Yes,Yes,Yes
7752-XUSCI,,Yes,10.7,Yes,Yes,Fiber Optic,71.0,No,Yes,Yes,No,Yes,Yes,Yes,Yes
7753-USQYQ,Offer B,Yes,27.65,No,Yes,Cable,26.0,No,Yes,No,Yes,No,Yes,Yes,No
7754-IXRMC,,Yes,12.46,No,Yes,DSL,14.0,No,No,No,No,No,No,No,Yes
7758-UJWYS,,No,,,Yes,DSL,29.0,No,No,No,Yes,Yes,No,No,Yes
7758-XKCBS,,No,,,Yes,DSL,29.0,No,No,No,Yes,No,No,No,No
7760-OYPDY,,Yes,5.85,No,Yes,Fiber Optic,19.0,No,No,No,No,Yes,No,No,No
7762-ONLJY,,Yes,44.13,No,No,,,,,,,,,,
7762-URZQH,,Yes,23.51,Yes,Yes,Fiber Optic,52.0,Yes,No,Yes,No,Yes,Yes,Yes,Yes
7764-BDPEE,,Yes,19.58,No,No,,,,,,,,,,
7765-LWVVH,,Yes,18.74,Yes,Yes,Fiber Optic,19.0,Yes,Yes,No,No,Yes,No,No,Yes
7766-CLTIC,,Yes,8.35,No,Yes,Cable,29.0,No,No,No,Yes,No,Yes,Yes,Yes
7767-UXAGJ,,Yes,28.25,Yes,Yes,Cable,9.0,No,No,No,No,No,No,No,Yes
7771-CFQRQ,,Yes,30.06,No,Yes,DSL,57.0,No,Yes,No,Yes,No,Yes,Yes,No
7771-ZONAT,,No,,,Yes,DSL,19.0,No,No,Yes,Yes,Yes,Yes,Yes,Yes
7774-OJSXI,,Yes,9.27,Yes,Yes,Fiber Optic,30.0,No,Yes,Yes,No,Yes,Yes,Yes,Yes
7776-QGYJC,Offer C,Yes,40.68,No,Yes,Fiber Optic,76.0,No,No,Yes,Yes,No,No,No,Yes
7776-QWNFX,,Yes,4.65,No,Yes,DSL,29.0,No,Yes,No,No,No,No,No,Yes
7777-UNYHB,,Yes,24.65,No,No,,,,,,,,,,
7779-LGOVN,,Yes,46.5,Yes,Yes,Cable,4.0,No,No,No,No,No,Yes,No,Yes
7779-ORAEL,,Yes,9.39,Yes,Yes,DSL,22.0,Yes,No,Yes,Yes,No,Yes,No,Yes
7780-OTDSO,,Yes,11.3,Yes,Yes,Fiber Optic,16.0,Yes,No,No,No,Yes,Yes,Yes,Yes
7781-EWARA,Offer A,No,,,Yes,Cable,47.0,No,Yes,Yes,Yes,Yes,Yes,Yes,Yes
7781-HVGMK,Offer A,No,,,Yes,DSL,30.0,Yes,Yes,Yes,Yes,Yes,Yes,Yes,Yes
7783-YKGDV,Offer D,Yes,16.07,Yes,Yes,Fiber Optic,14.0,Yes,Yes,Yes,No,No,Yes,Yes,Yes
7785-RDVIG,,Yes,10.13,No,No,,,,,,,,,,
7786-WBJYI,,Yes,30.95,Yes,Yes,Fiber Optic,26.0,No,Yes,No,No,No,No,No,Yes
7787-BNTZM,,Yes,6.93,No,No,,,,,,,,,,
7789-CRUVC,,Yes,33.75,Yes,Yes,Fiber Optic,29.0,Yes,Yes,Yes,Yes,No,No,No,Yes
7789-HKSBS,,Yes,35.38,Yes,Yes,Fiber Optic,7.0,Yes,No,Yes,No,Yes,Yes,Yes,Yes
7794-JASDG,Offer E,Yes,45.77,No,Yes,DSL,20.0,Yes,No,No,No,No,No,No,Yes
7795-CFOCW,,No,,,Yes,DSL,10.0,Yes,No,Yes,Yes,No,No,No,Yes
7797-EJMDP,Offer E,Yes,33.54,No,Yes,DSL,14.0,Yes,No,No,Yes,No,Yes,Yes,Yes
7798-JVXYM,Offer D,Yes,37.01,No,Yes,DSL,29.0,No,No,No,Yes,Yes,Yes,Yes,Yes
7799-DSEWS,Offer D,Yes,48.68,No,Yes,DSL,48.0,Yes,No,Yes,Yes,Yes,No,No,Yes
7799-LGRDP,,Yes,25.53,Yes,No,,,,,,,,,,
7801-CEDNV,,Yes,9.01,No,Yes,DSL,5.0,Yes,No,No,No,No,No,No,Yes
7801-KICAO,Offer D,Yes,11.36,Yes,Yes,Fiber Optic,13.0,No,No,No,No,No,No,No,Yes
7802-EFKNY,Offer E,No,,,Yes,DSL,7.0,No,No,No,No,No,No,No,Yes
7803-XOCCZ,Offer B,Yes,31.96,No,Yes,Fiber Optic,26.0,Yes,No,Yes,Yes,No,No,No,Yes
7808-DVWEP,,Yes,31.06,No,No,,,,,,,,,,
7811-JIVPF,,Yes,42.26,No,Yes,Cable,2.0,No,No,Yes,No,No,No,No,No
7812-FZHPE,Offer D,Yes,18.26,Yes,No,,,,,,,,,,
7813-TKCVO,,Yes,27.96,No,No,,,,,,,,,,
7813-ZGGAW,Offer C,Yes,15.35,Yes,Yes,Fiber Optic,10.0,No,No,Yes,Yes,Yes,No,No,Yes
7814-LEEVE,,Yes,6.64,No,No,,,,,,,,,,
7815-PDTHL,,Yes,42.8,No,No,,,,,,,,,,
7816-VGHTO,Offer E,No,,,Yes,Cable,10.0,No,Yes,Yes,Yes,No,No,No,No
7817-BOQPW,,Yes,41.37,Yes,Yes,Fiber Optic,28.0,No,No,No,No,No,No,No,Yes
7817-OMJNA,Offer D,Yes,36.42,No,No,,,,,,,,,,
7820-ZYGNY,,Yes,9.21,Yes,Yes,Fiber Optic,28.0,No,Yes,No,No,No,Yes,Yes,No
7821-DPRQE,Offer A,Yes,24.01,Yes,Yes,Fiber Optic,48.0,Yes,Yes,No,Yes,Yes,Yes,Yes,Yes
7823-JSOAG,,Yes,6.97,Yes,Yes,Fiber Optic,14.0,No,No,No,No,No,No,No,Yes
7824-PANSQ,,Yes,44.67,Yes,Yes,Fiber Optic,8.0,No,No,No,Yes,No,No,No,Yes
7825-ECJRF,,Yes,28.35,No,Yes,Fiber Optic,19.0,Yes,No,Yes,Yes,Yes,Yes,Yes,No
7825-GKXMW,Offer E,Yes,22.11,No,Yes,DSL,18.0,No,No,No,No,No,No,No,No
7826-VVKWT,,Yes,20.78,No,Yes,Fiber Optic,23.0,No,No,Yes,No,Yes,Yes,Yes,Yes
7831-QGOXH,,Yes,24.4,Yes,Yes,Fiber Optic,71.0,No,No,No,No,Yes,No,Yes,Yes
7833-PKIHD,,Yes,31.66,No,Yes,Cable,3.0,Yes,No,No,Yes,Yes,Yes,Yes,Yes
7838-LAZFO,Offer B,Yes,9.91,No,Yes,Cable,19.0,Yes,Yes,Yes,No,Yes,Yes,Yes,Yes
7839-NUIAA,Offer B,Yes,26.7,Yes,Yes,DSL,30.0,Yes,Yes,No,No,No,No,No,No
7839-QRKXN,Offer E,Yes,48.25,No,No,,,,,,,,,,
7841-FCRQD,,Yes,15.45,No,Yes,Cable,59.0,No,Yes,No,Yes,No,No,No,Yes
7841-TZDMQ,,Yes,49.81,No,Yes,DSL,41.0,No,No,No,No,No,No,Yes,Yes
7845-URHJN,,Yes,11.35,No,No,,,,,,,,,,
7850-THJMU,,Yes,12.71,No,No,,,,,,,,,,
7850-VWJUU,,Yes,24.04,No,Yes,Fiber Optic,22.0,Yes,No,No,No,No,No,No,Yes
7851-FLGGQ,Offer E,No,,,Yes,Cable,19.0,No,Yes,No,Yes,No,Yes,Yes,Yes
7851-WZEKY,Offer E,Yes,38.51,Yes,Yes,Fiber Optic,25.0,No,No,No,No,Yes,Yes,Yes,Yes
7852-LECYP,Offer D,Yes,48.15,Yes,Yes,Fiber Optic,6.0,Yes,Yes,No,No,No,Yes,Yes,Yes
7853-GVUDZ,Offer E,Yes,3.09,No,No,,,,,,,,,,
7853-OETYL,Offer E,No,,,Yes,DSL,13.0,Yes,No,No,No,No,No,No,Yes
7853-WNZSY,Offer E,Yes,1.61,No,No,,,,,,,,,,
7854-EDSSA,Offer D,Yes,49.43,Yes,Yes,Cable,17.0,Yes,Yes,No,No,No,No,No,Yes
7854-EKTJL,,Yes,29.81,No,No,,,,,,,,,,
7854-FOKSF,Offer E,No,,,Yes,Cable,29.0,No,No,No,No,No,Yes,Yes,Yes
7855-DIWPO,Offer D,Yes,30.59,No,Yes,Fiber Optic,11.0,No,No,No,No,No,No,No,Yes
7856-GANIL,Offer B,Yes,2.38,Yes,Yes,Fiber Optic,20.0,No,Yes,Yes,Yes,Yes,No,No,Yes
7858-GTZSP,Offer D,Yes,18.75,Yes,Yes,Fiber Optic,25.0,No,No,No,No,No,Yes,Yes,No
7860-KSUGX,Offer A,Yes,32.67,Yes,Yes,Cable,48.0,Yes,Yes,Yes,No,No,No,No,Yes
7860-UXCRM,,Yes,42.17,No,Yes,DSL,73.0,Yes,Yes,Yes,Yes,Yes,No,No,Yes
7861-UVUFT,,Yes,28.3,No,Yes,Cable,28.0,No,No,Yes,No,Yes,No,No,Yes
7868-BGSZA,,Yes,33.97,Yes,Yes,DSL,69.0,Yes,No,Yes,No,Yes,Yes,Yes,Yes
7868-TMWMZ,,Yes,24.62,No,Yes,Fiber Optic,30.0,Yes,Yes,Yes,Yes,Yes,Yes,No,Yes
7869-ZYDST,,Yes,28.72,Yes,Yes,Cable,21.0,No,No,No,No,Yes,No,No,Yes
7872-BAAZR,Offer B,Yes,30.31,No,No,,,,,,,,,,
7872-RDDLZ,,Yes,48.43,Yes,Yes,DSL,28.0,No,Yes,No,No,No,No,No,Yes
7873-CVMAW,,Yes,46.1,Yes,Yes,DSL,27.0,Yes,Yes,Yes,Yes,Yes,Yes,Yes,Yes
7874-ECPQJ,,Yes,27.37,No,No,,,,,,,,,,
7876-AEHIG,,No,,,Yes,DSL,10.0,Yes,No,Yes,Yes,Yes,Yes,Yes,Yes
7876-BEUTG,Offer D,Yes,26.54,Yes,Yes,DSL,18.0,No,No,No,No,No,No,No,Yes
7876-DNYAP,Offer A,Yes,8.39,No,No,,,,,,,,,,
7878-JGDKK,Offer E,Yes,30.07,No,Yes,Cable,29.0,No,No,No,No,No,No,No,Yes
7878-RTCZG,,Yes,2.38,No,No,,,,,,,,,,
7879-CGSFV,Offer B,Yes,42.19,No,Yes,Fiber Optic,51.0,Yes,Yes,No,No,Yes,Yes,Yes,Yes
7880-XSOJX,,No,,,Yes,DSL,23.0,Yes,Yes,No,Yes,No,No,No,Yes
7881-EVUAD,Offer E,No,,,Yes,DSL,21.0,Yes,Yes,No,No,No,Yes,Yes,Yes
7881-INRLC,Offer B,Yes,14.12,Yes,Yes,Fiber Optic,3.0,No,Yes,No,No,Yes,Yes,Yes,Yes
7883-ROJOC,Offer D,Yes,34.51,No,Yes,Cable,22.0,No,No,No,No,No,No,No,Yes
7890-VYYWG,Offer E,No,,,Yes,DSL,20.0,No,No,No,No,Yes,No,No,Yes
7892-POOKP,Offer C,Yes,4.89,Yes,Yes,Fiber Optic,47.0,No,No,Yes,Yes,Yes,Yes,Yes,Yes
7892-QVYKW,,Yes,9.84,Yes,Yes,Fiber Optic,71.0,No,No,No,No,No,Yes,Yes,Yes
7893-IXHRQ,,Yes,15.91,No,No,,,,,,,,,,
7895-VONWT,Offer C,No,,,Yes,Cable,59.0,No,No,Yes,No,Yes,Yes,Yes,Yes
7898-PDWQE,Offer A,Yes,18.04,Yes,Yes,DSL,41.0,Yes,Yes,Yes,Yes,No,Yes,Yes,Yes
7901-HXJVA,,Yes,18.46,No,Yes,Fiber Optic,26.0,No,No,Yes,No,No,No,No,Yes
7901-IIDQV,,Yes,7.52,Yes,Yes,Cable,85.0,No,No,No,Yes,No,No,No,Yes
7901-TBKJX,,Yes,5.19,Yes,Yes,Fiber Optic,16.0,No,No,Yes,No,Yes,Yes,No,No
7903-CMPEY,,Yes,17.51,Yes,Yes,Fiber Optic,21.0,Yes,No,No,No,No,No,No,Yes
7905-NJMXS,,Yes,3.19,Yes,Yes,Cable,26.0,Yes,Yes,No,Yes,No,No,No,Yes
7905-TVXTA,Offer E,Yes,8.32,No,Yes,DSL,22.0,Yes,No,No,Yes,Yes,No,No,Yes
7908-QCBCA,Offer E,Yes,33.46,No,Yes,Fiber Optic,12.0,No,No,No,No,No,No,No,No
7909-FIOIY,Offer D,No,,,Yes,Cable,85.0,No,No,No,No,No,No,No,Yes
7912-SYRQT,Offer E,Yes,18.99,Yes,Yes,Fiber Optic,23.0,No,No,No,No,No,No,No,Yes
7916-VCCPB,Offer D,Yes,40.03,No,Yes,Fiber Optic,20.0,No,Yes,No,No,No,No,No,Yes
7919-ZODZZ,Offer D,Yes,42.0,No,Yes,DSL,14.0,No,Yes,Yes,No,No,Yes,Yes,Yes
7921-BEPCI,,Yes,12.63,Yes,Yes,DSL,23.0,Yes,Yes,No,No,No,No,No,Yes
7921-LMDFQ,,Yes,4.14,No,Yes,Fiber Optic,21.0,No,No,Yes,No,Yes,Yes,Yes,Yes
7923-IYJWY,,Yes,44.56,Yes,Yes,Fiber Optic,29.0,Yes,Yes,Yes,Yes,Yes,Yes,No,No
7924-GJZFI,,Yes,38.59,No,Yes,Fiber Optic,24.0,No,No,No,No,No,No,No,Yes
7925-PNRGI,Offer B,Yes,10.21,Yes,Yes,DSL,11.0,Yes,Yes,Yes,Yes,Yes,No,No,Yes
7926-IJOOU,Offer E,Yes,16.36,No,No,,,,,,,,,,
7927-AUXBZ,Offer C,Yes,9.34,No,Yes,Fiber Optic,8.0,No,No,No,Yes,Yes,No,No,Yes
7928-VJYAB,Offer D,Yes,38.48,No,Yes,Fiber Optic,19.0,No,No,No,No,Yes,Yes,Yes,Yes
7929-DMBCV,Offer D,Yes,11.39,No,Yes,Fiber Optic,21.0,No,No,Yes,Yes,No,No,No,Yes
7929-SKFGK,Offer A,Yes,21.68,Yes,Yes,Fiber Optic,30.0,Yes,Yes,Yes,Yes,Yes,Yes,Yes,Yes
7931-PXHFC,,Yes,46.21,No,Yes,Cable,14.0,No,No,Yes,Yes,No,Yes,Yes,Yes
7932-WPTDS,,No,,,Yes,DSL,19.0,No,No,No,No,No,No,No,Yes
7938-OUHIO,Offer E,Yes,32.76,No,Yes,Fiber Optic,73.0,No,No,Yes,Yes,Yes,Yes,Yes,Yes
7940-UQQUG,,Yes,13.95,Yes,Yes,Fiber Optic,11.0,Yes,No,No,Yes,Yes,Yes,Yes,Yes
7941-RCJOW,Offer B,Yes,44.7,No,No,,,,,,,,,,
7943-RQCHR,Offer E,Yes,10.07,Yes,Yes,Fiber Optic,26.0,No,No,No,No,Yes,Yes,Yes,No
7945-HLKEA,,Yes,37.95,Yes,Yes,DSL,27.0,Yes,No,Yes,Yes,No,No,No,No
7945-PRBVF,,Yes,17.2,No,No,,,,,,,,,,
7950-XWOVN,Offer D,No,,,Yes,DSL,22.0,No,Yes,Yes,No,No,No,No,No
7951-QKZPL,,Yes,35.31,Yes,No,,,,,,,,,,
7951-VRDVK,,Yes,13.9,No,Yes,Cable,73.0,Yes,Yes,Yes,Yes,Yes,Yes,Yes,No
7952-OBOYL,,Yes,25.1,No,Yes,Fiber Optic,59.0,No,No,Yes,Yes,Yes,No,Yes,Yes
7954-MLBUN,,Yes,10.05,No,Yes,Fiber Optic,14.0,No,No,Yes,Yes,Yes,Yes,Yes,Yes
7956-XQWGU,,Yes,2.59,No,No,,,,,,,,,,
7957-RYHQD,Offer B,Yes,44.86,No,Yes,Fiber Optic,4.0,Yes,Yes,No,No,No,No,No,Yes
7963-GQRMY,Offer E,Yes,44.46,No,Yes,DSL,51.0,No,No,No,No,No,No,Yes,Yes
7963-SHNDT,,No,,,Yes,DSL,7.0,Yes,Yes,No,Yes,No,No,No,No
7964-VEXDG,Offer D,Yes,13.39,Yes,Yes,Fiber Optic,24.0,Yes,No,No,No,No,No,No,Yes
7964-YESJC,,Yes,9.3,Yes,Yes,DSL,27.0,Yes,Yes,Yes,No,No,No,No,Yes
7964-ZRKKG,,Yes,37.6,Yes,Yes,Fiber Optic,23.0,No,Yes,No,No,Yes,No,No,Yes
7966-YOTQW,,Yes,33.98,Yes,Yes,DSL,59.0,Yes,No,No,No,No,No,No,Yes
7967-HYCDE,Offer E,Yes,41.93,No,Yes,Fiber Optic,59.0,No,No,No,No,No,No,Yes,Yes
7968-QUXNS,,Yes,27.54,No,No,,,,,,,,,,
7969-AULMZ,,Yes,9.06,Yes,Yes,Fiber Optic,10.0,No,No,No,No,Yes,Yes,Yes,Yes
7969-FFOWG,Offer B,Yes,18.07,No,No,,,,,,,,,,
7971-HLVXI,Offer A,Yes,44.0,Yes,Yes,Fiber Optic,20.0,No,No,No,No,No,Yes,Yes,Yes
7973-DZRKH,Offer A,Yes,27.09,Yes,Yes,Fiber Optic,51.0,Yes,No,Yes,Yes,No,No,No,Yes
7975-JMZNT,Offer A,Yes,23.27,Yes,Yes,DSL,58.0,Yes,Yes,Yes,Yes,Yes,Yes,Yes,Yes
7975-TZMLR,,Yes,16.64,Yes,Yes,Fiber Optic,8.0,No,Yes,Yes,No,Yes,Yes,Yes,Yes
7976-CICYS,,Yes,27.04,No,No,,,,,,,,,,
7977-HXJKU,Offer D,Yes,27.6,No,No,,,,,,,,,,
7978-DKUQH,,Yes,37.1,No,Yes,Fiber Optic,82.0,No,No,Yes,No,No,No,No,Yes
7979-CORPM,,Yes,35.93,Yes,Yes,Fiber Optic,5.0,No,Yes,No,No,Yes,No,No,Yes
7980-MHFLQ,Offer A,Yes,18.21,Yes,No,,,,,,,,,,
7982-VCELR,,Yes,19.64,No,Yes,Fiber Optic,71.0,No,Yes,No,No,Yes,Yes,Yes,Yes
7989-AWGEH,Offer B,No,,,Yes,DSL,47.0,Yes,No,No,No,No,Yes,Yes,Yes
7989-CHGTL,Offer E,Yes,14.17,No,No,,,,,,,,,,
7989-VCQOH,,Yes,10.29,No,Yes,DSL,59.0,Yes,No,Yes,Yes,Yes,Yes,Yes,Yes
7993-NQLJE,,Yes,32.73,No,Yes,Fiber Optic,17.0,Yes,No,No,No,No,No,No,Yes
7993-PYKOF,,Yes,5.34,No,Yes,Fiber Optic,42.0,Yes,No,No,No,No,No,Yes,Yes
7994-UYIVZ,Offer E,Yes,39.59,Yes,Yes,Fiber Optic,16.0,No,No,No,No,No,Yes,Yes,No
7994-XIRTR,Offer B,Yes,5.14,No,Yes,DSL,6.0,No,No,Yes,Yes,No,Yes,No,Yes
7995-ZHHNZ,Offer B,Yes,20.65,Yes,Yes,DSL,25.0,Yes,No,No,No,No,No,No,Yes
7996-BPXHY,,Yes,35.19,Yes,No,,,,,,,,,,
7996-MHXLW,Offer A,Yes,20.77,Yes,No,,,,,,,,,,
7997-EASSD,Offer B,Yes,38.85,Yes,Yes,Fiber Optic,27.0,No,No,No,Yes,No,No,No,Yes
7998-WNZEM,,Yes,12.27,Yes,Yes,DSL,21.0,Yes,Yes,Yes,Yes,No,Yes,Yes,Yes
7998-ZLXWN,,Yes,12.41,No,No,,,,,,,,,,
8000-REIQB,Offer E,Yes,22.5,No,Yes,Fiber Optic,27.0,No,No,No,No,No,No,No,No
8003-EWNDZ,,Yes,10.46,No,No,,,,,,,,,,
8006-PYCSW,,Yes,35.5,No,No,,,,,,,,,,
8007-YYPWD,,Yes,40.97,Yes,No,,,,,,,,,,
8008-ESFLK,,Yes,6.68,No,Yes,Fiber Optic,25.0,Yes,Yes,Yes,Yes,Yes,Yes,Yes,Yes
8008-HAWED,Offer D,No,,,Yes,Cable,6.0,No,No,Yes,No,Yes,Yes,Yes,No
8008-OTEZX,Offer C,Yes,18.29,No,No,,,,,,,,,,
8010-EZLOU,,Yes,12.08,Yes,Yes,Fiber Optic,5.0,No,Yes,No,No,No,No,No,Yes
8012-SOUDQ,Offer B,Yes,12.58,Yes,Yes,Fiber Optic,26.0,No,Yes,No,No,Yes,No,No,Yes
8015-IHCGW,Offer A,Yes,36.82,Yes,Yes,Fiber Optic,10.0,Yes,Yes,Yes,Yes,Yes,Yes,Yes,Yes
8016-NCFVO,,Yes,29.3,Yes,Yes,Fiber Optic,10.0,Yes,Yes,Yes,Yes,Yes,Yes,No,Yes
8016-ZMGMO,,Yes,44.01,Yes,Yes,Cable,17.0,No,Yes,Yes,No,Yes,No,No,Yes
8017-LXHFA,Offer D,Yes,31.17,No,Yes,Fiber Optic,23.0,No,Yes,No,No,Yes,Yes,No,Yes
8017-UVSZU,,Yes,48.29,Yes,Yes,DSL,23.0,No,Yes,No,No,No,No,No,Yes
8019-ENHXU,Offer B,Yes,34.65,Yes,Yes,Fiber Optic,9.0,No,Yes,Yes,Yes,No,Yes,Yes,No
8020-BWHYL,,Yes,7.99,No,Yes,Fiber Optic,27.0,No,Yes,No,No,No,No,No,Yes
8022-BECSI,,Yes,20.46,No,No,,,,,,,,,,
8023-QHAIO,Offer B,Yes,27.56,Yes,Yes,Fiber Optic,29.0,No,No,No,Yes,No,No,No,No
8024-XNAFQ,,Yes,31.31,Yes,Yes,Fiber Optic,18.0,Yes,Yes,Yes,Yes,No,Yes,Yes,Yes
8028-PNXHQ,Offer B,Yes,48.73,Yes,No,,,,,,,,,,
8029-XYPWT,Offer A,Yes,46.82,Yes,Yes,Fiber Optic,18.0,Yes,Yes,Yes,Yes,Yes,Yes,No,Yes
8033-ATFAS,Offer C,Yes,48.14,No,Yes,Cable,23.0,No,No,Yes,No,Yes,No,No,Yes
8033-VCZGH,,Yes,23.28,Yes,Yes,Fiber Optic,51.0,Yes,No,Yes,No,Yes,Yes,Yes,Yes
8034-RYTVV,,Yes,44.85,Yes,Yes,Fiber Optic,48.0,Yes,No,Yes,No,No,No,No,Yes
8035-BUYVG,Offer B,No,,,Yes,DSL,21.0,Yes,Yes,Yes,No,No,No,No,Yes
8035-PWSEV,Offer E,Yes,35.88,No,Yes,Fiber Optic,10.0,No,No,Yes,Yes,No,Yes,Yes,Yes
8039-ACLPL,Offer A,Yes,12.32,No,Yes,DSL,59.0,Yes,Yes,Yes,No,No,Yes,Yes,Yes
8039-EQPIM,,No,,,Yes,DSL,59.0,Yes,No,Yes,Yes,Yes,Yes,Yes,No
8040-MNRTF,,Yes,37.51,No,Yes,Fiber Optic,10.0,No,No,No,No,No,No,No,Yes
8041-TMEID,,Yes,37.12,Yes,Yes,Fiber Optic,18.0,Yes,Yes,Yes,No,Yes,Yes,Yes,Yes
8042-JVNFH,,Yes,35.28,No,Yes,Fiber Optic,51.0,No,No,No,No,No,No,Yes,Yes
8042-RNLKO,Offer A,Yes,32.22,Yes,No,,,,,,,,,,
8043-PNYSD,Offer B,Yes,10.67,No,No,,,,,,,,,,
8044-BGWPI,Offer D,Yes,33.9,No,No,,,,,,,,,,
8046-DNVTL,Offer B,No,,,Yes,Cable,29.0,Yes,Yes,No,Yes,No,No,No,Yes
8048-DSDFQ,,Yes,13.08,No,No,,,,,,,,,,
8049-WJCLQ,Offer D,Yes,19.77,No,Yes,DSL,12.0,No,No,Yes,No,Yes,No,No,Yes
8050-DVOJX,Offer B,Yes,43.19,Yes,Yes,Cable,10.0,Yes,Yes,Yes,Yes,No,Yes,Yes,Yes
8050-WYBND,,No,,,Yes,DSL,29.0,No,No,Yes,No,Yes,Yes,Yes,Yes
8050-XGRVL,Offer B,Yes,32.92,No,Yes,DSL,71.0,Yes,No,Yes,No,No,No,No,Yes
8051-HJRLT,Offer E,Yes,18.2,No,Yes,Fiber Optic,13.0,No,No,No,No,No,No,No,Yes
8053-WWDRO,,Yes,31.7,No,No,,,,,,,,,,
8058-DMYRU,,Yes,18.58,Yes,Yes,Fiber Optic,14.0,No,Yes,No,No,No,Yes,No,Yes
8058-INTPH,,Yes,22.48,No,Yes,Fiber Optic,5.0,No,No,No,No,Yes,No,No,Yes
8058-JMEQO,Offer E,Yes,12.91,Yes,Yes,Fiber Optic,21.0,No,No,No,No,No,Yes,No,Yes
8059-UDZFY,Offer C,Yes,12.75,Yes,Yes,Fiber Optic,19.0,No,Yes,Yes,No,Yes,Yes,No,Yes
8060-HIWJJ,Offer B,Yes,14.39,Yes,Yes,DSL,7.0,No,Yes,Yes,Yes,Yes,Yes,Yes,Yes
8062-YBDOE,,Yes,7.23,No,Yes,Fiber Optic,2.0,No,No,No,No,No,No,No,Yes
8063-GBATB,,Yes,31.17,Yes,Yes,Fiber Optic,25.0,No,No,No,No,No,Yes,Yes,Yes
8063-RJYNF,,Yes,20.44,No,Yes,Fiber Optic,59.0,Yes,No,No,No,Yes,Yes,Yes,No
8064-RAVOH,Offer E,Yes,42.55,No,Yes,DSL,25.0,No,No,Yes,No,No,No,No,Yes
8065-BVEPF,Offer B,Yes,18.23,No,Yes,Fiber Optic,3.0,No,Yes,Yes,No,Yes,Yes,Yes,Yes
8065-QBYTO,Offer A,Yes,3.91,Yes,Yes,Fiber Optic,12.0,Yes,Yes,No,Yes,Yes,No,No,Yes
8065-YKXKD,,Yes,5.63,Yes,Yes,Fiber Optic,26.0,No,No,No,No,No,No,No,Yes
8066-POXGX,Offer D,No,,,Yes,Cable,53.0,No,No,No,No,No,Yes,Yes,Yes
8067-NIOYM,Offer C,Yes,20.6,No,No,,,,,,,,,,
8069-RHUXK,,No,,,Yes,Cable,30.0,Yes,No,No,Yes,No,No,No,Yes
8069-YQQAJ,Offer D,No,,,Yes,Cable,12.0,No,Yes,No,No,No,No,No,Yes
8070-AAWZP,,No,,,Yes,Cable,28.0,No,No,Yes,Yes,No,No,No,Yes
8071-SBTRN,,Yes,23.15,Yes,Yes,Fiber Optic,17.0,Yes,Yes,Yes,No,Yes,Yes,Yes,Yes
8073-IJDCM,Offer E,Yes,26.37,No,No,,,,,,,,,,
8075-GXIUB,,Yes,22.79,No,No,,,,,,,,,,
8076-FEZKJ,,Yes,15.71,No,No,,,,,,,,,,
8079-XRJRS,Offer B,Yes,49.33,Yes,Yes,Fiber Optic,16.0,Yes,Yes,Yes,No,No,No,No,Yes
8080-DDEMJ,Offer E,Yes,15.28,No,Yes,Cable,14.0,No,No,No,No,No,No,No,Yes
8080-POTJR,Offer C,Yes,6.74,Yes,Yes,DSL,18.0,Yes,No,Yes,No,Yes,Yes,Yes,Yes
8082-GHXOP,Offer D,Yes,26.63,No,Yes,DSL,27.0,No,No,No,No,No,No,Yes,Yes
8083-YTZES,,Yes,47.82,Yes,Yes,Fiber Optic,13.0,No,No,No,No,No,No,No,Yes
8084-OIVBS,Offer D,Yes,46.49,No,No,,,,,,,,,,
8085-MSNLK,Offer B,Yes,42.68,Yes,Yes,Fiber Optic,51.0,Yes,Yes,Yes,Yes,Yes,Yes,Yes,Yes
8086-OVPWV,,Yes,26.47,No,Yes,Fiber Optic,10.0,No,No,No,No,No,Yes,Yes,No
8087-LGYHQ,Offer E,Yes,15.53,No,Yes,Fiber Optic,14.0,No,No,Yes,No,Yes,Yes,Yes,Yes
8089-UZWLX,Offer A,Yes,47.86,Yes,Yes,Fiber Optic,16.0,No,No,Yes,No,Yes,Yes,No,Yes
8091-TTVAX,Offer B,Yes,5.69,Yes,Yes,Fiber Optic,10.0,No,No,Yes,No,Yes,Yes,Yes,Yes
8092-NLTGF,Offer A,Yes,29.29,Yes,No,,,,,,,,,,
8095-WANWK,Offer D,Yes,3.55,No,Yes,DSL,29.0,No,No,No,No,No,No,No,No
8096-LOIST,Offer D,Yes,40.22,No,Yes,Cable,22.0,No,No,No,No,No,Yes,Yes,Yes
8097-OMULG,,Yes,15.94,No,Yes,DSL,19.0,No,Yes,Yes,Yes,Yes,Yes,Yes,Yes
8097-VBQTZ,Offer B,Yes,27.62,No,Yes,Cable,24.0,Yes,Yes,No,Yes,Yes,No,No,Yes
8098-LLAZX,Offer E,Yes,31.61,Yes,Yes,Fiber Optic,2.0,No,No,No,No,Yes,Yes,No,Yes
8098-TDCBU,,Yes,33.63,Yes,No,,,,,,,,,,
8099-MZPUJ,,Yes,12.57,Yes,Yes,Fiber Optic,18.0,Yes,Yes,Yes,Yes,Yes,Yes,Yes,Yes
8100-HZZLJ,,Yes,5.6,No,Yes,Cable,30.0,Yes,Yes,No,No,No,Yes,Yes,Yes
8100-PNJMH,,Yes,41.61,Yes,Yes,Cable,14.0,Yes,Yes,Yes,Yes,Yes,Yes,Yes,Yes
8104-OSKWT,Offer D,Yes,14.42,Yes,Yes,Fiber Optic,14.0,Yes,No,No,No,No,No,No,Yes
8106-GWQOK,,No,,,Yes,Cable,25.0,Yes,Yes,No,Yes,Yes,Yes,Yes,Yes
8107-KNCIM,,Yes,45.46,Yes,Yes,Fiber Optic,4.0,No,No,No,No,No,No,No,Yes
8107-RZLNV,,Yes,15.09,Yes,Yes,Fiber Optic,85.0,No,Yes,Yes,No,Yes,Yes,Yes,Yes
8108-UXRQN,,No,,,Yes,Cable,41.0,Yes,No,No,No,Yes,Yes,Yes,Yes
8109-YUOHE,,Yes,36.47,No,Yes,Cable,15.0,Yes,Yes,No,No,No,No,No,Yes
8111-BKVDS,Offer D,No,,,Yes,DSL,24.0,Yes,Yes,Yes,No,No,No,No,Yes
8111-RKSPX,Offer E,Yes,29.98,Yes,Yes,Fiber Optic,71.0,No,No,No,No,No,No,Yes,Yes
8111-SLLHI,,Yes,33.25,Yes,Yes,Fiber Optic,26.0,No,Yes,Yes,No,Yes,Yes,Yes,Yes
8118-LSUEL,,Yes,17.62,Yes,Yes,Fiber Optic,29.0,No,Yes,Yes,No,Yes,Yes,No,Yes
8118-TJAFG,,Yes,36.94,No,Yes,Fiber Optic,16.0,No,Yes,No,Yes,Yes,Yes,Yes,Yes
8120-JDCAM,,Yes,37.23,No,Yes,Fiber Optic,23.0,No,No,No,No,No,No,No,Yes
8123-QBNAZ,,Yes,43.7,Yes,Yes,Fiber Optic,26.0,Yes,No,Yes,No,Yes,Yes,Yes,Yes
8124-NZVGJ,,No,,,Yes,Cable,48.0,No,No,No,Yes,Yes,Yes,Yes,Yes
8125-QPFJD,,Yes,1.34,Yes,Yes,DSL,19.0,Yes,No,Yes,Yes,Yes,Yes,Yes,Yes
8128-YVJRG,,Yes,40.32,Yes,Yes,Fiber Optic,18.0,Yes,No,No,No,No,No,No,Yes
8129-GMVGI,,Yes,35.38,No,No,,,,,,,,,,
8132-YPVBX,,Yes,40.64,No,Yes,Fiber Optic,51.0,No,Yes,No,No,No,Yes,Yes,Yes
8133-ANHHJ,Offer B,Yes,36.47,Yes,Yes,Fiber Optic,21.0,Yes,Yes,Yes,Yes,No,Yes,Yes,Yes
8138-EALND,,Yes,3.49,No,No,,,,,,,,,,
8143-ETQTI,Offer D,Yes,1.88,No,No,,,,,,,,,,
8144-DGHXP,,Yes,36.68,No,Yes,DSL,28.0,Yes,No,Yes,Yes,Yes,Yes,Yes,No
8146-QQKZH,Offer A,Yes,6.23,No,Yes,DSL,58.0,Yes,No,Yes,Yes,Yes,Yes,Yes,Yes
8148-BPLZQ,,Yes,4.89,No,Yes,Cable,27.0,No,Yes,No,No,No,No,No,No
8148-NLEGT,,Yes,13.95,Yes,No,,,,,,,,,,
8148-WOCMK,Offer E,Yes,13.43,No,No,,,,,,,,,,
8149-AIQCG,Offer C,Yes,8.69,Yes,Yes,Fiber Optic,24.0,No,No,No,No,No,No,No,Yes
8149-RSOUN,Offer E,Yes,16.15,Yes,Yes,Fiber Optic,12.0,No,No,No,No,Yes,Yes,Yes,Yes
8150-QUDFX,Offer E,Yes,27.47,No,No,,,,,,,,,,
8152-UOBNY,Offer B,Yes,10.6,Yes,Yes,Fiber Optic,14.0,No,Yes,No,Yes,Yes,Yes,No,Yes
8152-VETUR,Offer A,Yes,28.59,Yes,Yes,Fiber Optic,58.0,No,Yes,No,No,Yes,Yes,Yes,Yes
8155-IBNHG,,Yes,17.73,Yes,Yes,Fiber Optic,29.0,No,No,No,No,No,No,No,Yes
8158-WPEZG,,No,,,Yes,DSL,73.0,No,Yes,No,Yes,No,No,No,Yes
8160-HOWOX,,Yes,48.16,No,Yes,DSL,85.0,No,No,No,No,Yes,Yes,Yes,Yes
8161-QYMTT,,Yes,7.37,Yes,Yes,Fiber Optic,6.0,No,No,No,No,Yes,Yes,Yes,Yes
8164-OCKUJ,Offer B,Yes,2.47,No,No,,,,,,,,,,
8165-CBKXO,,No,,,Yes,Cable,25.0,No,Yes,Yes,No,Yes,Yes,Yes,Yes
8165-ZJRNM,Offer A,Yes,21.14,Yes,No,,,,,,,,,,
8166-ORCHU,,Yes,44.54,No,Yes,Fiber Optic,18.0,Yes,Yes,No,Yes,No,Yes,No,Yes
8166-ZZTFS,,Yes,21.7,Yes,Yes,Cable,3.0,No,Yes,Yes,No,Yes,Yes,No,Yes
8167-GJLRN,,No,,,Yes,DSL,59.0,No,No,No,Yes,No,No,No,Yes
8168-UQWWF,,Yes,27.57,Yes,Yes,Cable,18.0,No,No,Yes,No,Yes,Yes,Yes,Yes
8169-SAEJD,Offer A,No,,,Yes,DSL,12.0,Yes,Yes,No,No,Yes,Yes,Yes,No
8173-RXAYP,,Yes,30.41,No,No,,,,,,,,,,
8174-LNWMW,,Yes,26.16,No,No,,,,,,,,,,
8174-TBVCF,Offer A,Yes,26.47,Yes,Yes,DSL,59.0,Yes,Yes,Yes,Yes,Yes,Yes,Yes,Yes
8178-EYZUO,,Yes,15.78,Yes,Yes,Fiber Optic,3.0,Yes,Yes,No,No,No,Yes,Yes,Yes
8180-AKMJV,Offer E,Yes,23.04,No,Yes,Cable,82.0,No,No,No,No,No,No,No,Yes
8181-YHCMF,,No,,,Yes,DSL,15.0,No,Yes,Yes,Yes,Yes,Yes,Yes,Yes
8182-BJDSI,Offer C,Yes,30.28,Yes,Yes,Fiber Optic,30.0,No,Yes,No,No,No,Yes,Yes,Yes
8182-PNAGI,,Yes,46.58,No,Yes,DSL,26.0,No,No,No,Yes,No,No,No,No
8183-ONMXC,,Yes,5.11,No,Yes,Fiber Optic,6.0,No,No,No,No,No,Yes,Yes,Yes
8184-WMOFI,,Yes,14.05,No,Yes,DSL,25.0,Yes,No,Yes,Yes,No,Yes,Yes,Yes
8185-UPYBR,,Yes,21.23,Yes,Yes,Fiber Optic,13.0,No,No,No,No,No,No,No,Yes
8189-DUKMV,,Yes,44.73,No,No,,,,,,,,,,
8189-HBVRW,,Yes,2.51,Yes,Yes,Fiber Optic,19.0,Yes,Yes,Yes,No,No,No,No,No
8189-XRIKE,Offer C,Yes,31.57,No,Yes,Fiber Optic,4.0,No,No,No,No,Yes,Yes,No,Yes
8190-ZTQFB,,No,,,Yes,Cable,8.0,No,No,Yes,No,Yes,Yes,Yes,No
8191-XWSZG,Offer B,Yes,22.55,No,No,,,,,,,,,,
8194-PEEBY,Offer C,Yes,4.47,No,No,,,,,,,,,,
8197-BFWVU,Offer A,Yes,1.72,Yes,Yes,Cable,7.0,Yes,Yes,Yes,Yes,Yes,Yes,Yes,Yes
8198-RKSZG,Offer D,Yes,9.77,Yes,Yes,DSL,21.0,No,Yes,No,Yes,Yes,Yes,Yes,Yes
8199-ZLLSA,,Yes,22.66,Yes,Yes,Fiber Optic,27.0,Yes,Yes,Yes,Yes,Yes,Yes,Yes,Yes
8200-KLNYW,,Yes,11.27,No,Yes,DSL,19.0,Yes,No,Yes,Yes,Yes,Yes,Yes,No
8200-LGKSR,,Yes,35.09,Yes,Yes,DSL,12.0,Yes,No,Yes,Yes,Yes,Yes,Yes,Yes
8201-AAXCB,,Yes,25.87,Yes,Yes,Cable,76.0,No,No,No,No,Yes,No,No,No
8203-XJZRC,Offer E,Yes,40.46,No,No,,,,,,,,,,
8204-TIFGJ,,Yes,16.26,No,No,,,,,,,,,,
8204-YJCLA,Offer A,No,,,Yes,DSL,24.0,Yes,Yes,Yes,Yes,Yes,Yes,No,Yes
8205-MQUGY,Offer D,Yes,9.58,No,Yes,Cable,57.0,Yes,No,No,No,No,No,No,No
8205-OTCHB,Offer D,No,,,Yes,DSL,16.0,No,Yes,Yes,No,No,Yes,Yes,Yes
8205-VSLRB,,Yes,4.8,Yes,Yes,Cable,41.0,Yes,No,Yes,Yes,No,Yes,Yes,Yes
8207-DMRVL,,Yes,21.89,Yes,Yes,Fiber Optic,58.0,Yes,Yes,Yes,Yes,Yes,Yes,Yes,No
8207-VVMYB,,Yes,14.15,Yes,No,,,,,,,,,,
8208-EUMTE,,No,,,Yes,DSL,27.0,Yes,Yes,Yes,Yes,Yes,No,No,Yes
8212-CRQXP,,Yes,45.1,No,Yes,Fiber Optic,41.0,No,No,No,No,Yes,No,No,No
8212-DJRCH,,Yes,15.01,No,Yes,Fiber Optic,19.0,Yes,No,Yes,No,No,Yes,Yes,Yes
8213-TAZPM,Offer A,Yes,46.45,Yes,Yes,Fiber Optic,26.0,No,Yes,Yes,Yes,Yes,Yes,Yes,No
8215-NGSPE,Offer B,Yes,3.14,No,No,,,,,,,,,,
8216-AZUUZ,,Yes,12.6,No,Yes,Fiber Optic,26.0,No,No,Yes,Yes,Yes,Yes,Yes,Yes
8217-QYOHV,Offer E,Yes,30.92,No,Yes,Cable,41.0,Yes,No,No,Yes,No,No,Yes,Yes
8218-FFJDS,,Yes,15.35,Yes,Yes,DSL,41.0,Yes,Yes,No,Yes,Yes,Yes,Yes,Yes
8219-VYBVI,,Yes,49.95,Yes,No,,,,,,,,,,
8220-OCUFY,,Yes,7.41,No,Yes,DSL,51.0,Yes,No,Yes,Yes,No,No,No,Yes
8221-EQDGL,,Yes,25.32,No,Yes,DSL,30.0,Yes,Yes,Yes,No,No,No,No,Yes
8221-HVAYI,Offer C,Yes,5.06,Yes,Yes,Cable,20.0,Yes,Yes,Yes,Yes,No,No,No,Yes
8224-DWCKX,,Yes,43.4,Yes,Yes,Fiber Optic,24.0,No,No,No,No,No,No,No,Yes
8224-IVVPA,,Yes,25.21,No,Yes,DSL,9.0,Yes,Yes,No,No,No,No,No,Yes
8224-KDLKN,Offer A,Yes,19.04,Yes,No,,,,,,,,,,
8224-UAXBZ,,No,,,Yes,DSL,29.0,Yes,Yes,No,No,Yes,No,No,Yes
8225-BTJAU,Offer D,Yes,7.51,No,Yes,Fiber Optic,18.0,No,No,No,No,No,Yes,No,Yes
8226-BXGES,Offer B,Yes,13.8,Yes,Yes,Fiber Optic,48.0,Yes,Yes,Yes,No,No,No,No,Yes
8229-BUJHX,,Yes,11.13,No,No,,,,,,,,,,
8229-MYEJZ,Offer D,Yes,45.56,No,Yes,DSL,17.0,No,Yes,No,No,No,No,No,Yes
8229-TNIQA,Offer E,Yes,39.9,No,Yes,Cable,20.0,No,No,No,No,No,No,No,Yes
8231-BSWXX,Offer A,Yes,41.34,Yes,Yes,Fiber Optic,10.0,No,Yes,No,No,No,No,No,Yes
8232-CTLKO,Offer A,Yes,8.39,No,Yes,DSL,16.0,Yes,No,No,No,Yes,No,No,Yes
8232-UTFOZ,,Yes,7.18,No,No,,,,,,,,,,
8234-GSZYK,,Yes,28.9,Yes,No,,,,,,,,,,
8237-ULIXL,Offer A,Yes,13.27,Yes,No,,,,,,,,,,
8241-JUIQO,Offer B,Yes,25.91,No,No,,,,,,,,,,
8242-JSVBO,,Yes,26.76,No,Yes,DSL,46.0,No,No,No,No,No,No,No,Yes
8242-PDSGJ,,No,,,Yes,DSL,18.0,Yes,No,Yes,Yes,No,No,No,Yes
8242-SOQUO,Offer E,Yes,14.22,No,Yes,Fiber Optic,4.0,No,Yes,No,No,Yes,No,No,Yes
8245-UMPYT,,Yes,32.11,Yes,Yes,Fiber Optic,14.0,No,No,No,No,Yes,Yes,No,Yes
8246-SHFGA,,Yes,34.02,No,No,,,,,,,,,,
8249-THVEC,,Yes,37.63,No,No,,,,,,,,,,
8250-ZNGGW,,Yes,43.99,No,Yes,DSL,27.0,Yes,Yes,No,Yes,No,No,No,No
8257-RZAHR,Offer D,Yes,20.4,Yes,Yes,DSL,30.0,Yes,No,No,No,Yes,No,No,Yes
8258-GSTJK,,Yes,48.34,Yes,Yes,Fiber Optic,20.0,No,No,No,No,No,No,No,Yes
8259-DZLIZ,Offer B,Yes,17.07,Yes,Yes,DSL,25.0,No,Yes,No,No,No,No,No,Yes
8259-NFJTV,,No,,,Yes,Cable,17.0,Yes,No,No,Yes,No,No,No,Yes
8260-NGFNY,,No,,,Yes,DSL,73.0,No,No,No,No,No,No,Yes,Yes
8261-GWDBQ,,Yes,4.06,Yes,Yes,Fiber Optic,11.0,Yes,Yes,Yes,Yes,Yes,Yes,No,Yes
8262-COGGB,,Yes,11.61,No,No,,,,,,,,,,
8263-JQAIK,,No,,,Yes,DSL,6.0,No,No,No,No,No,No,No,Yes
8263-OKETD,,Yes,22.75,Yes,Yes,Cable,11.0,No,Yes,No,Yes,No,Yes,Yes,Yes
8263-QMNTJ,Offer A,Yes,47.82,Yes,Yes,Fiber Optic,21.0,Yes,Yes,Yes,Yes,Yes,Yes,Yes,Yes
8265-HKSOW,,Yes,17.89,Yes,Yes,Fiber Optic,19.0,Yes,Yes,Yes,Yes,No,Yes,Yes,Yes
8266-VBFQL,,Yes,31.92,No,Yes,Fiber Optic,4.0,No,No,Yes,Yes,No,Yes,Yes,Yes
8267-KFGYD,,Yes,10.14,No,No,,,,,,,,,,
8267-ZNYVZ,,Yes,15.66,No,Yes,Fiber Optic,24.0,Yes,No,Yes,Yes,Yes,Yes,Yes,No
8268-YDIXR,Offer B,Yes,40.33,Yes,Yes,Fiber Optic,9.0,Yes,Yes,Yes,No,No,No,No,Yes
8270-RKSAP,Offer E,Yes,40.71,No,Yes,Fiber Optic,52.0,No,No,No,No,No,No,No,Yes
8272-ONJLV,Offer D,Yes,49.0,No,Yes,Fiber Optic,23.0,No,No,Yes,No,Yes,Yes,Yes,Yes
8276-MQBYC,Offer B,Yes,19.49,Yes,Yes,Fiber Optic,11.0,No,No,Yes,No,Yes,Yes,No,Yes
8277-RVRSV,Offer C,Yes,1.71,Yes,No,,,,,,,,,,
8280-MQRQN,Offer E,Yes,23.7,No,Yes,Cable,17.0,No,No,Yes,No,No,No,No,Yes
8285-ABVLB,,Yes,40.91,No,No,,,,,,,,,,
8286-AFUYI,Offer E,Yes,46.23,No,Yes,DSL,25.0,Yes,No,No,No,No,No,No,Yes
8290-YWKHZ,,Yes,33.74,Yes,Yes,Fiber Optic,6.0,No,No,No,No,Yes,Yes,No,Yes
8292-FRFZQ,Offer C,No,,,Yes,DSL,73.0,Yes,Yes,No,Yes,No,No,No,Yes
8292-ITGYJ,Offer B,Yes,20.11,Yes,No,,,,,,,,,,
8292-TYSPY,Offer D,Yes,4.3,No,Yes,Cable,23.0,No,No,Yes,Yes,No,No,No,No
8294-UIMBA,,Yes,2.67,No,Yes,Fiber Optic,27.0,No,No,No,Yes,Yes,Yes,Yes,Yes
8295-FHIVV,,Yes,9.19,No,No,,,,,,,,,,
8295-KMENE,,Yes,13.27,Yes,Yes,DSL,15.0,Yes,No,Yes,Yes,Yes,No,No,Yes
8305-VHZBZ,,Yes,13.27,No,No,,,,,,,,,,
8309-IEYJD,Offer E,Yes,32.61,No,Yes,Fiber Optic,27.0,No,No,No,No,No,No,No,No
8309-PPCED,,Yes,46.23,Yes,Yes,Fiber Optic,18.0,No,Yes,Yes,Yes,Yes,Yes,Yes,Yes
8311-UEUAB,Offer A,Yes,1.36,Yes,Yes,DSL,82.0,Yes,No,No,No,Yes,Yes,Yes,Yes
8313-AFGBW,Offer B,Yes,14.14,No,Yes,DSL,28.0,No,Yes,Yes,No,Yes,Yes,Yes,Yes
8313-KTIHG,,Yes,37.7,No,Yes,DSL,2.0,No,No,No,Yes,Yes,No,No,No
8313-NDOIA,,Yes,38.79,Yes,Yes,Fiber Optic,4.0,No,Yes,Yes,No,Yes,Yes,Yes,No
8314-DPQHL,,No,,,Yes,DSL,14.0,Yes,No,Yes,Yes,No,Yes,Yes,Yes
8314-HTWVE,Offer E,Yes,35.26,No,No,,,,,,,,,,
8316-BBQAY,,No,,,Yes,Cable,22.0,Yes,No,Yes,Yes,Yes,Yes,Yes,Yes
8317-BVKSO,,Yes,9.19,No,No,,,,,,,,,,
8318-LCNBW,,No,,,Yes,DSL,30.0,Yes,No,Yes,No,Yes,Yes,Yes,Yes
8319-QBEHW,,No,,,Yes,Cable,58.0,No,Yes,No,No,Yes,No,No,Yes
8325-QRPZR,,Yes,30.06,No,Yes,Fiber Optic,10.0,No,No,Yes,No,No,No,No,No
8327-LZKAS,,Yes,13.84,Yes,Yes,Cable,18.0,No,No,Yes,Yes,Yes,Yes,No,No
8327-WKMIE,,Yes,34.37,No,No,,,,,,,,,,
8328-SKJNO,,No,,,Yes,DSL,19.0,Yes,Yes,No,Yes,No,No,No,Yes
8329-GWVPJ,Offer B,Yes,10.21,No,Yes,Fiber Optic,23.0,No,No,No,No,No,No,No,Yes
8329-IBCTI,Offer E,Yes,6.08,No,No,,,,,,,,,,
8329-UTMVM,Offer C,Yes,34.39,Yes,Yes,Fiber Optic,19.0,No,Yes,No,Yes,Yes,Yes,No,Yes
8331-ZXFOE,,Yes,42.33,Yes,Yes,Cable,7.0,Yes,Yes,Yes,Yes,No,No,No,Yes
8332-OSJDW,,Yes,45.15,Yes,No,,,,,,,,,,
8336-TAVKX,,Yes,15.82,Yes,Yes,DSL,13.0,Yes,Yes,Yes,Yes,No,Yes,Yes,Yes
8337-MSSXB,,Yes,29.3,No,Yes,Fiber Optic,26.0,No,Yes,No,No,No,Yes,Yes,No
8337-UPOAQ,,Yes,16.88,Yes,Yes,Fiber Optic,24.0,No,No,Yes,No,No,Yes,No,Yes
8338-QIUNR,,Yes,6.09,Yes,Yes,DSL,41.0,Yes,No,Yes,Yes,No,No,No,Yes
8344-WFMFH,Offer E,Yes,27.64,No,Yes,Cable,29.0,No,Yes,No,No,No,No,No,Yes
8345-MVDYC,Offer B,Yes,37.39,No,Yes,DSL,30.0,Yes,No,Yes,Yes,Yes,Yes,Yes,Yes
8347-GDTMP,,Yes,14.78,No,No,,,,,,,,,,
8348-HFYIV,Offer E,No,,,Yes,DSL,51.0,No,No,Yes,No,Yes,Yes,Yes,Yes
8348-JLBUG,,Yes,14.87,No,Yes,Fiber Optic,16.0,Yes,No,Yes,No,No,No,No,Yes
8350-NYMVI,,No,,,Yes,DSL,8.0,No,Yes,Yes,Yes,No,No,No,Yes
8356-WUAOJ,Offer E,Yes,40.63,No,Yes,DSL,52.0,No,No,No,No,No,No,No,No
8357-EQXFO,Offer E,Yes,48.36,No,Yes,Fiber Optic,15.0,No,No,Yes,No,Yes,Yes,Yes,Yes
8361-LBRDI,Offer B,Yes,38.62,Yes,No,,,,,,,,,,
8361-LTMKD,,Yes,10.61,Yes,Yes,Fiber Optic,8.0,No,No,No,No,No,No,No,No
8364-TRMMK,Offer E,Yes,22.56,Yes,Yes,Cable,3.0,No,No,No,No,No,No,No,Yes
8372-JUXUI,,Yes,14.02,Yes,Yes,Fiber Optic,2.0,No,No,No,No,No,No,No,Yes
8374-UULRV,,Yes,48.36,Yes,Yes,DSL,71.0,Yes,Yes,No,Yes,Yes,Yes,Yes,No
8374-XGEJJ,Offer B,Yes,31.25,Yes,Yes,Fiber Optic,20.0,No,Yes,No,No,Yes,Yes,No,No
8375-DKEBR,Offer E,Yes,34.51,No,Yes,Fiber Optic,15.0,No,No,No,No,No,No,No,Yes
8375-KVTHK,,Yes,49.51,No,Yes,Fiber Optic,3.0,No,Yes,No,Yes,Yes,Yes,Yes,No
8378-LKJAF,,Yes,24.22,Yes,Yes,Fiber Optic,14.0,No,No,Yes,No,Yes,Yes,Yes,Yes
8380-MQINP,,Yes,3.18,No,No,,,,,,,,,,
8380-PEFPE,,Yes,17.54,No,Yes,Fiber Optic,16.0,No,No,No,No,No,No,No,Yes
8382-SHQEH,,Yes,29.0,Yes,Yes,Fiber Optic,30.0,No,No,No,No,No,Yes,Yes,Yes
8383-SGHJU,,Yes,10.28,Yes,Yes,Cable,7.0,Yes,No,No,Yes,No,No,No,Yes
8384-FZBJK,,Yes,32.37,Yes,Yes,Fiber Optic,28.0,No,Yes,No,No,Yes,Yes,Yes,Yes
8387-MOJJT,,Yes,34.02,No,Yes,Fiber Optic,18.0,No,No,No,No,Yes,No,No,Yes
8387-UGUSU,,Yes,37.9,No,No,,,,,,,,,,
8388-DMKAE,Offer E,Yes,15.86,No,No,,,,,,,,,,
8388-FYNPZ,Offer E,Yes,34.69,No,Yes,DSL,47.0,Yes,No,Yes,No,No,No,No,Yes
8390-FESFV,,Yes,6.05,Yes,Yes,DSL,22.0,No,Yes,Yes,Yes,Yes,Yes,Yes,Yes
8393-DLHGA,,Yes,5.27,No,Yes,Fiber Optic,4.0,No,Yes,No,No,Yes,Yes,Yes,Yes
8393-JMVMB,Offer E,Yes,29.15,No,No,,,,,,,,,,
8395-ETZKQ,,Yes,35.14,No,No,,,,,,,,,,
8397-MVTAZ,Offer C,Yes,23.09,Yes,Yes,Fiber Optic,52.0,No,No,Yes,No,Yes,Yes,Yes,No
8398-TBIYD,Offer A,Yes,8.48,Yes,Yes,Fiber Optic,22.0,Yes,No,No,Yes,No,No,No,Yes
8399-YNDCH,,Yes,34.62,No,Yes,DSL,14.0,No,No,Yes,No,Yes,No,No,Yes
8400-WZICQ,Offer B,Yes,36.41,No,Yes,DSL,14.0,Yes,Yes,No,No,No,No,No,Yes
8401-EMUWF,Offer B,Yes,16.67,Yes,Yes,Cable,17.0,Yes,Yes,No,No,Yes,No,No,Yes
8402-EIVQS,Offer A,Yes,31.41,No,Yes,Fiber Optic,23.0,Yes,Yes,No,No,Yes,Yes,Yes,Yes
8402-OOOHJ,,Yes,31.62,No,No,,,,,,,,,,
8404-FYDIB,Offer C,Yes,49.87,Yes,Yes,Fiber Optic,48.0,Yes,Yes,No,No,No,No,No,Yes
8404-GFGCZ,Offer E,Yes,10.13,Yes,Yes,DSL,3.0,No,No,Yes,No,Yes,No,No,Yes
8404-VIOMB,,No,,,Yes,DSL,15.0,Yes,Yes,Yes,Yes,Yes,Yes,Yes,Yes
8404-VLQFB,,Yes,29.55,Yes,No,,,,,,,,,,
8405-IGQFX,Offer B,Yes,40.34,No,Yes,Fiber Optic,8.0,No,No,Yes,Yes,Yes,No,No,Yes
8406-LNMHF,,Yes,4.21,No,Yes,Fiber Optic,21.0,Yes,Yes,Yes,No,No,No,No,Yes
8409-WQJUX,Offer C,No,,,Yes,Cable,29.0,No,No,Yes,Yes,Yes,Yes,Yes,Yes
8410-BGQXN,,Yes,22.54,No,No,,,,,,,,,,
8413-VONUO,,Yes,16.76,No,Yes,Fiber Optic,27.0,No,Yes,No,No,Yes,Yes,Yes,Yes
8413-YNHNV,,Yes,47.43,Yes,Yes,DSL,22.0,Yes,Yes,Yes,Yes,Yes,Yes,Yes,Yes
8414-MYSHR,,Yes,4.59,No,Yes,Fiber Optic,11.0,No,No,No,No,Yes,Yes,No,Yes
8414-OOEEL,Offer A,Yes,12.48,No,Yes,DSL,23.0,No,Yes,Yes,Yes,Yes,Yes,Yes,Yes
8417-FMLZI,,Yes,26.91,No,Yes,Fiber Optic,6.0,No,Yes,No,No,No,Yes,Yes,Yes
8417-GSODA,,Yes,13.19,Yes,Yes,Fiber Optic,30.0,No,No,No,No,Yes,Yes,Yes,Yes
8421-WZOOW,,Yes,28.25,No,Yes,Fiber Optic,15.0,No,Yes,Yes,Yes,Yes,No,No,Yes
8429-XIBUM,Offer D,Yes,10.33,Yes,Yes,Fiber Optic,19.0,Yes,No,No,No,Yes,Yes,Yes,Yes
8430-TWCBX,,Yes,29.18,No,No,,,,,,,,,,
8433-WPJTV,Offer B,Yes,1.58,Yes,Yes,Fiber Optic,27.0,No,No,Yes,Yes,Yes,Yes,No,Yes
8433-WXGNA,,Yes,42.16,No,Yes,Cable,2.0,Yes,No,No,No,No,No,No,Yes
8434-PNQZX,Offer B,Yes,20.27,Yes,Yes,DSL,15.0,No,No,Yes,Yes,Yes,Yes,Yes,Yes
8434-VGEQQ,Offer B,Yes,46.76,No,No,,,,,,,,,,
8436-BJUMM,Offer C,Yes,35.9,Yes,Yes,Cable,26.0,No,No,No,No,Yes,No,No,Yes
8439-LTUGF,Offer D,Yes,19.1,No,No,,,,,,,,,,
8441-SHIPE,,Yes,16.72,Yes,No,,,,,,,,,,
8443-WVPSS,,Yes,43.28,No,Yes,Fiber Optic,12.0,No,Yes,No,Yes,Yes,Yes,Yes,Yes
8443-ZRDBZ,,Yes,42.44,Yes,Yes,Fiber Optic,29.0,No,No,No,No,No,No,No,Yes
8444-WRIDW,,Yes,45.59,Yes,Yes,Fiber Optic,24.0,No,Yes,No,No,No,No,No,No
8445-DNBAE,Offer E,Yes,43.05,Yes,Yes,DSL,69.0,No,No,No,No,No,No,No,Yes
8450-JOVAH,,Yes,5.67,Yes,Yes,DSL,53.0,Yes,No,No,No,No,No,No,Yes
8450-LUGUK,,Yes,44.68,Yes,No,,,,,,,,,,
8450-UYIBU,,No,,,Yes,Cable,26.0,No,No,Yes,No,Yes,No,No,Yes
8454-AATJP,Offer A,Yes,19.6,Yes,Yes,Fiber Optic,15.0,Yes,Yes,Yes,Yes,Yes,Yes,Yes,Yes
8455-HIRAQ,,Yes,10.91,No,Yes,DSL,16.0,No,No,No,No,No,No,No,Yes
8456-QDAVC,,Yes,29.55,No,Yes,Fiber Optic,13.0,No,No,No,No,Yes,No,No,Yes
8457-XIGKN,Offer D,Yes,29.12,No,No,,,,,,,,,,
8461-EFQYM,,Yes,46.18,Yes,No,,,,,,,,,,
8464-EETCQ,,Yes,19.69,No,No,,,,,,,,,,
8465-SBRXP,,Yes,25.84,Yes,Yes,Fiber Optic,19.0,No,No,Yes,Yes,Yes,No,No,No
8466-PZBLH,,Yes,11.31,Yes,Yes,Fiber Optic,57.0,Yes,No,No,Yes,Yes,Yes,Yes,Yes
8467-WYNSR,,Yes,37.11,No,Yes,DSL,15.0,Yes,No,No,Yes,No,No,No,Yes
8468-EHYJA,Offer B,Yes,12.19,Yes,Yes,Fiber Optic,16.0,Yes,No,No,No,Yes,Yes,Yes,Yes
8468-FZTOE,Offer A,Yes,17.21,No,Yes,Cable,53.0,Yes,Yes,Yes,Yes,No,Yes,Yes,No
8469-SNFFH,,Yes,43.46,Yes,Yes,DSL,21.0,Yes,Yes,Yes,Yes,Yes,No,No,Yes
8473-VUVJN,,Yes,39.88,Yes,Yes,Fiber Optic,19.0,No,No,No,No,No,No,No,Yes
8474-UMLNT,Offer D,Yes,28.45,No,Yes,DSL,30.0,Yes,Yes,No,Yes,No,Yes,Yes,Yes
8480-PPONV,,Yes,40.66,Yes,Yes,Fiber Optic,21.0,Yes,Yes,Yes,Yes,Yes,Yes,Yes,Yes
8481-YYXWG,Offer E,Yes,10.11,No,Yes,Fiber Optic,69.0,No,Yes,No,Yes,No,Yes,Yes,Yes
8485-GJCDN,,Yes,30.05,No,Yes,Fiber Optic,11.0,No,No,No,No,No,No,No,Yes
8486-AYEQH,,Yes,38.78,Yes,Yes,Fiber Optic,59.0,No,No,No,No,No,No,No,Yes
8490-BXHEO,,Yes,38.79,Yes,Yes,Fiber Optic,14.0,No,Yes,No,No,No,No,No,Yes
8495-LJDFO,,Yes,22.86,Yes,Yes,Fiber Optic,24.0,Yes,No,Yes,Yes,Yes,Yes,No,Yes
8495-PRWFH,,Yes,27.0,Yes,Yes,Cable,30.0,No,No,Yes,No,No,No,No,Yes
8496-DMZUK,Offer C,Yes,7.19,Yes,Yes,Fiber Optic,18.0,Yes,Yes,Yes,No,No,No,No,Yes
8496-EJAUI,Offer D,Yes,1.79,No,Yes,Fiber Optic,14.0,No,Yes,No,No,No,No,No,No
8498-XXGWA,,Yes,19.99,No,Yes,DSL,26.0,Yes,No,Yes,No,No,No,No,Yes
8499-BRXTD,Offer D,Yes,38.73,No,No,,,,,,,,,,
8510-AWCXC,Offer D,Yes,7.22,Yes,Yes,Fiber Optic,28.0,Yes,No,No,No,Yes,Yes,No,Yes
8510-BBWMU,,Yes,37.46,No,No,,,,,,,,,,
8510-TMWYB,,Yes,23.02,Yes,Yes,Cable,21.0,No,Yes,Yes,No,No,No,No,Yes
8512-WIWYV,,Yes,36.78,No,No,,,,,,,,,,
8513-OLYGY,,Yes,27.59,Yes,Yes,Fiber Optic,25.0,Yes,Yes,Yes,Yes,Yes,Yes,Yes,Yes
8514-VZHEB,Offer B,Yes,18.75,No,No,,,,,,,,,,
8515-OCTJS,Offer C,Yes,19.75,Yes,No,,,,,,,,,,
8519-IMDHU,,Yes,45.25,Yes,Yes,Cable,22.0,No,No,No,No,No,Yes,No,Yes
8519-QJGJD,Offer D,Yes,18.74,No,Yes,Cable,20.0,No,No,Yes,No,No,No,No,Yes
8532-UEFWH,Offer B,Yes,49.51,Yes,No,,,,,,,,,,
8535-SFUTN,Offer B,Yes,36.05,Yes,Yes,Fiber Optic,73.0,Yes,No,Yes,No,Yes,Yes,Yes,Yes
8540-ZQGEA,Offer B,Yes,32.72,No,No,,,,,,,,,,
8541-QVFKM,,Yes,17.3,Yes,Yes,Fiber Optic,41.0,No,No,No,No,No,No,No,Yes
8543-MSDMF,Offer E,Yes,44.42,No,Yes,Cable,6.0,Yes,No,Yes,No,Yes,Yes,Yes,Yes
8544-GOQSH,Offer D,Yes,1.69,No,Yes,Fiber Optic,21.0,No,Yes,No,Yes,No,No,No,Yes
8544-JNBOX,Offer A,Yes,23.43,No,No,,,,,,,,,,
8547-NSBBO,Offer C,Yes,39.87,Yes,Yes,Fiber Optic,23.0,Yes,Yes,Yes,Yes,No,No,No,No
8548-AWOFC,,Yes,7.67,Yes,Yes,DSL,69.0,No,No,No,Yes,No,Yes,Yes,Yes
8550-XSXUQ,Offer B,Yes,38.82,Yes,Yes,Cable,8.0,No,Yes,Yes,No,No,Yes,Yes,Yes
8552-OBVRU,,Yes,13.4,No,Yes,Fiber Optic,75.0,Yes,No,Yes,Yes,Yes,Yes,Yes,Yes
8559-CIZFV,Offer D,Yes,17.57,Yes,Yes,Cable,14.0,Yes,Yes,No,Yes,Yes,No,No,No
8559-WNQZS,Offer E,Yes,43.82,No,No,,,,,,,,,,
8561-NMTBD,,Yes,20.41,Yes,Yes,Fiber Optic,52.0,No,Yes,Yes,Yes,Yes,Yes,Yes,Yes
8562-GHPPI,,Yes,11.96,No,No,,,,,,,,,,
8563-IIOXK,Offer E,Yes,36.14,No,Yes,DSL,85.0,Yes,No,No,No,No,No,Yes,Yes
8563-OYMQY,Offer D,Yes,34.98,No,Yes,Fiber Optic,21.0,No,Yes,Yes,No,No,Yes,Yes,Yes
8564-LDKFL,Offer B,Yes,29.46,Yes,Yes,Fiber Optic,28.0,No,Yes,Yes,No,Yes,Yes,Yes,Yes
8565-CLBZW,,Yes,27.97,Yes,Yes,Fiber Optic,58.0,No,No,Yes,No,Yes,No,Yes,Yes
8565-HBFNN,Offer A,Yes,33.37,Yes,Yes,Fiber Optic,24.0,Yes,Yes,Yes,Yes,No,Yes,Yes,Yes
8565-WUXZU,,Yes,5.51,No,Yes,Fiber Optic,2.0,Yes,Yes,No,Yes,No,No,No,Yes
8566-YPRGL,Offer E,Yes,33.02,No,No,,,,,,,,,,
8570-KLJYJ,,Yes,25.95,Yes,Yes,DSL,21.0,Yes,No,No,No,No,No,No,Yes
8571-ZCMCX,,No,,,Yes,DSL,25.0,Yes,Yes,Yes,No,Yes,Yes,Yes,Yes
8573-CGOCC,,Yes,24.79,No,No,,,,,,,,,,
8573-JGCZW,,Yes,47.79,No,No,,,,,,,,,,
8577-QSOCG,,Yes,26.84,No,No,,,,,,,,,,
8580-AECUZ,,Yes,42.3,No,Yes,Fiber Optic,16.0,No,No,No,No,Yes,No,No,Yes
8580-QVLOC,,Yes,25.77,Yes,Yes,DSL,6.0,Yes,Yes,Yes,Yes,Yes,Yes,No,Yes
8582-KRHPJ,Offer B,No,,,Yes,DSL,20.0,Yes,Yes,No,No,No,No,No,Yes
8584-KMVXD,Offer E,Yes,11.2,No,Yes,Fiber Optic,17.0,No,Yes,No,No,No,No,No,No
8587-XYZSF,Offer A,Yes,32.58,No,Yes,DSL,8.0,No,No,No,Yes,No,No,No,Yes
8590-OHDIW,Offer C,Yes,44.32,No,No,,,,,,,,,,
8590-YFFQO,Offer A,Yes,1.63,No,Yes,DSL,41.0,Yes,Yes,Yes,Yes,No,No,No,Yes
8591-NXRCV,Offer B,Yes,31.08,Yes,Yes,DSL,12.0,Yes,No,Yes,Yes,No,Yes,Yes,No
8591-TKMZH,Offer B,Yes,46.1,Yes,Yes,Fiber Optic,57.0,Yes,Yes,No,Yes,Yes,Yes,Yes,Yes
8592-PLTMQ,Offer B,Yes,4.03,Yes,No,,,,,,,,,,
8593-WHYHV,Offer E,Yes,14.28,Yes,Yes,Fiber Optic,21.0,No,No,No,No,No,Yes,Yes,Yes
8595-SIZNC,Offer D,Yes,15.27,Yes,No,,,,,,,,,,
8597-CTXVJ,,Yes,26.62,Yes,Yes,Cable,19.0,Yes,Yes,No,Yes,No,No,No,Yes
8597-CWYHH,,Yes,41.22,Yes,Yes,Fiber Optic,7.0,No,No,No,No,Yes,Yes,Yes,Yes
8601-QACRS,Offer E,Yes,37.1,Yes,Yes,Cable,2.0,No,No,No,No,No,No,No,No
8603-IJWDN,Offer E,Yes,5.43,Yes,Yes,Fiber Optic,18.0,No,No,No,No,No,Yes,Yes,Yes
8605-ITULD,,Yes,5.1,No,No,,,,,,,,,,
8606-CIQUL,Offer A,Yes,30.78,Yes,Yes,Fiber Optic,17.0,Yes,Yes,Yes,Yes,Yes,Yes,No,No
8606-OEGQZ,Offer D,Yes,30.22,Yes,No,,,,,,,,,,
8608-OZTLB,,Yes,31.45,No,Yes,DSL,76.0,Yes,Yes,Yes,Yes,Yes,No,No,Yes
8610-WFCJF,,Yes,49.63,Yes,Yes,Fiber Optic,9.0,No,No,No,No,Yes,Yes,Yes,Yes
8610-ZIKJJ,,Yes,35.42,No,No,,,,,,,,,,
8612-GXIDD,Offer D,Yes,44.12,Yes,No,,,,,,,,,,
8614-VGMMV,,Yes,9.71,Yes,Yes,DSL,26.0,No,No,No,No,No,No,No,Yes
8617-ENBDS,,Yes,27.34,No,Yes,Fiber Optic,71.0,No,No,Yes,No,No,No,No,No
8619-IJNDK,,Yes,4.71,No,Yes,DSL,29.0,Yes,Yes,Yes,Yes,No,No,No,Yes
8620-RJPZN,,Yes,45.86,No,No,,,,,,,,,,
8621-MNIHH,,Yes,2.88,Yes,Yes,Fiber Optic,4.0,No,Yes,Yes,No,No,Yes,No,Yes
8622-ZLFKO,,Yes,23.35,Yes,Yes,Fiber Optic,8.0,No,Yes,No,No,No,Yes,Yes,Yes
8623-TMRBY,Offer B,Yes,43.58,Yes,Yes,Cable,22.0,No,Yes,Yes,No,No,No,No,Yes
8623-ULFNQ,,Yes,12.09,Yes,Yes,DSL,15.0,No,No,No,Yes,No,Yes,Yes,Yes
8624-GIOUT,Offer B,Yes,35.87,Yes,Yes,DSL,30.0,Yes,Yes,No,No,No,No,No,Yes
8625-AZYZY,Offer C,Yes,3.0,Yes,Yes,Fiber Optic,15.0,No,Yes,Yes,No,Yes,Yes,Yes,Yes
8626-PTQGE,,No,,,Yes,Cable,18.0,Yes,Yes,No,Yes,Yes,Yes,Yes,Yes
8626-XHBIE,Offer B,Yes,22.47,Yes,No,,,,,,,,,,
8627-EHGIP,Offer B,No,,,Yes,Cable,4.0,No,Yes,Yes,No,Yes,Yes,Yes,Yes
8627-ZYGSZ,Offer B,Yes,39.52,Yes,Yes,Fiber Optic,30.0,No,Yes,No,No,No,No,No,Yes
8628-MFKAX,Offer A,Yes,14.75,Yes,Yes,Fiber Optic,16.0,Yes,Yes,Yes,Yes,Yes,Yes,No,Yes
8630-FJLIB,Offer D,Yes,34.12,No,Yes,Fiber Optic,20.0,No,No,No,No,No,No,No,Yes
8630-QSGXK,Offer B,Yes,9.99,Yes,Yes,DSL,5.0,No,No,No,Yes,Yes,Yes,Yes,Yes
8631-NBHFZ,,Yes,30.03,Yes,Yes,DSL,15.0,Yes,Yes,Yes,Yes,Yes,No,No,No
8631-WUXGY,,Yes,17.51,No,Yes,Fiber Optic,85.0,No,Yes,Yes,No,Yes,Yes,Yes,Yes
8631-XVRZL,Offer E,Yes,48.61,No,No,,,,,,,,,,
8634-CILSZ,Offer A,Yes,20.44,Yes,Yes,Fiber Optic,3.0,No,Yes,No,Yes,Yes,Yes,Yes,Yes
8634-MPHTR,,Yes,8.97,Yes,Yes,Fiber Optic,19.0,No,No,Yes,No,Yes,Yes,No,Yes
8637-XJIVR,,Yes,25.34,Yes,Yes,Fiber Optic,56.0,Yes,No,No,No,No,No,No,No
8639-NHQEI,,Yes,11.85,Yes,Yes,Fiber Optic,59.0,Yes,Yes,No,No,Yes,No,No,Yes
8640-SDGKB,,Yes,28.89,No,Yes,DSL,3.0,No,No,Yes,Yes,Yes,Yes,Yes,Yes
8642-GVWRF,,Yes,28.86,No,Yes,Fiber Optic,26.0,No,Yes,Yes,No,No,No,No,Yes
8644-XLFBW,Offer E,Yes,28.46,No,Yes,Fiber Optic,12.0,No,No,No,No,No,No,No,Yes
8644-XYTSV,Offer B,No,,,Yes,DSL,7.0,Yes,No,No,No,Yes,No,No,Yes
8645-KOMJQ,Offer A,Yes,49.16,Yes,Yes,DSL,48.0,No,Yes,Yes,Yes,Yes,Yes,Yes,Yes
8645-KWHJO,Offer D,No,,,Yes,DSL,4.0,No,No,Yes,Yes,Yes,Yes,Yes,Yes
8646-JCOMS,Offer A,Yes,11.72,Yes,Yes,Fiber Optic,20.0,No,Yes,Yes,Yes,No,No,No,Yes
8647-SDTWQ,Offer B,Yes,49.95,Yes,Yes,Fiber Optic,22.0,No,No,No,No,No,No,No,No
8648-PFRMP,,No,,,Yes,Cable,5.0,No,No,No,No,Yes,Yes,Yes,Yes
8650-RHRKE,Offer E,No,,,Yes,DSL,48.0,No,No,Yes,No,No,No,Yes,Yes
8651-ENBZX,,Yes,34.39,Yes,Yes,Fiber Optic,17.0,No,No,Yes,Yes,Yes,Yes,No,No
8652-YHIYU,Offer D,Yes,27.23,Yes,Yes,Fiber Optic,69.0,No,No,No,Yes,No,No,No,Yes
8654-DHAOW,Offer E,Yes,21.3,Yes,Yes,DSL,7.0,No,Yes,No,No,No,No,No,No
8659-HDIYE,,Yes,27.7,Yes,Yes,DSL,21.0,No,Yes,Yes,Yes,No,Yes,No,Yes
8659-IOOPU,Offer A,Yes,32.16,Yes,Yes,Fiber Optic,59.0,Yes,No,Yes,Yes,No,Yes,Yes,Yes
8660-BUETV,,Yes,34.89,No,Yes,Cable,13.0,No,No,No,No,No,No,No,No
8661-BOYNW,Offer A,Yes,5.25,Yes,Yes,DSL,28.0,Yes,No,Yes,Yes,Yes,Yes,Yes,Yes
8663-UPDGF,Offer C,Yes,25.4,Yes,Yes,DSL,10.0,Yes,Yes,No,No,Yes,No,No,Yes
8665-UTDHZ,,No,,,Yes,DSL,58.0,No,Yes,No,No,No,No,No,Yes
8668-KNZTI,,Yes,47.9,No,Yes,DSL,3.0,Yes,No,Yes,No,No,No,No,Yes
8670-ERCJH,Offer A,Yes,2.56,Yes,Yes,Fiber Optic,25.0,Yes,Yes,Yes,Yes,Yes,Yes,Yes,Yes
8670-MEFCP,,Yes,40.54,Yes,Yes,Cable,59.0,Yes,Yes,Yes,Yes,Yes,Yes,Yes,Yes
8671-KKKOS,Offer B,No,,,Yes,DSL,30.0,Yes,Yes,No,No,Yes,No,No,Yes
8672-OAUPW,,Yes,36.59,No,Yes,DSL,20.0,No,No,No,Yes,No,No,No,Yes
8676-OOQEJ,,No,,,Yes,Cable,22.0,No,No,No,Yes,No,No,No,Yes
8676-TRMJS,,Yes,34.49,Yes,Yes,Fiber Optic,52.0,No,No,No,No,No,No,Yes,Yes
8677-HDZEE,Offer B,Yes,2.5,Yes,Yes,Fiber Optic,3.0,No,Yes,No,Yes,Yes,Yes,Yes,Yes
8679-JOEVF,,Yes,36.83,No,Yes,DSL,16.0,No,No,No,Yes,Yes,No,No,Yes
8679-LZBMD,,Yes,23.75,No,Yes,Fiber Optic,53.0,No,No,No,No,Yes,Yes,Yes,Yes
8680-CGLTP,Offer C,Yes,8.0,No,Yes,DSL,9.0,Yes,Yes,No,Yes,No,No,No,No
8681-ICONS,,Yes,24.64,No,No,,,,,,,,,,
8685-WHQPW,,Yes,5.09,Yes,Yes,Fiber Optic,23.0,No,No,No,No,No,No,No,No
8687-BAFGU,Offer E,Yes,23.7,No,Yes,Fiber Optic,25.0,No,No,No,Yes,No,No,No,Yes
8690-UPCZI,Offer C,Yes,36.7,Yes,Yes,DSL,69.0,Yes,No,No,Yes,Yes,No,No,No
8690-ZVLCL,,Yes,43.51,Yes,Yes,DSL,22.0,Yes,Yes,Yes,Yes,Yes,Yes,Yes,No
8695-ARGXZ,,Yes,2.07,Yes,Yes,Fiber Optic,16.0,No,No,No,No,No,No,No,Yes
8695-WDYEA,,Yes,39.3,No,Yes,DSL,26.0,Yes,No,No,No,No,No,No,Yes
8696-JKZNU,Offer C,Yes,26.95,Yes,Yes,Fiber Optic,17.0,No,No,No,No,No,No,No,Yes
8699-ASUFO,,Yes,8.92,Yes,Yes,Fiber Optic,17.0,No,No,No,No,No,No,No,Yes
8701-DGLVH,,Yes,47.43,No,No,,,,,,,,,,
8705-DWKTI,,Yes,5.92,No,Yes,Fiber Optic,23.0,No,No,Yes,No,No,Yes,Yes,No
8705-WZCYL,Offer E,Yes,27.46,No,Yes,DSL,26.0,No,No,No,No,No,No,No,Yes
8706-HRADD,Offer D,No,,,Yes,DSL,26.0,Yes,No,No,Yes,Yes,No,No,Yes
8707-HOEDG,,Yes,5.51,Yes,Yes,Fiber Optic,85.0,No,Yes,Yes,Yes,Yes,Yes,Yes,No
8707-RMEZH,,Yes,34.55,No,Yes,Fiber Optic,19.0,Yes,Yes,No,No,No,Yes,No,Yes
8708-XPXHZ,,Yes,6.84,Yes,Yes,Fiber Optic,27.0,No,No,No,No,Yes,Yes,Yes,Yes
8709-KRDVL,,Yes,16.57,Yes,Yes,Fiber Optic,30.0,No,Yes,No,No,Yes,Yes,Yes,Yes
8710-YGLWG,Offer E,Yes,15.76,No,Yes,DSL,13.0,No,No,No,No,No,No,No,Yes
8711-LOBKY,,Yes,41.19,No,No,,,,,,,,,,
8713-IGZSO,Offer E,Yes,40.25,Yes,No,,,,,,,,,,
8714-CTZJW,Offer E,Yes,19.84,No,Yes,Fiber Optic,73.0,No,No,Yes,No,No,Yes,Yes,Yes
8714-EUHJO,,Yes,38.67,Yes,Yes,Cable,13.0,No,Yes,No,No,No,Yes,Yes,No
8715-KKTFG,Offer B,Yes,18.03,Yes,Yes,Fiber Optic,22.0,No,No,Yes,Yes,Yes,Yes,Yes,Yes
8717-VCTXJ,,Yes,48.41,No,No,,,,,,,,,,
8718-PTMEZ,,No,,,Yes,Cable,16.0,No,Yes,No,No,No,No,No,Yes
8720-RQSBJ,Offer E,Yes,28.67,No,Yes,DSL,4.0,No,No,No,No,No,No,No,Yes
8722-NGNBH,,No,,,Yes,Cable,59.0,Yes,No,Yes,Yes,No,No,Yes,Yes
8722-PRFDV,Offer A,Yes,48.76,No,Yes,Cable,71.0,Yes,No,Yes,No,Yes,Yes,Yes,Yes
8725-JEDFD,,Yes,34.98,No,Yes,Fiber Optic,26.0,No,No,No,No,No,No,No,Yes
8727-JQFHV,,Yes,29.64,No,No,,,,,,,,,,
8727-XDPUD,,No,,,Yes,DSL,25.0,No,No,No,No,Yes,No,No,No
8728-SKJLR,Offer B,Yes,1.08,No,Yes,Fiber Optic,6.0,No,No,No,Yes,No,No,No,Yes
8731-WBBMB,,Yes,11.23,No,Yes,Cable,48.0,No,Yes,Yes,Yes,Yes,Yes,Yes,Yes
8734-DKSTZ,Offer D,Yes,6.5,Yes,Yes,Fiber Optic,76.0,No,No,No,No,No,Yes,Yes,Yes
8734-FNWVH,,Yes,30.67,Yes,Yes,DSL,59.0,No,No,No,No,No,Yes,Yes,Yes
8735-DCXNF,Offer D,Yes,21.85,No,Yes,DSL,9.0,Yes,No,No,Yes,No,No,No,Yes
8735-IJJEG,,Yes,4.05,No,Yes,DSL,59.0,No,No,Yes,No,No,No,No,Yes
8735-NBLWT,Offer E,Yes,45.83,No,No,,,,,,,,,,
8735-SDUFN,Offer A,Yes,8.68,Yes,No,,,,,,,,,,
8738-JOKAR,,Yes,39.32,No,Yes,Cable,20.0,Yes,Yes,No,Yes,No,Yes,Yes,Yes
8739-QOTTN,Offer E,Yes,5.42,No,No,,,,,,,,,,
8739-WWKDU,,Yes,18.46,Yes,Yes,Fiber Optic,3.0,No,Yes,No,No,Yes,No,No,Yes
8739-XNIKG,,Yes,48.49,Yes,Yes,Fiber Optic,85.0,No,No,No,No,Yes,No,No,Yes
8740-CRYFY,Offer E,Yes,23.96,No,Yes,Fiber Optic,22.0,No,No,No,No,Yes,No,No,Yes
8740-XLHDR,,No,,,Yes,Cable,59.0,Yes,Yes,Yes,Yes,No,No,No,Yes
8741-LQOBK,,No,,,Yes,DSL,52.0,Yes,Yes,No,No,No,No,Yes,Yes
8745-PVESG,,No,,,Yes,DSL,24.0,Yes,No,Yes,Yes,No,No,No,Yes
8746-BFOAJ,,Yes,23.23,No,No,,,,,,,,,,
8746-OQQRW,Offer E,Yes,3.69,Yes,No,,,,,,,,,,
8747-UDCOI,Offer B,Yes,48.66,No,No,,,,,,,,,,
8748-HFWBO,Offer D,Yes,32.47,No,No,,,,,,,,,,
8749-CLJXC,,Yes,13.51,No,No,,,,,,,,,,
8749-JMNKX,Offer B,Yes,22.14,Yes,Yes,Fiber Optic,30.0,Yes,No,Yes,No,Yes,No,No,Yes
8749-TZYEC,,Yes,13.72,Yes,No,,,,,,,,,,
8750-QWZAJ,Offer A,Yes,48.44,No,No,,,,,,,,,,
8751-EDEKA,,Yes,33.09,No,Yes,Fiber Optic,19.0,No,Yes,Yes,No,No,Yes,Yes,Yes
8752-GHJFU,,Yes,36.6,Yes,Yes,Fiber Optic,10.0,Yes,Yes,Yes,Yes,No,No,No,Yes
8752-IMQOS,,Yes,5.2,No,No,,,,,,,,,,
8752-STIVR,,Yes,27.57,No,Yes,Fiber Optic,27.0,No,No,No,No,Yes,No,No,Yes
8755-IWJHN,,Yes,49.91,Yes,Yes,Fiber Optic,13.0,No,Yes,Yes,No,No,Yes,Yes,Yes
8755-OGKNA,Offer B,Yes,42.14,No,No,,,,,,,,,,
8756-RDDLT,,No,,,Yes,Cable,13.0,No,Yes,No,Yes,No,Yes,Yes,Yes
8757-TFHHJ,,Yes,38.21,No,Yes,Cable,13.0,Yes,No,No,No,No,No,No,Yes
8760-ZRHKE,,Yes,48.59,Yes,Yes,DSL,15.0,Yes,Yes,No,No,Yes,No,No,Yes
8761-NSOBC,,Yes,42.92,No,Yes,Fiber Optic,23.0,No,Yes,No,Yes,Yes,Yes,Yes,Yes
8763-KIAFH,,Yes,20.96,No,No,,,,,,,,,,
8766-PAFNE,Offer A,Yes,28.02,No,Yes,DSL,27.0,No,Yes,Yes,Yes,Yes,Yes,Yes,Yes
8769-KKTPH,Offer B,Yes,1.43,Yes,Yes,Fiber Optic,16.0,Yes,No,No,No,Yes,Yes,Yes,Yes
8773-HHUOZ,,Yes,40.55,No,Yes,Cable,41.0,No,No,No,No,Yes,Yes,Yes,Yes
8774-GSBUN,,Yes,4.15,Yes,No,,,,,,,,,,
8775-CEBBJ,,Yes,41.92,No,Yes,Cable,29.0,No,No,No,No,No,No,No,Yes
8775-ERLNB,,Yes,17.84,Yes,Yes,Fiber Optic,20.0,No,No,No,No,No,No,No,Yes
8775-LHDJH,Offer E,Yes,13.02,Yes,Yes,Fiber Optic,30.0,No,Yes,No,No,Yes,No,No,Yes
8777-MBMTS,Offer B,Yes,36.49,No,Yes,Fiber Optic,9.0,No,Yes,Yes,Yes,Yes,Yes,Yes,Yes
8777-PVYGU,Offer B,Yes,4.22,No,Yes,DSL,18.0,Yes,No,Yes,No,Yes,No,No,Yes
8778-LMWTJ,,Yes,13.05,No,Yes,Fiber Optic,73.0,Yes,No,No,No,No,No,No,Yes
8779-QRDMV,,No,,,Yes,DSL,8.0,No,No,Yes,No,No,Yes,No,No
8779-YIQQA,,Yes,18.0,No,No,,,,,,,,,,
8780-IHCRN,,Yes,28.92,Yes,No,,,,,,,,,,
8780-IXSTS,,Yes,1.15,Yes,Yes,Fiber Optic,3.0,No,Yes,No,No,Yes,No,No,Yes
8780-RSYYU,Offer C,Yes,6.0,No,No,,,,,,,,,,
8780-YRMTT,Offer A,No,,,Yes,DSL,29.0,Yes,Yes,Yes,Yes,No,No,No,No
8782-LKFPK,,Yes,44.92,Yes,Yes,Fiber Optic,16.0,No,No,Yes,No,No,Yes,Yes,Yes
8782-NUUOL,,Yes,35.13,No,Yes,DSL,3.0,Yes,No,Yes,Yes,Yes,Yes,Yes,Yes
8784-CGILN,,Yes,36.49,Yes,Yes,Fiber Optic,3.0,No,No,No,Yes,Yes,Yes,Yes,Yes
8785-CJSHH,,Yes,34.48,Yes,Yes,Fiber Optic,51.0,No,Yes,No,No,Yes,Yes,Yes,Yes
8785-EPNCG,,Yes,30.91,Yes,No,,,,,,,,,,
8788-DOXSU,,Yes,9.7,No,Yes,DSL,6.0,No,No,Yes,No,No,Yes,Yes,Yes
8791-GFXLZ,,Yes,44.78,No,Yes,DSL,12.0,No,Yes,No,No,No,No,No,Yes
8792-AOROI,Offer E,Yes,23.68,No,Yes,DSL,41.0,Yes,No,No,Yes,No,Yes,Yes,Yes
8799-OXZMD,Offer C,No,,,Yes,DSL,14.0,No,No,Yes,No,No,No,No,Yes
8800-JOOCF,,Yes,17.85,Yes,Yes,Fiber Optic,19.0,No,No,No,No,Yes,No,No,Yes
8800-ZKRFW,,Yes,24.56,Yes,Yes,Fiber Optic,18.0,No,Yes,Yes,Yes,Yes,Yes,Yes,Yes
8802-UNOJF,Offer D,Yes,28.63,No,Yes,Cable,7.0,No,Yes,Yes,Yes,No,No,No,No
8805-JNRAZ,Offer E,Yes,29.28,No,Yes,Cable,4.0,No,Yes,No,No,No,No,No,Yes
8806-EAGWC,Offer E,Yes,22.77,No,Yes,DSL,51.0,No,No,No,No,Yes,No,Yes,Yes
8807-ARQET,Offer B,No,,,Yes,Cable,21.0,No,Yes,No,No,No,Yes,Yes,Yes
8807-OPMBM,Offer B,Yes,1.44,Yes,No,,,,,,,,,,
8808-ELEHO,,Yes,5.02,Yes,Yes,Fiber Optic,26.0,No,No,Yes,No,No,No,No,Yes
8809-RIHDD,,Yes,3.07,Yes,Yes,Fiber Optic,23.0,No,Yes,Yes,No,Yes,Yes,Yes,Yes
8809-XKHMD,Offer A,Yes,43.84,Yes,Yes,Fiber Optic,15.0,Yes,Yes,No,Yes,No,Yes,Yes,Yes
8812-ZRHFP,Offer C,Yes,48.43,No,Yes,Fiber Optic,58.0,No,No,Yes,No,No,Yes,Yes,Yes
8815-LMFLX,Offer C,Yes,19.56,Yes,No,,,,,,,,,,
8816-VXNZD,,Yes,5.94,Yes,Yes,Fiber Optic,8.0,No,No,No,No,No,No,No,Yes
8818-DOPVL,Offer B,Yes,41.17,Yes,Yes,Fiber Optic,30.0,No,Yes,Yes,No,Yes,Yes,Yes,Yes
8818-XYFCQ,Offer C,Yes,33.57,Yes,Yes,Fiber Optic,26.0,Yes,No,No,No,Yes,Yes,Yes,No
8819-IMISP,,Yes,37.07,Yes,Yes,Fiber Optic,23.0,No,Yes,No,No,No,No,No,Yes
8819-WFGGJ,Offer A,No,,,Yes,Cable,16.0,Yes,No,Yes,No,Yes,Yes,Yes,Yes
8819-ZBYNA,,Yes,37.15,Yes,Yes,Fiber Optic,7.0,Yes,Yes,No,Yes,Yes,Yes,Yes,Yes
8821-KVZKQ,Offer A,No,,,Yes,Cable,19.0,No,Yes,Yes,Yes,Yes,Yes,Yes,Yes
8821-XNHVZ,,Yes,39.79,No,Yes,Fiber Optic,7.0,No,No,No,No,Yes,No,No,Yes
8822-KNBHV,,Yes,45.51,Yes,Yes,DSL,27.0,Yes,Yes,Yes,No,Yes,Yes,Yes,Yes
8823-RLPWL,Offer A,Yes,41.21,Yes,Yes,Fiber Optic,73.0,Yes,Yes,Yes,No,Yes,Yes,Yes,Yes
8824-RWFXJ,Offer E,Yes,29.29,No,Yes,Cable,52.0,No,Yes,Yes,No,No,No,Yes,Yes
8835-VSDSE,Offer E,Yes,9.76,No,Yes,Cable,27.0,No,No,No,No,No,No,No,Yes
8837-VVWLQ,,Yes,32.31,No,Yes,Fiber Optic,6.0,Yes,No,No,No,Yes,No,No,Yes
8838-GPHZP,,Yes,16.57,No,No,,,,,,,,,,
8840-DQLGN,,Yes,15.98,Yes,Yes,Cable,22.0,Yes,Yes,No,Yes,Yes,No,No,Yes
8844-TONUD,Offer D,Yes,45.6,No,Yes,Fiber Optic,11.0,No,No,Yes,No,Yes,Yes,Yes,Yes
8845-LWKGE,Offer C,Yes,36.74,No,Yes,Cable,18.0,No,No,Yes,Yes,Yes,No,No,Yes
8847-GEOOQ,Offer B,No,,,Yes,DSL,2.0,No,Yes,Yes,Yes,Yes,Yes,Yes,Yes
8849-AYPTR,Offer C,Yes,26.8,No,Yes,Fiber Optic,17.0,No,No,No,No,Yes,Yes,Yes,No
8849-GYOKR,,Yes,8.83,Yes,Yes,Fiber Optic,21.0,Yes,Yes,No,No,Yes,Yes,Yes,Yes
8849-PRIQJ,,Yes,3.3,Yes,Yes,Fiber Optic,19.0,Yes,No,Yes,Yes,Yes,Yes,Yes,Yes
8851-RAGOV,,Yes,2.34,No,Yes,DSL,73.0,Yes,Yes,No,Yes,No,Yes,Yes,Yes
8853-TZDGH,,Yes,24.19,Yes,Yes,Fiber Optic,13.0,No,Yes,Yes,Yes,Yes,Yes,Yes,Yes
8854-CCVSQ,,Yes,38.87,Yes,Yes,Fiber Optic,7.0,No,Yes,No,No,No,No,No,No
8857-CUPFQ,Offer B,Yes,17.38,No,No,,,,,,,,,,
8859-AXJZP,,Yes,29.56,Yes,No,,,,,,,,,,
8859-DZTGQ,,Yes,14.48,No,No,,,,,,,,,,
8859-YSTWS,Offer B,Yes,11.02,No,No,,,,,,,,,,
8861-HGGKB,,Yes,17.65,Yes,Yes,Fiber Optic,20.0,No,No,No,No,No,Yes,Yes,Yes
8865-TNMNX,Offer D,Yes,26.17,No,Yes,DSL,7.0,No,Yes,No,No,No,No,No,Yes
8868-GAGIO,,Yes,22.8,Yes,Yes,Fiber Optic,15.0,Yes,No,Yes,No,No,No,No,Yes
8868-WOZGU,Offer C,Yes,30.48,Yes,Yes,Fiber Optic,13.0,No,Yes,Yes,No,Yes,Yes,Yes,No
8869-LIHMK,,Yes,44.31,Yes,Yes,Fiber Optic,4.0,Yes,Yes,Yes,Yes,Yes,Yes,Yes,Yes
8869-TORSS,,Yes,33.91,No,Yes,DSL,13.0,Yes,No,Yes,Yes,No,No,No,Yes
8871-JLMHM,Offer A,Yes,3.41,Yes,Yes,Fiber Optic,26.0,No,Yes,Yes,Yes,No,No,No,Yes
8873-GLDMH,,Yes,27.69,Yes,Yes,Fiber Optic,9.0,No,No,No,No,No,No,No,Yes
8873-TMKGR,Offer C,Yes,49.52,No,No,,,,,,,,,,
8874-EJNSR,,Yes,20.49,Yes,No,,,,,,,,,,
8875-AKBYH,Offer D,Yes,25.51,Yes,Yes,Fiber Optic,9.0,No,No,No,No,Yes,No,No,No
8878-HMWBV,Offer E,Yes,40.79,No,Yes,DSL,29.0,No,No,Yes,No,No,No,No,No
8878-RYUKI,,Yes,9.37,No,Yes,DSL,59.0,No,No,Yes,No,No,Yes,Yes,Yes
8879-XUAHX,,Yes,6.19,Yes,Yes,Fiber Optic,9.0,Yes,Yes,Yes,Yes,Yes,Yes,Yes,Yes
8879-ZKJOF,,Yes,38.21,No,Yes,DSL,5.0,Yes,No,Yes,Yes,Yes,Yes,Yes,Yes
8882-TLVRW,,No,,,Yes,DSL,11.0,Yes,No,Yes,Yes,No,No,No,Yes
8883-ANODQ,,Yes,24.94,Yes,Yes,Fiber Optic,30.0,No,Yes,Yes,No,No,No,No,Yes
8883-GRDWQ,,Yes,22.31,No,Yes,DSL,21.0,Yes,No,No,Yes,No,No,No,Yes
8884-ADFVN,,Yes,34.66,Yes,Yes,Fiber Optic,3.0,No,No,Yes,No,Yes,Yes,Yes,Yes
8884-FEEWR,Offer C,Yes,42.02,No,No,,,,,,,,,,
8884-MRNSU,Offer D,Yes,14.69,No,No,,,,,,,,,,
8885-QSQBX,,Yes,10.83,No,Yes,DSL,15.0,Yes,No,No,No,No,No,No,Yes
8887-IPQNC,,Yes,31.43,No,Yes,DSL,24.0,No,No,No,No,No,No,No,No
8894-JVDCV,Offer B,Yes,36.84,Yes,Yes,Fiber Optic,13.0,Yes,Yes,Yes,Yes,Yes,Yes,Yes,Yes
8896-BQTTI,Offer E,Yes,3.39,Yes,No,,,,,,,,,,
8896-RAZCR,Offer B,Yes,13.45,No,No,,,,,,,,,,
8898-KASCD,,No,,,Yes,DSL,14.0,No,No,Yes,Yes,No,No,No,Yes
8901-HJXTF,,No,,,Yes,DSL,27.0,No,Yes,No,No,No,No,No,Yes
8901-UPRHR,Offer A,Yes,44.03,Yes,Yes,Fiber Optic,14.0,No,Yes,Yes,Yes,Yes,Yes,Yes,Yes
8902-ZEOVF,Offer B,Yes,6.51,No,No,,,,,,,,,,
8903-WMRNW,,Yes,24.12,No,Yes,Fiber Optic,13.0,Yes,No,Yes,No,Yes,Yes,Yes,Yes
8903-XEBGX,Offer E,Yes,43.93,No,Yes,DSL,59.0,No,No,No,No,No,Yes,Yes,Yes
8904-OPDCK,Offer B,No,,,Yes,DSL,4.0,No,No,No,No,No,No,No,Yes
8905-IAZPF,,Yes,46.87,No,Yes,Fiber Optic,11.0,No,Yes,No,No,Yes,Yes,Yes,Yes
8908-NMQTX,,No,,,Yes,Cable,9.0,Yes,Yes,Yes,Yes,Yes,Yes,Yes,Yes
8908-SLFCJ,Offer D,Yes,22.29,No,No,,,,,,,,,,
8909-BOLNL,,Yes,12.05,No,No,,,,,,,,,,
8910-ICHIU,Offer B,Yes,30.6,No,Yes,Fiber Optic,59.0,Yes,Yes,Yes,No,Yes,No,No,Yes
8910-LEDAG,,Yes,12.98,No,Yes,Fiber Optic,8.0,No,No,No,No,No,No,No,Yes
8914-RBTSB,,Yes,2.12,Yes,Yes,Fiber Optic,17.0,No,Yes,Yes,No,Yes,No,No,No
8915-NNTRC,,Yes,41.94,Yes,Yes,Fiber Optic,85.0,Yes,Yes,No,Yes,Yes,Yes,Yes,Yes
8917-FAEMR,,Yes,26.49,No,No,,,,,,,,,,
8917-SZTTJ,,Yes,21.98,No,No,,,,,,,,,,
8919-FYFQZ,,No,,,Yes,Cable,28.0,No,Yes,No,No,No,No,No,Yes
8920-NAVAY,,Yes,47.8,Yes,Yes,Fiber Optic,8.0,No,Yes,Yes,Yes,Yes,Yes,Yes,Yes
8922-LIEGH,,Yes,36.36,Yes,Yes,Fiber Optic,6.0,No,Yes,No,No,No,Yes,No,Yes
8922-NPKBJ,,Yes,34.33,No,No,,,,,,,,,,
8929-KSWIH,Offer C,Yes,4.94,No,Yes,Fiber Optic,51.0,No,No,Yes,Yes,Yes,Yes,Yes,Yes
8930-XOTDP,,Yes,18.47,No,Yes,DSL,30.0,No,No,No,No,Yes,No,No,Yes
8931-GJJIQ,,Yes,29.7,Yes,Yes,Fiber Optic,17.0,No,No,No,No,No,Yes,Yes,Yes
8932-CZHRQ,Offer A,Yes,20.29,Yes,Yes,DSL,29.0,Yes,Yes,Yes,No,No,Yes,Yes,Yes
8937-RDTHP,,Yes,26.85,No,Yes,Fiber Optic,11.0,Yes,No,No,No,No,Yes,Yes,Yes
8938-UMKPI,Offer B,Yes,35.97,Yes,Yes,Fiber Optic,25.0,No,Yes,Yes,No,Yes,Yes,Yes,No
8942-DBMHZ,,Yes,41.11,No,No,,,,,,,,,,
8943-URTMR,Offer E,Yes,29.04,No,Yes,Fiber Optic,21.0,No,No,No,No,Yes,No,No,Yes
8944-AILEF,Offer D,Yes,39.84,No,No,,,,,,,,,,
8945-GRKHX,Offer E,Yes,46.09,No,Yes,Fiber Optic,10.0,No,No,No,No,No,Yes,Yes,Yes
8945-MUQUF,Offer B,Yes,44.77,Yes,Yes,Fiber Optic,58.0,Yes,Yes,No,No,Yes,No,Yes,Yes
8946-BFWSG,Offer B,Yes,24.5,Yes,No,,,,,,,,,,
8947-YRTDV,,Yes,43.37,No,Yes,Fiber Optic,76.0,Yes,Yes,Yes,No,No,Yes,Yes,No
8949-JTMAY,Offer C,Yes,27.75,Yes,Yes,Fiber Optic,2.0,No,No,Yes,No,Yes,Yes,Yes,Yes
8950-MTZNV,Offer E,Yes,13.63,No,Yes,DSL,13.0,No,No,No,No,No,No,No,Yes
8952-WCVCD,Offer B,Yes,9.85,No,Yes,Fiber Optic,14.0,Yes,Yes,Yes,No,Yes,Yes,Yes,Yes
8957-THMOA,,Yes,18.95,No,No,,,,,,,,,,
8958-JPTRR,,Yes,21.21,Yes,No,,,,,,,,,,
8961-QDZZJ,Offer B,Yes,42.18,No,Yes,Fiber Optic,22.0,No,Yes,No,No,Yes,Yes,Yes,Yes
8963-JLGJT,Offer E,Yes,33.28,No,Yes,Cable,69.0,Yes,No,Yes,No,No,No,Yes,Yes
8963-MQVYN,Offer D,Yes,43.97,No,No,,,,,,,,,,
8966-KZXXA,,Yes,34.79,Yes,No,,,,,,,,,,
8966-OIQHG,,Yes,45.35,No,No,,,,,,,,,,
8966-SNIZF,,Yes,23.52,No,No,,,,,,,,,,
8967-SZQAS,Offer D,Yes,39.22,No,Yes,DSL,48.0,No,Yes,No,No,No,No,No,No
8969-PRHFK,Offer D,Yes,1.42,No,No,,,,,,,,,,
8970-ANWXO,Offer D,Yes,35.03,Yes,Yes,DSL,3.0,No,No,No,Yes,Yes,Yes,Yes,Yes
8972-HJWNV,Offer E,Yes,21.43,Yes,Yes,Fiber Optic,12.0,No,No,No,No,No,Yes,No,Yes
8974-OVACP,,Yes,27.59,No,No,,,,,,,,,,
8975-SKGRX,,Yes,33.83,Yes,Yes,Fiber Optic,27.0,Yes,Yes,Yes,Yes,Yes,Yes,Yes,No
8976-OQHGT,,Yes,42.71,No,Yes,DSL,56.0,No,Yes,No,Yes,No,No,No,Yes
8979-CAMGB,,Yes,10.07,Yes,Yes,Fiber Optic,26.0,No,No,Yes,Yes,Yes,Yes,Yes,Yes
8980-WQFWL,,Yes,2.15,No,Yes,DSL,7.0,No,No,Yes,No,No,Yes,Yes,Yes
8981-FJGLA,Offer D,Yes,47.12,Yes,Yes,Fiber Optic,23.0,No,No,Yes,No,No,No,No,Yes
8982-NHAVY,Offer C,Yes,8.86,Yes,Yes,Fiber Optic,73.0,No,No,Yes,No,Yes,Yes,Yes,No
8984-EYLLL,,Yes,40.18,Yes,Yes,Fiber Optic,30.0,No,Yes,No,Yes,Yes,Yes,Yes,Yes
8984-HPEMB,Offer A,Yes,17.9,Yes,Yes,Fiber Optic,21.0,Yes,Yes,Yes,Yes,Yes,Yes,Yes,Yes
8985-OOPOS,,Yes,36.05,No,Yes,DSL,30.0,No,No,Yes,Yes,Yes,Yes,Yes,Yes
8988-ECPJR,Offer C,Yes,25.84,Yes,Yes,Fiber Optic,15.0,No,Yes,No,No,No,No,No,Yes
8990-YOZLV,Offer A,Yes,13.91,Yes,Yes,Cable,7.0,Yes,Yes,No,Yes,No,No,No,Yes
8990-ZXLSU,Offer E,Yes,29.87,No,Yes,Fiber Optic,5.0,No,No,No,No,No,No,No,Yes
8992-CEUEN,,Yes,7.8,No,No,,,,,,,,,,
8992-JQYUN,Offer E,No,,,Yes,DSL,20.0,No,No,Yes,No,Yes,Yes,Yes,Yes
8992-OBVDG,Offer D,Yes,39.85,No,Yes,DSL,52.0,No,No,Yes,No,No,Yes,Yes,Yes
8992-VONJD,,Yes,27.04,No,Yes,DSL,10.0,Yes,Yes,No,No,No,No,No,Yes
8993-IZEUX,,Yes,21.12,No,Yes,Fiber Optic,7.0,No,No,No,No,No,No,No,Yes
8993-PHFWD,,No,,,Yes,DSL,27.0,No,No,No,No,No,No,No,Yes
8996-ZROXE,Offer B,Yes,28.44,No,Yes,DSL,24.0,No,No,Yes,Yes,No,No,No,Yes
8999-BOHSE,,Yes,3.96,No,Yes,Fiber Optic,27.0,No,No,No,No,Yes,Yes,No,Yes
8999-EXMNO,Offer D,Yes,31.85,No,No,,,,,,,,,,
8999-XXGNS,Offer A,Yes,18.15,Yes,Yes,Fiber Optic,16.0,No,Yes,Yes,No,Yes,Yes,Yes,No
8999-YPYBV,Offer B,Yes,30.8,No,Yes,Cable,3.0,Yes,Yes,Yes,Yes,Yes,Yes,Yes,Yes
9000-PLFUZ,,No,,,Yes,DSL,22.0,No,Yes,No,No,Yes,Yes,No,No
9003-CPATH,,Yes,9.46,Yes,Yes,Fiber Optic,14.0,No,No,Yes,No,No,No,No,Yes
9013-AQORL,Offer B,No,,,Yes,DSL,48.0,No,Yes,Yes,No,No,Yes,Yes,Yes
9018-PCIOK,Offer B,Yes,27.0,No,Yes,Cable,20.0,No,Yes,Yes,No,No,Yes,Yes,Yes
9019-QVLZD,,Yes,32.13,No,Yes,Fiber Optic,15.0,No,No,No,No,Yes,No,No,No
9025-AOMKI,Offer E,Yes,43.8,Yes,Yes,Fiber Optic,5.0,No,No,No,No,Yes,Yes,Yes,Yes
9025-ZRPVR,Offer E,Yes,49.74,No,No,,,,,,,,,,
9026-LHEVG,Offer E,No,,,Yes,DSL,21.0,No,Yes,No,No,No,Yes,Yes,No
9026-RNUJS,,Yes,18.69,No,Yes,DSL,28.0,No,No,Yes,No,No,No,No,Yes
9027-TMATR,,Yes,38.53,No,Yes,DSL,27.0,Yes,No,Yes,Yes,Yes,Yes,Yes,Yes
9027-YFHQJ,Offer E,Yes,45.13,Yes,No,,,,,,,,,,
9028-LIHRP,,Yes,33.69,No,Yes,Fiber Optic,27.0,Yes,Yes,Yes,Yes,Yes,No,No,Yes
9029-FEGVJ,Offer C,Yes,2.17,Yes,Yes,Fiber Optic,11.0,No,No,Yes,No,No,No,No,Yes
9030-QGZNL,,Yes,11.46,No,No,,,,,,,,,,
9031-ZVQPT,,Yes,14.19,Yes,Yes,Fiber Optic,71.0,No,Yes,Yes,Yes,Yes,Yes,Yes,Yes
9033-EOXWV,,Yes,42.58,Yes,Yes,DSL,22.0,No,No,No,Yes,Yes,Yes,Yes,Yes
9036-CSKBW,,Yes,7.54,Yes,Yes,Fiber Optic,6.0,Yes,Yes,Yes,No,Yes,Yes,Yes,Yes
9039-RBEEE,,No,,,Yes,Cable,48.0,Yes,Yes,No,Yes,Yes,No,No,Yes
9039-ZVJDC,,Yes,16.32,No,No,,,,,,,,,,
9040-KZVWO,Offer C,Yes,39.63,No,Yes,Fiber Optic,29.0,No,Yes,No,No,No,No,No,Yes
9046-DQMTP,,Yes,17.92,No,No,,,,,,,,,,
9046-JBFWA,,Yes,30.36,No,No,,,,,,,,,,
9048-JVYVF,,Yes,35.64,No,Yes,Cable,6.0,No,No,No,Yes,Yes,Yes,Yes,Yes
9050-IKDZA,,Yes,24.95,No,Yes,Fiber Optic,22.0,No,No,No,No,Yes,No,No,Yes
9050-QLROH,,Yes,28.59,Yes,Yes,Fiber Optic,26.0,No,No,Yes,No,No,Yes,Yes,Yes
9052-DHNKM,,Yes,38.04,Yes,Yes,DSL,73.0,Yes,Yes,No,No,No,No,No,Yes
9052-VKDUW,Offer B,Yes,15.3,Yes,Yes,Fiber Optic,29.0,Yes,Yes,Yes,No,Yes,Yes,No,Yes
9053-EJUNL,Offer B,Yes,41.85,Yes,Yes,Fiber Optic,16.0,No,Yes,No,No,Yes,No,No,Yes
9053-JZFKV,Offer A,Yes,33.88,Yes,Yes,Fiber Optic,71.0,Yes,Yes,Yes,Yes,Yes,Yes,Yes,Yes
9054-FOWNV,Offer D,Yes,11.39,Yes,Yes,Fiber Optic,56.0,No,No,Yes,No,Yes,No,No,Yes
9055-MOJJJ,Offer B,Yes,26.7,No,Yes,Cable,17.0,Yes,No,No,Yes,Yes,No,No,No
9057-MSWCO,,No,,,Yes,Cable,13.0,Yes,No,No,No,No,No,No,No
9057-SIHCH,Offer E,Yes,9.95,Yes,Yes,Fiber Optic,13.0,No,No,No,No,Yes,Yes,Yes,Yes
9058-CBREO,,Yes,22.56,Yes,Yes,Cable,2.0,No,No,No,No,No,No,No,Yes
9058-HRZSV,,Yes,38.32,No,Yes,Fiber Optic,25.0,Yes,Yes,Yes,No,No,Yes,Yes,Yes
9058-MJLZC,,Yes,35.56,No,Yes,Fiber Optic,3.0,Yes,No,No,No,Yes,Yes,Yes,Yes
9060-HJJRW,,No,,,Yes,DSL,24.0,No,Yes,Yes,No,Yes,Yes,Yes,Yes
9061-TIHDA,,Yes,31.7,Yes,Yes,Cable,6.0,No,No,No,No,Yes,Yes,Yes,Yes
9063-ZGTUY,,Yes,46.27,No,No,,,,,,,,,,
9065-ZCPQX,Offer A,Yes,39.61,Yes,Yes,DSL,85.0,Yes,Yes,Yes,Yes,No,Yes,Yes,Yes
9066-QRSDU,Offer A,Yes,22.08,Yes,No,,,,,,,,,,
9067-SQTNS,,Yes,34.94,No,No,,,,,,,,,,
9067-YGSCA,,Yes,31.33,Yes,No,,,,,,,,,,
9068-FHQHD,,Yes,3.01,No,No,,,,,,,,,,
9068-VPWQQ,,Yes,28.8,Yes,Yes,Cable,52.0,Yes,No,Yes,Yes,No,Yes,Yes,Yes
9069-LGEUL,,Yes,3.67,No,Yes,DSL,69.0,Yes,No,No,No,No,Yes,Yes,No
9070-BCKQP,Offer A,Yes,23.7,Yes,Yes,Fiber Optic,85.0,Yes,No,Yes,Yes,Yes,Yes,Yes,Yes
9073-ZZIAY,,Yes,43.2,No,Yes,DSL,23.0,Yes,Yes,Yes,Yes,Yes,Yes,Yes,Yes
9074-KGVOX,,No,,,Yes,DSL,23.0,Yes,No,No,No,Yes,No,No,Yes
9076-AXYIK,,Yes,20.19,Yes,Yes,Fiber Optic,8.0,No,No,Yes,Yes,Yes,Yes,Yes,Yes
9079-LWTFD,,Yes,47.73,Yes,Yes,Fiber Optic,25.0,Yes,Yes,No,Yes,Yes,No,No,Yes
9079-YEXQJ,,Yes,46.74,Yes,Yes,Fiber Optic,16.0,No,Yes,Yes,Yes,Yes,Yes,Yes,No
9081-WWXKP,,Yes,37.35,No,No,,,,,,,,,,
9084-OAYKL,Offer B,Yes,49.02,No,No,,,,,,,,,,
9086-YJYXS,Offer C,Yes,5.39,Yes,Yes,Cable,52.0,No,No,Yes,No,Yes,Yes,Yes,Yes
9087-EYCPR,Offer B,Yes,39.41,Yes,No,,,,,,,,,,
9089-UOWJG,,Yes,7.97,No,Yes,DSL,52.0,No,No,Yes,No,Yes,No,No,Yes
9090-SGQXL,,Yes,47.17,Yes,Yes,Fiber Optic,29.0,No,Yes,Yes,No,Yes,Yes,No,Yes
9091-WTUUY,,Yes,25.74,No,Yes,DSL,51.0,Yes,No,Yes,Yes,Yes,No,No,Yes
9092-GDZKO,Offer D,Yes,22.97,Yes,No,,,,,,,,,,
9093-FPDLG,,Yes,9.52,No,Yes,Fiber Optic,4.0,No,Yes,Yes,Yes,No,Yes,Yes,Yes
9094-AZPHK,Offer D,Yes,32.07,Yes,Yes,Fiber Optic,28.0,No,Yes,No,No,Yes,Yes,Yes,No
9095-HFAFX,Offer E,Yes,20.2,No,Yes,Fiber Optic,23.0,No,No,No,No,Yes,No,No,No
9097-ZUBYC,Offer D,Yes,21.34,No,Yes,DSL,24.0,No,No,No,Yes,No,No,No,Yes
9099-FTUHS,,Yes,48.63,Yes,Yes,Cable,11.0,Yes,No,No,No,No,No,No,Yes
9101-BWFSS,Offer B,Yes,29.43,Yes,Yes,Fiber Optic,14.0,Yes,Yes,No,Yes,Yes,Yes,Yes,Yes
9101-NTIXF,Offer E,Yes,15.16,No,No,,,,,,,,,,
9102-IAYHT,,Yes,47.76,Yes,Yes,Fiber Optic,26.0,No,No,No,No,No,Yes,Yes,Yes
9102-OXKFY,Offer B,Yes,49.48,Yes,Yes,Cable,9.0,No,No,Yes,No,No,No,No,Yes
9103-CXVOK,,Yes,30.38,No,No,,,,,,,,,,
9103-TCIHJ,Offer D,Yes,40.66,Yes,Yes,DSL,8.0,Yes,No,No,No,No,No,No,Yes
9107-UKCKY,Offer B,Yes,27.88,Yes,Yes,DSL,5.0,No,Yes,Yes,No,Yes,Yes,Yes,No
9108-EJFJP,Offer E,Yes,16.06,No,Yes,DSL,59.0,Yes,Yes,No,No,No,No,Yes,Yes
9108-EQPNQ,Offer D,Yes,18.57,Yes,No,,,,,,,,,,
9110-HSGTV,Offer A,Yes,25.73,No,Yes,DSL,22.0,Yes,No,Yes,Yes,Yes,Yes,Yes,Yes
9112-WSNPU,,Yes,16.91,No,Yes,Fiber Optic,30.0,No,No,No,No,No,No,No,Yes
9114-AAFQH,Offer B,Yes,49.88,No,Yes,DSL,42.0,No,Yes,Yes,No,No,Yes,Yes,Yes
9114-DPSIA,,Yes,2.73,Yes,Yes,DSL,59.0,Yes,Yes,Yes,Yes,No,Yes,Yes,Yes
9114-VEPUF,Offer B,Yes,30.51,Yes,Yes,Fiber Optic,41.0,Yes,Yes,No,No,No,Yes,Yes,Yes
9115-YQHGA,Offer B,Yes,34.49,No,Yes,DSL,73.0,No,No,No,Yes,No,No,No,Yes
9117-SHLZX,,Yes,10.41,No,Yes,DSL,17.0,No,No,No,No,No,No,No,Yes
9121-PHQSR,Offer D,Yes,48.41,Yes,Yes,Fiber Optic,6.0,No,No,No,No,Yes,No,No,Yes
9122-UMROB,,Yes,10.84,No,No,,,,,,,,,,
9124-LHCJQ,,Yes,31.03,Yes,Yes,Fiber Optic,27.0,No,No,No,No,No,Yes,Yes,Yes
9127-FHJBZ,,Yes,32.47,Yes,Yes,Fiber Optic,76.0,Yes,Yes,Yes,Yes,Yes,Yes,Yes,Yes
9127-QRZMH,,Yes,17.61,No,Yes,DSL,24.0,Yes,Yes,No,Yes,No,No,No,Yes
9128-CPXKI,,Yes,30.44,No,Yes,Fiber Optic,30.0,No,No,Yes,No,Yes,Yes,Yes,Yes
9129-UXERG,,Yes,1.27,Yes,Yes,Fiber Optic,3.0,No,Yes,No,Yes,Yes,Yes,Yes,No
9133-AYJZG,,Yes,14.45,Yes,Yes,Fiber Optic,19.0,No,Yes,No,No,Yes,Yes,Yes,Yes
9134-CEQMF,Offer E,Yes,13.63,No,Yes,Fiber Optic,27.0,No,No,No,No,Yes,Yes,No,Yes
9134-WYRVP,Offer B,Yes,27.3,No,Yes,Fiber Optic,13.0,Yes,No,No,No,Yes,No,No,Yes
9135-HSWOC,Offer B,Yes,14.93,No,No,,,,,,,,,,
9135-MGVPY,,Yes,48.37,No,Yes,DSL,7.0,Yes,Yes,Yes,Yes,Yes,Yes,Yes,Yes
9136-ALYBR,,No,,,Yes,Cable,2.0,No,No,No,No,No,No,No,Yes
9137-NOQKA,,Yes,7.03,No,No,,,,,,,,,,
9137-UIYPG,,Yes,26.09,No,Yes,Fiber Optic,56.0,Yes,No,Yes,Yes,Yes,Yes,Yes,No
9138-EFSMO,,Yes,24.17,No,Yes,Fiber Optic,75.0,No,No,No,No,No,Yes,Yes,Yes
9139-TWBAS,,No,,,Yes,Cable,28.0,Yes,Yes,Yes,No,Yes,No,No,No
9139-WQQDY,,Yes,26.37,Yes,Yes,Fiber Optic,19.0,No,Yes,No,No,Yes,Yes,Yes,Yes
9140-CZQZZ,Offer A,Yes,47.95,No,Yes,DSL,14.0,Yes,Yes,No,Yes,Yes,Yes,Yes,Yes
9142-KZXOP,Offer B,Yes,1.7,No,Yes,Fiber Optic,28.0,No,No,No,No,No,No,No,Yes
9142-XMYJH,,Yes,2.76,No,No,,,,,,,,,,
9143-CANJF,,Yes,27.37,No,Yes,DSL,85.0,Yes,No,No,Yes,No,No,No,Yes
9146-JRIOX,,Yes,31.7,Yes,No,,,,,,,,,,
9150-HEPMB,,Yes,21.61,No,Yes,Cable,27.0,Yes,No,Yes,No,No,No,No,Yes
9150-KPBJQ,,Yes,29.09,No,No,,,,,,,,,,
9152-AMKAK,Offer E,Yes,22.95,No,Yes,Cable,10.0,Yes,No,Yes,Yes,Yes,Yes,Yes,Yes
9153-BTBVV,Offer A,Yes,48.01,Yes,No,,,,,,,,,,
9154-QDGTH,,Yes,22.83,Yes,Yes,Fiber Optic,47.0,No,No,Yes,Yes,Yes,Yes,Yes,Yes
9158-VCTQB,,Yes,5.01,Yes,Yes,Fiber Optic,10.0,Yes,Yes,Yes,Yes,Yes,Yes,Yes,Yes
9163-GHAYE,,Yes,31.68,No,Yes,Cable,23.0,No,Yes,No,No,No,No,No,Yes
9167-APMXZ,,Yes,19.2,Yes,Yes,Fiber Optic,41.0,No,No,No,No,Yes,No,No,No
9168-INPSZ,,Yes,20.83,Yes,Yes,Fiber Optic,9.0,No,No,Yes,Yes,Yes,Yes,No,Yes
9169-BSVIN,,Yes,18.52,Yes,Yes,DSL,53.0,No,No,Yes,No,Yes,Yes,Yes,Yes
9170-ARBTB,,Yes,8.25,No,No,,,,,,,,,,
9170-CCKOU,Offer D,Yes,12.06,Yes,Yes,Fiber Optic,9.0,Yes,Yes,Yes,No,No,No,No,Yes
9170-GYZJC,,Yes,45.26,Yes,Yes,Cable,56.0,Yes,Yes,Yes,Yes,No,Yes,Yes,Yes
9172-ANCRX,Offer D,Yes,37.36,Yes,Yes,Fiber Optic,28.0,Yes,No,No,No,Yes,Yes,Yes,Yes
9172-JITSM,,Yes,15.37,No,Yes,Fiber Optic,11.0,No,No,No,No,Yes,Yes,Yes,Yes
9173-IVZVP,,Yes,43.71,No,No,,,,,,,,,,
9174-FKWZE,,Yes,22.92,No,No,,,,,,,,,,
9174-IHETN,Offer B,Yes,36.11,No,Yes,Fiber Optic,20.0,No,No,No,No,No,No,No,Yes
9178-JHUVJ,Offer C,Yes,1.14,Yes,No,,,,,,,,,,
9184-GALIL,,Yes,2.86,No,No,,,,,,,,,,
9185-TQCVP,,Yes,21.3,Yes,Yes,Fiber Optic,42.0,No,No,No,No,No,Yes,Yes,Yes
9189-JWSHV,,Yes,13.38,Yes,Yes,Fiber Optic,12.0,No,No,No,No,Yes,Yes,Yes,Yes
9190-MFJLN,Offer D,Yes,32.77,No,Yes,Fiber Optic,4.0,No,No,Yes,No,Yes,Yes,Yes,Yes
9191-MYQKX,,Yes,8.69,No,Yes,Fiber Optic,53.0,No,No,Yes,No,No,No,No,Yes
9194-GFVOI,,Yes,9.84,Yes,Yes,DSL,52.0,Yes,No,Yes,Yes,Yes,Yes,Yes,Yes
9199-PWQVC,Offer B,Yes,49.08,Yes,Yes,Cable,24.0,Yes,Yes,No,No,Yes,Yes,Yes,No
9200-NLNPD,,No,,,Yes,DSL,30.0,No,No,Yes,Yes,Yes,Yes,Yes,No
9206-GVPEQ,,No,,,Yes,Cable,71.0,Yes,No,No,Yes,Yes,Yes,Yes,Yes
9207-ZPANB,Offer C,Yes,13.04,Yes,Yes,DSL,14.0,Yes,Yes,Yes,Yes,No,No,No,Yes
9208-OLGAQ,,Yes,25.7,No,Yes,Fiber Optic,23.0,No,No,Yes,No,No,Yes,No,No
9209-NWPGU,Offer B,Yes,34.98,No,Yes,Cable,2.0,Yes,No,No,Yes,Yes,No,No,Yes
9210-IAHGH,Offer E,Yes,23.35,No,Yes,DSL,6.0,No,No,No,Yes,Yes,Yes,Yes,Yes
9214-EKVXR,,Yes,26.15,No,Yes,DSL,26.0,No,No,No,No,No,No,No,Yes
9220-CXRSC,,Yes,39.07,Yes,Yes,DSL,19.0,Yes,No,No,Yes,No,No,No,Yes
9220-ZNKJI,,Yes,33.21,No,Yes,Fiber Optic,4.0,No,No,Yes,Yes,Yes,No,No,Yes
9221-OTIVJ,,Yes,29.96,Yes,Yes,Fiber Optic,7.0,No,Yes,Yes,No,Yes,Yes,No,Yes
9223-UCPVT,,Yes,18.34,No,Yes,Fiber Optic,6.0,No,No,Yes,No,Yes,Yes,Yes,Yes
9224-VTYID,Offer B,Yes,11.74,Yes,Yes,DSL,48.0,Yes,Yes,Yes,Yes,Yes,Yes,Yes,Yes
9225-BZLNZ,,Yes,16.58,Yes,Yes,DSL,30.0,Yes,Yes,Yes,No,Yes,Yes,Yes,Yes
9227-LUNBG,,No,,,Yes,DSL,12.0,No,No,No,No,No,No,No,Yes
9227-UAQFT,Offer D,Yes,40.17,No,No,,,,,,,,,,
9227-YBAXE,Offer B,Yes,4.75,Yes,Yes,DSL,69.0,Yes,Yes,No,Yes,Yes,Yes,Yes,No
9229-RQABD,Offer D,Yes,12.97,Yes,No,,,,,,,,,,
9231-ZJYAM,,Yes,36.93,No,Yes,Fiber Optic,18.0,No,No,No,No,Yes,No,No,Yes
9233-PSYHO,Offer B,Yes,6.9,Yes,Yes,Fiber Optic,20.0,No,No,Yes,No,Yes,Yes,No,Yes
9236-NDUCW,Offer D,No,,,Yes,DSL,4.0,Yes,No,No,Yes,No,No,No,Yes
9237-HQITU,,Yes,9.12,No,Yes,Fiber Optic,51.0,No,No,No,No,No,No,No,Yes
9239-GZHZE,Offer A,Yes,24.85,Yes,Yes,Fiber Optic,47.0,Yes,Yes,Yes,Yes,Yes,Yes,Yes,Yes
9239-ZBZZV,Offer E,No,,,Yes,DSL,71.0,No,No,Yes,No,Yes,Yes,Yes,Yes
9242-TKFSV,Offer A,No,,,Yes,DSL,15.0,Yes,Yes,Yes,Yes,Yes,Yes,Yes,Yes
9244-ZVAPM,,Yes,37.44,No,Yes,DSL,9.0,No,No,No,No,No,No,No,Yes
9248-OJYKK,,Yes,3.84,Yes,Yes,Fiber Optic,13.0,No,No,No,No,No,No,No,No
9249-FXSCK,Offer B,Yes,33.69,Yes,Yes,Fiber Optic,52.0,Yes,Yes,No,Yes,Yes,Yes,Yes,Yes
9250-WYPLL,,Yes,35.22,Yes,Yes,Fiber Optic,58.0,No,No,No,No,No,No,Yes,Yes
9251-AWQGT,,Yes,9.77,No,No,,,,,,,,,,
9251-WNSOD,Offer A,Yes,4.71,Yes,Yes,DSL,58.0,Yes,Yes,Yes,No,No,Yes,Yes,Yes
9253-QXKBE,,Yes,6.25,Yes,Yes,Fiber Optic,21.0,No,No,No,No,Yes,Yes,No,Yes
9253-VIFJQ,Offer B,Yes,39.49,Yes,Yes,DSL,18.0,Yes,Yes,Yes,No,No,No,No,Yes
9254-RBFON,Offer D,Yes,5.4,No,Yes,Fiber Optic,8.0,No,No,Yes,Yes,Yes,Yes,Yes,Yes
9256-JTBNZ,,Yes,48.92,No,No,,,,,,,,,,
9257-AZMTZ,,Yes,2.44,No,No,,,,,,,,,,
9258-CNWAC,Offer A,Yes,4.32,Yes,Yes,Fiber Optic,41.0,Yes,Yes,Yes,Yes,Yes,Yes,Yes,Yes
9259-PACGQ,,Yes,41.32,Yes,Yes,Cable,71.0,Yes,Yes,No,Yes,No,No,No,Yes
9261-WDCAF,,Yes,33.53,No,Yes,DSL,30.0,No,No,No,No,No,Yes,Yes,Yes
9269-CQOOL,Offer E,Yes,2.88,No,Yes,DSL,17.0,No,No,No,No,Yes,No,No,Yes
9272-LSVYH,,Yes,4.29,No,Yes,Fiber Optic,85.0,No,No,No,No,No,No,No,Yes
9274-CNFMO,,Yes,28.11,Yes,Yes,Fiber Optic,27.0,No,No,No,No,No,No,No,Yes
9274-UARKJ,,Yes,10.43,No,Yes,Fiber Optic,29.0,No,Yes,No,No,Yes,No,No,Yes
9277-JOOMO,,Yes,26.33,Yes,No,,,,,,,,,,
9278-VZKCD,,Yes,4.11,Yes,Yes,Fiber Optic,17.0,Yes,Yes,Yes,No,Yes,Yes,No,Yes
9279-CJEOJ,,Yes,37.4,Yes,Yes,Fiber Optic,16.0,No,No,No,No,Yes,Yes,No,Yes
9281-CEDRU,,Yes,8.62,No,Yes,DSL,53.0,No,Yes,No,Yes,Yes,No,No,Yes
9281-OFDMF,,Yes,20.06,Yes,Yes,Fiber Optic,3.0,No,Yes,No,No,No,Yes,Yes,Yes
9281-PKKZE,,No,,,Yes,DSL,8.0,No,No,No,No,Yes,Yes,Yes,Yes
9282-IZGQK,Offer E,Yes,30.52,Yes,Yes,Fiber Optic,30.0,No,No,No,No,No,Yes,Yes,Yes
9283-LZQOH,,Yes,2.92,Yes,Yes,Fiber Optic,21.0,No,No,No,No,No,No,No,Yes
9286-BHDQG,Offer A,No,,,Yes,DSL,17.0,Yes,Yes,Yes,Yes,No,No,No,Yes
9286-DOJGF,,Yes,15.78,Yes,Yes,Fiber Optic,30.0,No,No,No,No,No,No,No,Yes
9289-LBQVU,,Yes,32.93,Yes,Yes,DSL,26.0,No,Yes,No,Yes,No,Yes,Yes,Yes
9290-SHCMB,,Yes,26.68,No,Yes,Fiber Optic,24.0,No,No,Yes,No,Yes,Yes,Yes,Yes
9294-TDIPC,Offer E,Yes,12.22,No,No,,,,,,,,,,
9297-EONCV,Offer A,Yes,44.21,Yes,Yes,DSL,22.0,Yes,Yes,Yes,Yes,Yes,Yes,Yes,Yes
9297-FVVDH,Offer B,Yes,10.05,Yes,Yes,DSL,16.0,Yes,No,Yes,Yes,Yes,Yes,Yes,Yes
9298-WGMRW,Offer A,Yes,24.32,Yes,Yes,Fiber Optic,76.0,Yes,Yes,Yes,Yes,Yes,Yes,Yes,Yes
9300-AGZNL,,Yes,21.85,Yes,Yes,Fiber Optic,29.0,No,No,No,No,Yes,Yes,No,Yes
9300-RENDD,Offer E,Yes,3.13,No,Yes,Fiber Optic,5.0,No,No,No,No,Yes,No,No,Yes
9305-CDSKC,,Yes,12.15,Yes,Yes,Cable,26.0,No,No,Yes,No,Yes,Yes,Yes,Yes
9306-CPCBC,,Yes,35.54,Yes,Yes,Fiber Optic,27.0,No,No,No,No,No,No,No,Yes
9308-ANMVE,Offer B,Yes,25.25,No,Yes,Cable,17.0,Yes,Yes,No,No,No,No,No,Yes
9309-BZGNT,,No,,,Yes,DSL,13.0,No,No,Yes,No,No,No,No,Yes
9313-CDOGY,,Yes,24.16,No,No,,,,,,,,,,
9313-QOLTZ,Offer C,Yes,31.73,No,No,,,,,,,,,,
9314-IJWSQ,Offer D,Yes,26.58,Yes,Yes,Fiber Optic,53.0,No,No,No,No,Yes,No,No,Yes
9314-QDMDW,Offer D,Yes,27.84,No,Yes,Cable,59.0,No,Yes,No,No,Yes,No,No,Yes
9317-WZPGV,Offer E,Yes,39.63,No,Yes,Fiber Optic,23.0,No,No,No,No,No,Yes,No,No
9318-NKNFC,,Yes,40.49,No,No,,,,,,,,,,
9323-HGFWY,Offer C,Yes,20.02,No,Yes,Fiber Optic,27.0,Yes,No,No,Yes,Yes,Yes,Yes,Yes
9327-QSDED,,Yes,7.02,No,Yes,DSL,23.0,No,No,No,No,No,No,No,No
9330-DHBFL,,Yes,11.4,No,Yes,DSL,58.0,Yes,Yes,Yes,Yes,No,No,No,Yes
9330-IJWIO,Offer D,Yes,6.78,Yes,Yes,Fiber Optic,26.0,Yes,No,No,No,Yes,Yes,Yes,Yes
9330-VOFSZ,Offer B,Yes,30.23,Yes,Yes,Fiber Optic,14.0,No,Yes,Yes,Yes,Yes,Yes,Yes,Yes
9332-GYWLO,,Yes,30.17,No,Yes,DSL,48.0,No,No,No,No,Yes,No,No,Yes
9334-GWGOW,,Yes,6.81,Yes,Yes,Fiber Optic,13.0,No,No,No,No,No,No,No,Yes
9337-SRRNI,Offer A,Yes,23.81,Yes,No,,,,,,,,,,
9339-FIIJL,Offer A,Yes,10.97,Yes,Yes,DSL,30.0,No,Yes,Yes,Yes,Yes,Yes,Yes,Yes
9342-VNIMQ,Offer C,Yes,5.91,Yes,Yes,DSL,5.0,No,Yes,No,No,No,No,No,Yes
9347-AERRL,,Yes,36.14,No,No,,,,,,,,,,
9348-ROUAI,Offer B,Yes,47.05,Yes,Yes,Cable,24.0,Yes,Yes,Yes,Yes,Yes,Yes,Yes,Yes
9348-YVOMK,Offer E,Yes,43.77,No,Yes,DSL,41.0,No,No,No,No,No,No,Yes,Yes
9350-VLHMB,Offer A,Yes,6.15,Yes,Yes,Fiber Optic,53.0,No,Yes,No,No,No,Yes,Yes,Yes
9350-ZXYJC,Offer E,Yes,9.75,Yes,No,,,,,,,,,,
9351-HXDMR,Offer A,Yes,46.16,Yes,Yes,Fiber Optic,14.0,Yes,No,Yes,Yes,Yes,Yes,Yes,Yes
9351-LZYGF,,Yes,36.35,Yes,Yes,DSL,30.0,Yes,Yes,No,Yes,No,No,No,Yes
9355-NPPFS,,Yes,19.21,No,Yes,Fiber Optic,15.0,No,No,No,No,No,Yes,Yes,Yes
9356-AXGMP,Offer C,Yes,42.08,Yes,Yes,Fiber Optic,15.0,Yes,No,Yes,Yes,Yes,Yes,Yes,Yes
9357-UJRUN,,Yes,34.01,Yes,Yes,Cable,4.0,Yes,No,No,Yes,No,No,No,Yes
9359-JANWS,,Yes,34.31,No,Yes,DSL,71.0,Yes,No,Yes,Yes,No,No,No,Yes
9359-UGBTK,,Yes,5.39,No,Yes,Cable,9.0,Yes,No,Yes,Yes,No,Yes,Yes,Yes
9360-AHGNL,Offer B,Yes,8.75,Yes,Yes,Fiber Optic,13.0,Yes,No,Yes,Yes,Yes,Yes,No,Yes
9360-OMDZZ,Offer C,Yes,30.42,Yes,Yes,Fiber Optic,14.0,No,No,No,No,Yes,Yes,Yes,No
9361-YNQWJ,Offer B,Yes,15.93,Yes,No,,,,,,,,,,
9362-MWODR,,Yes,20.13,No,Yes,DSL,10.0,Yes,No,No,Yes,Yes,No,No,Yes
9364-YKUVW,,Yes,16.13,No,No,,,,,,,,,,
9365-CSLBQ,,Yes,4.89,Yes,No,,,,,,,,,,
9365-SRSZE,Offer C,Yes,30.49,No,Yes,Fiber Optic,16.0,No,No,No,No,No,No,No,Yes
9367-OIUXP,,Yes,45.37,No,No,,,,,,,,,,
9367-TCUYN,Offer D,Yes,8.82,No,No,,,,,,,,,,
9367-WXLCH,Offer E,Yes,25.73,Yes,Yes,Fiber Optic,19.0,No,No,No,No,No,Yes,Yes,Yes
9369-XFEHK,,Yes,33.19,Yes,Yes,Cable,15.0,No,Yes,No,No,No,No,No,Yes
9371-BITHB,Offer B,Yes,3.41,No,No,,,,,,,,,,
9372-TXXPS,Offer B,Yes,41.4,No,Yes,Cable,21.0,Yes,Yes,No,Yes,No,No,No,Yes
9373-WSLOY,,No,,,Yes,DSL,4.0,No,Yes,Yes,Yes,Yes,No,No,Yes
9374-YOLBJ,Offer E,Yes,25.1,No,No,,,,,,,,,,
9375-MHRRS,Offer E,Yes,23.01,No,Yes,DSL,13.0,No,No,No,Yes,No,No,No,No
9378-FXTIZ,,Yes,42.1,Yes,Yes,DSL,12.0,No,No,No,No,Yes,Yes,Yes,Yes
9381-NDKME,Offer C,No,,,Yes,Cable,29.0,No,No,Yes,No,No,Yes,No,Yes
9385-EHGDO,,Yes,9.04,No,No,,,,,,,,,,
9385-NXKDA,Offer A,Yes,17.28,Yes,Yes,DSL,11.0,Yes,Yes,Yes,No,Yes,Yes,Yes,Yes
9386-LDCZR,Offer B,Yes,36.78,No,Yes,Fiber Optic,59.0,Yes,Yes,Yes,Yes,No,No,No,Yes
9388-ZEYVT,Offer B,No,,,Yes,DSL,11.0,No,No,Yes,Yes,No,Yes,Yes,Yes
9389-ACWBI,,Yes,1.38,No,Yes,Fiber Optic,16.0,No,No,No,No,No,No,No,Yes
9391-DXGGG,Offer B,Yes,35.39,No,Yes,Fiber Optic,19.0,No,Yes,Yes,No,No,Yes,Yes,Yes
9391-EOYLI,Offer D,Yes,6.97,No,Yes,Fiber Optic,19.0,No,No,No,No,No,Yes,No,Yes
9391-LMANN,Offer B,Yes,33.74,No,Yes,Fiber Optic,56.0,Yes,Yes,Yes,No,No,Yes,Yes,Yes
9391-TTOYH,Offer D,Yes,13.98,No,No,,,,,,,,,,
9391-YZEJW,Offer B,Yes,32.29,Yes,Yes,Fiber Optic,26.0,No,No,No,No,Yes,Yes,Yes,Yes
9392-XBGTD,,Yes,8.55,No,No,,,,,,,,,,
9396-ZSFLL,,Yes,13.58,Yes,Yes,DSL,19.0,No,No,No,No,No,No,No,Yes
9397-TZSHA,Offer A,Yes,36.5,Yes,No,,,,,,,,,,
9398-MMQTO,,Yes,34.8,No,Yes,Fiber Optic,5.0,No,Yes,No,No,No,No,No,No
9399-APLBT,,Yes,21.91,No,Yes,Fiber Optic,8.0,No,Yes,No,No,No,No,No,Yes
9402-CXWPL,Offer A,Yes,8.39,Yes,Yes,Fiber Optic,59.0,No,Yes,No,No,Yes,Yes,Yes,Yes
9402-ORRAH,,Yes,39.57,No,Yes,Fiber Optic,16.0,No,No,No,No,Yes,Yes,No,Yes
9402-ROUMJ,Offer A,Yes,3.04,Yes,Yes,Fiber Optic,30.0,Yes,No,Yes,Yes,No,Yes,Yes,Yes
9405-GPBBG,,Yes,5.68,Yes,Yes,Fiber Optic,24.0,No,Yes,Yes,Yes,Yes,Yes,Yes,No
9408-HRXRK,,Yes,47.48,Yes,Yes,Fiber Optic,20.0,Yes,Yes,No,No,Yes,Yes,Yes,Yes
9408-SSNVZ,,Yes,29.4,No,Yes,Fiber Optic,17.0,No,No,No,No,No,No,No,Yes
9411-TPQQV,Offer B,No,,,Yes,DSL,28.0,Yes,No,No,Yes,Yes,Yes,Yes,No
9412-ARGBX,,Yes,29.54,No,Yes,Fiber Optic,29.0,No,Yes,Yes,Yes,Yes,No,No,Yes
9412-GHEEC,,Yes,35.58,Yes,Yes,Fiber Optic,8.0,No,No,Yes,Yes,Yes,Yes,Yes,Yes
9415-DPEWS,,Yes,12.67,Yes,Yes,Fiber Optic,23.0,No,No,No,Yes,Yes,No,No,Yes
9415-TPKRV,Offer E,Yes,12.41,Yes,Yes,DSL,53.0,No,Yes,No,No,No,No,No,Yes
9415-ZNBSX,,Yes,33.24,Yes,Yes,DSL,51.0,Yes,Yes,Yes,Yes,Yes,Yes,Yes,Yes
9418-RUKPH,Offer C,Yes,49.9,No,No,,,,,,,,,,
9419-IPPBE,Offer B,Yes,19.9,Yes,Yes,Fiber Optic,59.0,No,No,Yes,No,No,Yes,Yes,Yes
9420-LOJKX,,Yes,3.96,No,Yes,Fiber Optic,20.0,Yes,Yes,No,No,Yes,Yes,Yes,Yes
9424-CMPOG,Offer E,Yes,2.68,No,No,,,,,,,,,,
9426-SXNHE,,Yes,4.92,No,No,,,,,,,,,,
9430-FRQOC,,Yes,32.46,Yes,Yes,Fiber Optic,3.0,No,No,Yes,Yes,No,No,No,Yes
9430-NKQLY,Offer A,Yes,27.93,Yes,No,,,,,,,,,,
9432-RUVSL,Offer B,Yes,19.04,No,Yes,Fiber Optic,21.0,Yes,No,Yes,Yes,Yes,Yes,Yes,Yes
9432-VOFYX,Offer D,Yes,35.88,No,Yes,Fiber Optic,52.0,No,No,No,No,No,No,No,Yes
9435-JMLSX,Offer A,Yes,5.51,No,Yes,Cable,6.0,Yes,Yes,Yes,Yes,Yes,Yes,Yes,Yes
9436-ZBZCT,Offer D,Yes,28.65,Yes,Yes,Cable,27.0,No,No,No,Yes,Yes,No,No,Yes
9441-QHEVC,,Yes,44.22,No,No,,,,,,,,,,
9442-JTWDL,,Yes,26.85,No,No,,,,,,,,,,
9443-JUBUO,Offer A,No,,,Yes,DSL,51.0,Yes,Yes,Yes,Yes,Yes,Yes,Yes,No
9444-JTXHZ,,Yes,35.15,No,Yes,Fiber Optic,14.0,No,No,Yes,No,No,No,No,No
9445-SZLCH,,Yes,24.51,Yes,Yes,Fiber Optic,27.0,No,Yes,Yes,No,Yes,No,No,Yes
9445-ZUEQE,Offer C,Yes,48.17,Yes,Yes,Fiber Optic,15.0,No,Yes,No,Yes,No,No,No,No
9447-YPTBX,,Yes,28.1,No,No,,,,,,,,,,
9448-REEVD,,Yes,32.08,No,Yes,DSL,73.0,No,No,No,No,No,No,Yes,Yes
9450-TRJUU,,Yes,41.21,Yes,Yes,Fiber Optic,6.0,No,No,No,No,Yes,No,No,Yes
9451-LPGOO,Offer E,Yes,30.61,Yes,Yes,Fiber Optic,59.0,No,No,No,No,No,Yes,Yes,Yes
9451-WLYRI,Offer B,Yes,46.24,No,No,,,,,,,,,,
9453-PATOS,Offer A,Yes,20.54,No,Yes,Cable,41.0,Yes,Yes,Yes,Yes,Yes,Yes,Yes,Yes
9462-MJUAW,,Yes,30.44,Yes,Yes,Cable,10.0,No,No,No,No,No,No,No,Yes
9465-RWMXL,Offer C,Yes,22.57,Yes,Yes,Fiber Optic,11.0,No,No,Yes,No,No,No,No,Yes
9467-ROOLM,Offer C,Yes,30.28,No,No,,,,,,,,,,
9469-WEJBT,,Yes,6.99,No,Yes,Fiber Optic,22.0,No,No,Yes,Yes,No,Yes,Yes,No
9470-RTWDV,Offer C,Yes,36.71,Yes,Yes,DSL,57.0,No,No,Yes,Yes,Yes,Yes,Yes,Yes
9470-XCCEM,,Yes,48.08,Yes,Yes,Fiber Optic,53.0,No,Yes,No,No,Yes,No,No,No
9470-YFUYI,,Yes,11.35,No,Yes,DSL,24.0,Yes,Yes,No,Yes,Yes,No,No,Yes
9473-CBZOP,,Yes,33.05,Yes,Yes,Cable,7.0,Yes,No,Yes,No,No,No,No,Yes
9474-PHLYD,Offer D,Yes,36.34,No,Yes,DSL,48.0,No,No,Yes,No,No,Yes,Yes,Yes
9475-NNDGC,,Yes,27.16,Yes,Yes,Fiber Optic,3.0,No,Yes,Yes,Yes,Yes,Yes,Yes,Yes
9477-LGWQI,Offer A,Yes,24.08,No,Yes,DSL,46.0,Yes,Yes,Yes,No,Yes,Yes,Yes,Yes
9479-HYNYL,,Yes,43.61,No,Yes,Cable,27.0,No,Yes,Yes,Yes,Yes,Yes,Yes,Yes
9480-BQJEI,,Yes,24.35,Yes,Yes,Fiber Optic,16.0,Yes,Yes,No,No,No,Yes,Yes,Yes
9481-IEBZY,Offer A,Yes,30.3,Yes,Yes,Fiber Optic,14.0,Yes,Yes,Yes,Yes,Yes,Yes,Yes,No
9481-SFCQY,Offer D,Yes,44.14,No,Yes,DSL,24.0,No,No,Yes,No,Yes,No,No,Yes
9481-WHGWY,Offer A,Yes,39.53,No,Yes,DSL,53.0,Yes,No,No,Yes,Yes,Yes,Yes,Yes
9483-GCPWE,,Yes,27.34,No,No,,,,,,,,,,
9488-FVZCC,Offer A,Yes,32.59,Yes,Yes,DSL,14.0,Yes,Yes,Yes,Yes,No,Yes,Yes,Yes
9488-FYQAU,,Yes,10.67,Yes,Yes,Fiber Optic,23.0,No,Yes,Yes,Yes,Yes,Yes,Yes,Yes
9488-HGMJH,Offer E,Yes,24.75,No,Yes,Fiber Optic,22.0,No,No,No,No,No,No,No,No
9489-DEDVP,,Yes,29.38,Yes,Yes,DSL,23.0,Yes,Yes,No,No,Yes,No,No,No
9489-JMTTN,Offer A,Yes,15.58,Yes,Yes,DSL,20.0,Yes,Yes,Yes,Yes,Yes,Yes,Yes,Yes
9489-UTFKA,Offer E,Yes,22.4,No,Yes,DSL,23.0,Yes,No,No,No,Yes,No,No,Yes
9490-DFPMD,,Yes,9.53,Yes,Yes,Fiber Optic,17.0,No,No,No,No,Yes,No,No,Yes
9492-TOKRI,,Yes,13.65,Yes,Yes,Fiber Optic,5.0,No,Yes,No,No,Yes,No,No,Yes
9494-BDNNC,,Yes,25.83,Yes,Yes,Fiber Optic,24.0,No,Yes,Yes,No,No,Yes,Yes,Yes
9494-MRNYX,,Yes,17.98,Yes,Yes,Fiber Optic,26.0,No,No,No,No,No,No,No,Yes
9495-REDIY,,No,,,Yes,DSL,18.0,Yes,No,No,No,Yes,No,No,Yes
9495-SKLKD,,Yes,22.31,Yes,Yes,Fiber Optic,19.0,No,Yes,Yes,No,No,Yes,Yes,Yes
9496-IVVRP,,Yes,44.84,No,Yes,DSL,57.0,Yes,No,No,No,No,No,No,No
9497-QCMMS,Offer E,Yes,30.17,Yes,Yes,Fiber Optic,6.0,No,No,No,No,Yes,Yes,No,Yes
9498-FIMXL,Offer E,Yes,31.02,No,No,,,,,,,,,,
9499-XPZXM,,Yes,15.23,Yes,Yes,DSL,26.0,Yes,Yes,No,Yes,No,No,No,Yes
9500-IWPXQ,Offer B,Yes,40.48,Yes,Yes,DSL,20.0,Yes,Yes,Yes,Yes,No,Yes,Yes,Yes
9500-LTVBP,Offer C,Yes,13.14,Yes,Yes,Fiber Optic,6.0,No,No,No,Yes,No,No,No,Yes
9500-WBGRP,Offer A,Yes,42.49,No,No,,,,,,,,,,
9501-UKKNL,,No,,,Yes,DSL,7.0,No,No,No,Yes,Yes,Yes,Yes,Yes
9503-XJUME,,Yes,22.65,No,No,,,,,,,,,,
9504-DSHWM,,Yes,33.14,Yes,Yes,DSL,17.0,Yes,No,No,Yes,No,No,No,No
9504-YAZWB,,Yes,28.46,No,No,,,,,,,,,,
9505-SQFSW,Offer E,No,,,Yes,Cable,53.0,No,Yes,No,No,No,Yes,Yes,Yes
9506-UXUSK,Offer D,Yes,39.17,No,Yes,Fiber Optic,10.0,No,No,No,No,No,No,No,No
9507-EXLTT,Offer E,Yes,23.63,No,Yes,Fiber Optic,52.0,No,No,No,No,Yes,No,No,Yes
9507-HSMMZ,Offer B,Yes,27.3,No,No,,,,,,,,,,
9508-ILZDG,,Yes,14.23,Yes,Yes,Fiber Optic,13.0,No,Yes,No,Yes,Yes,No,No,Yes
9509-MPYOD,Offer C,Yes,35.5,No,No,,,,,,,,,,
9512-PHSMG,,Yes,10.42,No,No,,,,,,,,,,
9512-UIBFX,,Yes,1.51,No,Yes,Fiber Optic,28.0,No,No,Yes,No,Yes,Yes,Yes,Yes
9513-DXHDA,,Yes,49.25,No,Yes,DSL,4.0,Yes,No,Yes,Yes,Yes,Yes,Yes,Yes
9514-JDSKI,Offer E,No,,,Yes,DSL,12.0,No,Yes,No,No,Yes,No,No,Yes
9518-IMLHK,,Yes,41.23,No,Yes,DSL,27.0,Yes,Yes,Yes,Yes,Yes,No,No,Yes
9518-RWHZL,,Yes,28.13,Yes,Yes,Fiber Optic,18.0,No,No,Yes,No,Yes,Yes,Yes,Yes
9518-XXBXE,,Yes,25.13,No,Yes,Fiber Optic,30.0,Yes,No,No,No,No,No,No,Yes
9522-BNTHX,,No,,,Yes,DSL,28.0,No,Yes,Yes,No,Yes,Yes,No,Yes
9522-ZSINC,Offer D,Yes,7.33,No,No,,,,,,,,,,
9524-EGPJC,,Yes,34.21,Yes,Yes,Fiber Optic,19.0,No,No,No,Yes,No,Yes,Yes,Yes
9526-BIHHD,Offer E,No,,,Yes,Cable,69.0,Yes,No,No,No,No,No,No,Yes
9526-JAWYF,Offer C,Yes,6.24,No,Yes,Fiber Optic,25.0,No,Yes,Yes,No,Yes,No,No,Yes
9529-OFXHY,,Yes,13.8,Yes,Yes,Fiber Optic,59.0,Yes,No,No,No,Yes,No,No,Yes
9530-EHPOH,Offer D,Yes,15.03,Yes,Yes,DSL,13.0,No,No,Yes,No,No,No,No,Yes
9530-GRMJG,,Yes,38.83,Yes,Yes,DSL,24.0,No,Yes,Yes,Yes,Yes,Yes,Yes,Yes
9531-NSBMR,,Yes,49.85,No,No,,,,,,,,,,
9534-NSXEM,Offer C,Yes,31.53,No,No,,,,,,,,,,
9537-JALFH,Offer A,Yes,28.19,No,No,,,,,,,,,,
9537-VHDTA,,Yes,2.98,No,Yes,Cable,26.0,Yes,No,No,No,No,No,No,Yes
9540-JYROE,,Yes,13.04,No,Yes,Fiber Optic,85.0,No,No,No,No,No,No,No,No
9541-PWTWO,Offer B,Yes,38.71,Yes,Yes,DSL,21.0,No,No,Yes,Yes,Yes,Yes,Yes,Yes
9541-ZPSEA,Offer A,Yes,24.08,No,Yes,Fiber Optic,41.0,Yes,No,Yes,No,No,No,No,Yes
9544-PYPSJ,,Yes,45.76,Yes,Yes,Fiber Optic,12.0,No,Yes,Yes,No,No,Yes,No,No
9546-CQJSU,,Yes,39.62,Yes,Yes,Fiber Optic,7.0,No,No,Yes,No,Yes,No,No,Yes
9546-KDTRB,,Yes,11.86,Yes,No,,,,,,,,,,
9547-ITEFG,Offer E,Yes,23.42,Yes,Yes,Fiber Optic,30.0,No,Yes,Yes,No,Yes,Yes,Yes,Yes
9548-LERKT,,Yes,27.38,No,No,,,,,,,,,,
9548-LIGTA,,Yes,20.34,No,Yes,Cable,51.0,Yes,Yes,No,Yes,Yes,Yes,Yes,No
9548-ZMVTX,Offer A,Yes,8.51,Yes,Yes,Fiber Optic,24.0,No,Yes,Yes,Yes,No,No,No,Yes
9552-TGUZV,Offer E,Yes,20.67,No,Yes,Fiber Optic,18.0,Yes,No,No,No,No,No,No,Yes
9553-DLCLU,,Yes,37.03,Yes,Yes,DSL,52.0,Yes,Yes,Yes,Yes,Yes,Yes,Yes,Yes
9554-DFKIC,,Yes,12.49,Yes,Yes,DSL,19.0,Yes,No,No,No,No,No,No,Yes
9555-SAHUZ,,Yes,46.27,No,Yes,Cable,30.0,Yes,Yes,No,No,No,No,No,Yes
9558-IHEZX,Offer A,Yes,2.93,Yes,Yes,Fiber Optic,10.0,Yes,Yes,Yes,No,Yes,Yes,Yes,Yes
9560-ARGQJ,,Yes,12.92,No,Yes,Fiber Optic,12.0,No,No,No,No,Yes,No,No,No
9560-BBZXK,Offer C,No,,,Yes,Cable,27.0,Yes,No,No,No,No,No,No,Yes
9564-KCLHR,,Yes,6.44,No,Yes,DSL,4.0,No,No,No,Yes,No,No,No,Yes
9565-AXSMR,,Yes,40.76,No,No,,,,,,,,,,
9565-DJPIB,Offer E,Yes,36.76,Yes,Yes,Fiber Optic,20.0,No,Yes,No,No,Yes,No,No,Yes
9565-FLVCG,Offer B,Yes,17.43,Yes,Yes,DSL,30.0,Yes,Yes,No,No,No,Yes,Yes,Yes
9565-JSNFM,,Yes,33.71,No,Yes,Fiber Optic,17.0,No,No,No,No,No,No,No,Yes
9570-KYEUA,Offer B,Yes,36.54,Yes,Yes,Fiber Optic,14.0,Yes,No,Yes,Yes,No,Yes,Yes,Yes
9571-EDEBV,,Yes,34.72,Yes,Yes,Fiber Optic,10.0,No,No,Yes,No,Yes,Yes,Yes,Yes
9572-MTILT,,Yes,49.31,Yes,Yes,Fiber Optic,21.0,Yes,Yes,Yes,Yes,Yes,No,No,No
9572-WUKSB,,No,,,Yes,DSL,41.0,No,No,No,Yes,No,No,No,Yes
9574-BOSMD,,Yes,19.09,Yes,No,,,,,,,,,,
9574-RKJIF,Offer C,Yes,28.85,Yes,Yes,Fiber Optic,6.0,Yes,Yes,No,No,Yes,No,No,No
9575-IWCAZ,,Yes,47.29,Yes,No,,,,,,,,,,
9576-ANLXO,,Yes,26.26,No,Yes,Fiber Optic,30.0,No,No,No,No,No,No,No,Yes
9576-SYUHJ,Offer C,Yes,12.69,Yes,Yes,Fiber Optic,69.0,Yes,No,No,No,Yes,No,No,No
9577-WJVCQ,,Yes,5.3,Yes,Yes,DSL,59.0,Yes,No,No,No,No,No,No,Yes
9578-FOMUK,,Yes,32.54,Yes,No,,,,,,,,,,
9578-VRMNM,,Yes,47.45,Yes,Yes,DSL,30.0,No,No,Yes,No,No,Yes,Yes,Yes
9581-GVBXT,Offer B,No,,,Yes,DSL,19.0,Yes,No,Yes,No,No,No,No,Yes
9584-EXCDZ,Offer D,Yes,41.78,No,Yes,Fiber Optic,16.0,No,No,No,No,No,No,No,Yes
9585-KKMFD,,Yes,16.02,No,No,,,,,,,,,,
9586-JGQKH,Offer B,Yes,49.26,Yes,Yes,Fiber Optic,18.0,No,Yes,No,Yes,Yes,Yes,Yes,Yes
9588-OZDMQ,Offer E,Yes,15.5,No,Yes,DSL,12.0,No,No,No,No,No,No,No,Yes
9588-YRFHY,Offer B,Yes,6.26,No,No,,,,,,,,,,
9589-ABEPT,,Yes,3.08,Yes,Yes,Fiber Optic,20.0,No,Yes,No,Yes,Yes,No,No,Yes
9591-YVTEB,Offer B,No,,,Yes,DSL,30.0,Yes,Yes,No,No,Yes,No,No,Yes
9592-ERDKV,,Yes,9.26,Yes,Yes,DSL,28.0,Yes,No,Yes,No,Yes,Yes,Yes,Yes
9593-CVZKR,Offer B,Yes,31.53,Yes,No,,,,,,,,,,
9600-NAXZN,,Yes,49.64,Yes,Yes,Fiber Optic,27.0,No,Yes,No,No,Yes,Yes,Yes,Yes
9600-UDOPK,Offer C,Yes,10.5,Yes,Yes,Fiber Optic,22.0,No,No,No,No,Yes,Yes,Yes,Yes
9601-BRXPO,Offer C,Yes,8.91,Yes,Yes,Fiber Optic,10.0,No,No,Yes,Yes,Yes,Yes,Yes,Yes
9602-WCXPI,,Yes,21.72,No,No,,,,,,,,,,
9603-OAIHC,Offer E,Yes,2.97,No,Yes,Fiber Optic,5.0,No,No,No,No,No,No,No,Yes
9605-WGJVW,,Yes,22.34,No,Yes,Fiber Optic,12.0,No,No,No,No,No,No,No,Yes
9606-PBKBQ,,Yes,5.99,Yes,Yes,Fiber Optic,23.0,No,No,No,No,No,Yes,Yes,Yes
9609-BENEA,Offer C,Yes,45.97,Yes,Yes,DSL,13.0,No,Yes,No,Yes,Yes,No,No,Yes
9610-WCESF,,No,,,Yes,Cable,17.0,Yes,No,No,Yes,Yes,No,No,Yes
9611-CTWIH,,Yes,16.15,No,Yes,Fiber Optic,13.0,No,No,No,No,Yes,Yes,Yes,Yes
9614-RMGHA,,Yes,36.75,Yes,Yes,Fiber Optic,73.0,No,Yes,No,No,Yes,No,Yes,Yes
9617-INGJY,,Yes,36.12,No,Yes,Fiber Optic,14.0,No,No,No,No,No,No,No,Yes
9617-UDPEU,,Yes,35.4,No,No,,,,,,,,,,
9618-LFJRU,,Yes,3.05,No,No,,,,,,,,,,
9619-GSATL,,Yes,1.6,No,Yes,DSL,19.0,No,Yes,No,Yes,No,No,No,No
9620-ENEJV,Offer E,Yes,30.54,No,Yes,Fiber Optic,27.0,No,No,No,No,No,No,No,Yes
9620-QJREV,Offer B,Yes,42.25,No,No,,,,,,,,,,
9621-OUPYD,,Yes,10.49,No,No,,,,,,,,,,
9624-EGDEQ,,Yes,41.99,No,No,,,,,,,,,,
9625-QNLUX,,Yes,21.86,No,Yes,Fiber Optic,29.0,Yes,Yes,Yes,No,Yes,Yes,Yes,Yes
9625-QSTYE,,Yes,3.84,No,Yes,Fiber Optic,4.0,No,Yes,Yes,No,No,No,No,Yes
9625-RZFUK,,Yes,3.65,No,No,,,,,,,,,,
9626-VFRGG,,Yes,18.72,Yes,Yes,Fiber Optic,10.0,No,Yes,No,No,Yes,No,No,Yes
9626-WEQRM,,No,,,Yes,DSL,2.0,Yes,No,No,No,No,No,No,No
9629-NHXFW,,Yes,48.79,No,No,,,,,,,,,,
9631-RXVJM,Offer C,Yes,4.24,No,No,,,,,,,,,,
9631-XEYKE,,Yes,29.74,Yes,Yes,DSL,59.0,No,No,No,No,No,No,No,Yes
9633-DENPU,,Yes,3.2,No,Yes,Cable,18.0,No,Yes,No,No,Yes,No,No,Yes
9633-XQABV,Offer E,Yes,25.4,No,Yes,Fiber Optic,10.0,No,No,No,No,No,No,No,Yes
9637-CDTKZ,,Yes,23.27,Yes,Yes,Fiber Optic,3.0,Yes,Yes,Yes,Yes,Yes,Yes,Yes,Yes
9637-EIHEQ,,Yes,22.82,No,Yes,Cable,27.0,No,No,No,Yes,No,No,No,Yes
9638-JIQYA,,No,,,Yes,DSL,48.0,No,No,No,No,No,No,No,No
9639-BUJXT,,Yes,35.35,No,No,,,,,,,,,,
9640-ZSLDC,,Yes,31.99,No,Yes,DSL,59.0,No,No,Yes,No,No,Yes,Yes,Yes
9643-AVVWI,,Yes,19.18,No,Yes,Fiber Optic,22.0,No,Yes,No,Yes,No,No,No,Yes
9643-YBLUR,Offer E,Yes,26.03,Yes,Yes,Cable,59.0,No,Yes,Yes,No,No,Yes,Yes,Yes
9644-KVCNC,Offer A,Yes,19.68,Yes,Yes,Fiber Optic,28.0,No,No,Yes,No,Yes,No,No,Yes
9644-UMGQA,Offer E,Yes,34.7,No,Yes,DSL,51.0,Yes,No,No,No,No,No,No,Yes
9646-NMHXE,,Yes,6.54,No,No,,,,,,,,,,
9647-ERGBE,,Yes,39.74,Yes,Yes,Fiber Optic,22.0,No,No,Yes,No,Yes,Yes,Yes,Yes
9648-BCHKM,,Yes,43.69,Yes,No,,,,,,,,,,
9650-VBUOG,Offer C,Yes,33.1,Yes,No,,,,,,,,,,
9651-GTSAQ,,Yes,30.09,No,Yes,Fiber Optic,11.0,Yes,Yes,Yes,No,Yes,Yes,Yes,Yes
9658-WYUFB,Offer D,Yes,21.82,Yes,Yes,Fiber Optic,23.0,Yes,Yes,No,No,Yes,No,No,Yes
9659-QEQSY,,Yes,33.73,Yes,Yes,Fiber Optic,30.0,Yes,Yes,Yes,Yes,Yes,Yes,Yes,Yes
9659-ZTWSM,,Yes,7.86,Yes,Yes,Fiber Optic,26.0,No,Yes,Yes,Yes,Yes,Yes,No,Yes
9661-ACXBS,Offer B,Yes,33.46,Yes,Yes,Fiber Optic,52.0,Yes,No,Yes,No,Yes,Yes,Yes,Yes
9661-JALZV,Offer B,Yes,47.9,Yes,No,,,,,,,,,,
9661-MHUMO,,Yes,8.38,No,Yes,DSL,19.0,No,No,No,Yes,No,No,No,Yes
9667-EQRXU,,No,,,Yes,Cable,7.0,No,No,Yes,No,Yes,No,No,No
9667-TKTVZ,,Yes,25.81,Yes,Yes,Cable,7.0,No,No,No,Yes,No,No,No,Yes
9668-PUGNU,,Yes,32.18,Yes,No,,,,,,,,,,
9670-BPNXF,Offer B,Yes,8.4,No,Yes,DSL,8.0,Yes,Yes,No,Yes,No,No,No,Yes
9674-EHPPG,Offer B,No,,,Yes,DSL,26.0,Yes,No,Yes,Yes,No,No,No,No
9675-ICXCT,Offer A,Yes,35.07,No,Yes,Cable,53.0,Yes,No,Yes,Yes,Yes,Yes,Yes,Yes
9677-AVKED,,Yes,14.54,Yes,Yes,Cable,18.0,No,Yes,Yes,Yes,Yes,Yes,Yes,Yes
9680-NIAUV,Offer A,Yes,18.66,Yes,Yes,Fiber Optic,3.0,Yes,Yes,Yes,No,Yes,Yes,Yes,Yes
9681-KYGYB,Offer B,Yes,26.0,Yes,Yes,Fiber Optic,16.0,Yes,Yes,Yes,No,No,No,No,Yes
9681-OXGVC,,Yes,28.2,Yes,Yes,Fiber Optic,29.0,No,No,Yes,No,Yes,Yes,Yes,Yes
9685-WKZGT,Offer D,Yes,16.32,Yes,Yes,Fiber Optic,11.0,No,No,No,No,No,No,No,Yes
9688-YGXVR,Offer B,Yes,32.83,No,Yes,Fiber Optic,24.0,No,Yes,Yes,No,Yes,No,No,Yes
9689-PTNPG,Offer E,Yes,39.03,No,Yes,Fiber Optic,30.0,No,No,No,No,Yes,No,No,No
9691-HKOVS,Offer B,Yes,47.46,Yes,Yes,DSL,53.0,Yes,Yes,Yes,Yes,Yes,Yes,Yes,Yes
9692-TUSXH,Offer D,Yes,35.7,No,Yes,Fiber Optic,26.0,Yes,No,No,No,Yes,Yes,Yes,Yes
9693-XMUOB,,No,,,Yes,Cable,23.0,No,Yes,No,No,Yes,Yes,Yes,Yes
9695-IDRZR,,Yes,27.47,Yes,Yes,Fiber Optic,51.0,Yes,Yes,Yes,Yes,Yes,Yes,Yes,Yes
9696-RMYBA,,Yes,12.35,No,Yes,Fiber Optic,13.0,No,No,No,No,Yes,No,No,Yes
9699-UBQFS,,Yes,3.66,Yes,Yes,Fiber Optic,22.0,Yes,Yes,No,No,Yes,No,No,Yes
9700-ISPUP,Offer D,Yes,25.89,No,Yes,DSL,22.0,No,Yes,No,Yes,No,Yes,Yes,Yes
9700-ZCLOT,Offer E,Yes,17.03,No,No,,,,,,,,,,
9701-CDXHR,Offer B,Yes,45.76,No,Yes,Fiber Optic,13.0,No,No,No,No,No,No,No,No
9702-AIUJO,,Yes,36.61,No,Yes,DSL,41.0,No,No,No,No,No,No,No,Yes
9705-IOVQQ,,Yes,4.51,Yes,Yes,Fiber Optic,22.0,No,Yes,No,No,Yes,Yes,Yes,Yes
9705-ZJBCG,Offer D,Yes,19.63,No,Yes,DSL,12.0,Yes,No,No,Yes,No,No,No,Yes
9708-HPXWZ,,No,,,Yes,DSL,4.0,No,No,Yes,Yes,Yes,No,No,Yes
9708-KFDBY,Offer E,Yes,7.32,No,No,,,,,,,,,,
9710-NJERN,Offer C,Yes,1.57,No,No,,,,,,,,,,
9710-ZUSHQ,Offer C,Yes,41.85,Yes,Yes,Fiber Optic,2.0,Yes,Yes,No,No,Yes,Yes,No,Yes
9711-FJTBX,,Yes,11.48,No,Yes,Fiber Optic,10.0,No,Yes,Yes,Yes,No,No,No,Yes
9714-EDSUC,,Yes,11.5,No,Yes,Fiber Optic,41.0,Yes,Yes,No,Yes,No,Yes,Yes,Yes
9715-SBVSU,,Yes,10.74,No,Yes,DSL,59.0,Yes,Yes,No,No,No,Yes,Yes,No
9715-WZCLW,Offer A,Yes,39.09,Yes,Yes,Fiber Optic,69.0,Yes,No,No,No,Yes,Yes,Yes,Yes
9717-IOAAF,,Yes,2.65,Yes,No,,,,,,,,,,
9717-QEBGU,Offer E,Yes,1.57,No,Yes,Fiber Optic,26.0,No,No,No,No,No,No,No,Yes
9720-JJJOR,,Yes,2.43,No,Yes,DSL,69.0,Yes,Yes,Yes,No,No,No,Yes,Yes
9722-UJOJR,,Yes,11.24,No,Yes,Fiber Optic,16.0,No,No,No,No,No,No,No,Yes
9725-SCPZG,Offer E,Yes,1.13,No,Yes,Fiber Optic,6.0,No,No,No,No,Yes,Yes,Yes,Yes
9728-FTTVZ,,Yes,23.72,No,Yes,Fiber Optic,19.0,No,No,No,No,No,No,No,Yes
9730-DRTMJ,,Yes,15.41,Yes,Yes,DSL,46.0,Yes,No,No,Yes,Yes,No,No,Yes
9732-EQMWY,,Yes,12.39,No,Yes,Fiber Optic,46.0,No,Yes,Yes,No,Yes,Yes,Yes,No
9732-KPKBW,,Yes,31.16,No,Yes,DSL,11.0,Yes,No,No,Yes,No,No,No,Yes
9732-OUYRN,Offer B,Yes,13.13,No,No,,,,,,,,,,
9734-UYXQI,,Yes,24.83,Yes,Yes,Cable,52.0,No,No,No,No,No,No,Yes,Yes
9734-YWGEX,,Yes,38.76,Yes,Yes,Fiber Optic,82.0,No,No,Yes,No,Yes,Yes,Yes,Yes
9738-QLWTP,,Yes,35.13,No,Yes,Fiber Optic,29.0,No,No,Yes,Yes,No,No,No,Yes
9739-JLPQJ,,Yes,33.37,Yes,Yes,Fiber Optic,16.0,Yes,Yes,Yes,Yes,Yes,Yes,Yes,Yes
9741-YLNTD,,Yes,43.37,Yes,Yes,Fiber Optic,12.0,No,No,No,Yes,No,Yes,Yes,Yes
9742-XOKTS,Offer A,Yes,18.29,Yes,Yes,Fiber Optic,11.0,Yes,Yes,No,Yes,No,No,No,Yes
9743-DQKQW,Offer E,No,,,Yes,DSL,69.0,No,No,No,No,No,No,No,Yes
9746-MDMBK,,Yes,9.19,Yes,Yes,Fiber Optic,19.0,Yes,Yes,Yes,Yes,Yes,Yes,Yes,Yes
9746-UGFAC,Offer D,Yes,10.25,No,No,,,,,,,,,,
9746-YKGXB,,No,,,Yes,DSL,19.0,Yes,No,Yes,No,No,Yes,Yes,Yes
9747-DDZOS,,Yes,3.84,No,Yes,Fiber Optic,2.0,No,No,Yes,No,No,No,No,Yes
9750-BOOHV,Offer C,No,,,Yes,DSL,18.0,Yes,No,No,No,No,No,No,Yes
9752-ZNQUT,Offer E,Yes,7.99,No,Yes,Cable,11.0,No,Yes,No,No,No,No,No,Yes
9753-OYLBX,,Yes,8.56,No,No,,,,,,,,,,
9754-CLVZW,Offer C,No,,,Yes,Cable,23.0,Yes,Yes,No,Yes,No,No,No,No
9755-JHNMN,,Yes,20.45,No,Yes,Cable,23.0,Yes,Yes,Yes,Yes,No,No,No,Yes
9758-MFWGD,,No,,,Yes,DSL,19.0,No,Yes,No,No,No,No,No,Yes
9761-XUJWD,,Yes,8.6,No,Yes,DSL,59.0,No,Yes,No,Yes,No,Yes,Yes,Yes
9762-YAQAA,Offer C,Yes,36.93,Yes,Yes,Fiber Optic,12.0,No,Yes,No,No,No,No,No,Yes
9763-GRSKD,Offer D,Yes,29.68,No,Yes,DSL,22.0,Yes,No,No,No,No,No,No,No
9763-PDTKK,Offer E,Yes,39.68,No,Yes,Fiber Optic,18.0,Yes,No,Yes,Yes,No,Yes,Yes,Yes
9764-REAFF,Offer B,Yes,26.99,No,No,,,,,,,,,,
9766-HGEDE,Offer D,Yes,1.64,No,No,,,,,,,,,,
9767-FFLEM,,Yes,35.04,No,Yes,Fiber Optic,2.0,No,No,No,No,No,No,No,Yes
9769-TSBZE,,Yes,16.75,Yes,Yes,DSL,57.0,Yes,Yes,No,Yes,No,No,No,No
9770-KXGQU,,Yes,29.39,Yes,Yes,Fiber Optic,12.0,Yes,Yes,Yes,No,Yes,No,No,Yes
9770-LXDBK,Offer E,Yes,14.79,No,No,,,,,,,,,,
9773-PEQBZ,,Yes,15.6,Yes,Yes,Fiber Optic,22.0,No,Yes,No,No,No,No,No,Yes
9774-NRNAU,,Yes,33.57,Yes,Yes,DSL,21.0,No,Yes,Yes,Yes,Yes,Yes,No,Yes
9776-CLUJA,,Yes,17.87,Yes,Yes,Fiber Optic,9.0,Yes,No,No,No,No,No,No,Yes
9776-OJUZI,,Yes,32.41,Yes,Yes,Fiber Optic,21.0,No,Yes,Yes,No,Yes,No,No,Yes
9777-IQHWP,,Yes,30.82,Yes,Yes,Fiber Optic,11.0,Yes,No,Yes,No,No,Yes,Yes,Yes
9777-WJJPR,,Yes,29.77,Yes,Yes,Fiber Optic,12.0,No,No,Yes,No,Yes,No,No,Yes
9778-OGKQZ,,Yes,5.32,Yes,Yes,DSL,5.0,Yes,Yes,Yes,Yes,Yes,Yes,Yes,No
9779-DPNEJ,Offer D,Yes,33.46,No,Yes,Fiber Optic,29.0,No,No,No,No,No,Yes,Yes,Yes
9780-FKVVF,Offer E,Yes,20.11,No,Yes,DSL,5.0,Yes,No,No,No,No,Yes,Yes,Yes
9782-LGXMC,,Yes,35.29,No,Yes,DSL,28.0,Yes,No,Yes,Yes,No,No,No,Yes
9786-IJYDL,,Yes,30.5,Yes,Yes,Fiber Optic,8.0,Yes,Yes,Yes,Yes,Yes,Yes,Yes,Yes
9786-YWNHU,Offer B,Yes,1.18,No,Yes,DSL,27.0,Yes,Yes,Yes,Yes,No,No,No,No
9787-XVQIU,Offer E,Yes,39.44,Yes,Yes,Fiber Optic,18.0,No,No,No,No,No,No,No,No
9788-HNGUT,Offer A,Yes,17.87,Yes,Yes,Fiber Optic,3.0,Yes,Yes,Yes,Yes,Yes,Yes,Yes,Yes
9788-YTFGE,,Yes,13.86,No,No,,,,,,,,,,
9793-WECQC,,Yes,48.21,No,Yes,Fiber Optic,23.0,No,Yes,No,No,Yes,Yes,Yes,Yes
9795-NREXC,Offer B,Yes,11.85,Yes,Yes,DSL,2.0,Yes,No,Yes,Yes,Yes,Yes,Yes,Yes
9795-SHUHB,,Yes,24.27,No,Yes,Cable,59.0,Yes,Yes,No,Yes,No,No,No,Yes
9795-VOWON,Offer E,No,,,Yes,Cable,48.0,No,No,No,No,No,No,No,Yes
9796-BPKIW,,Yes,42.53,No,Yes,Fiber Optic,6.0,No,No,No,No,No,No,No,Yes
9796-MVYXX,Offer D,No,,,Yes,DSL,24.0,Yes,No,Yes,Yes,No,No,No,Yes
9798-DRYDS,,Yes,47.59,Yes,Yes,DSL,25.0,No,No,Yes,Yes,No,No,No,Yes
9798-OPFEM,Offer B,Yes,32.78,No,No,,,,,,,,,,
9799-CAYJJ,Offer E,Yes,32.62,No,Yes,Fiber Optic,2.0,No,No,No,No,No,No,No,Yes
9800-ONTFE,Offer D,Yes,4.67,Yes,Yes,Fiber Optic,58.0,No,No,No,No,No,No,No,Yes
9800-OUIGR,,Yes,7.83,No,No,,,,,,,,,,
9801-GDWGV,Offer C,Yes,34.74,Yes,Yes,Fiber Optic,28.0,No,Yes,Yes,No,Yes,Yes,Yes,Yes
9801-NOSHQ,Offer D,Yes,1.2,No,No,,,,,,,,,,
9802-CAQUT,,Yes,33.39,Yes,Yes,Fiber Optic,52.0,Yes,Yes,Yes,No,Yes,Yes,Yes,No
9803-FTJCG,Offer A,Yes,4.85,Yes,Yes,DSL,26.0,Yes,Yes,No,Yes,No,No,No,Yes
9804-ICWBG,,Yes,45.5,No,Yes,Fiber Optic,12.0,No,No,No,No,No,No,No,Yes
9805-FILKB,,Yes,4.72,No,No,,,,,,,,,,
9809-IMGCQ,Offer D,Yes,40.18,Yes,Yes,Fiber Optic,8.0,No,No,No,No,Yes,Yes,Yes,No
9812-GHVRI,Offer B,Yes,33.66,Yes,Yes,Fiber Optic,20.0,No,No,No,No,No,Yes,Yes,Yes
9814-AOUDH,Offer B,Yes,24.17,No,No,,,,,,,,,,
9817-APLHW,Offer D,Yes,2.29,Yes,No,,,,,,,,,,
9818-XQCUV,,Yes,25.92,No,No,,,,,,,,,,
9819-FBNSV,,Yes,23.54,No,Yes,Fiber Optic,7.0,No,No,No,No,No,No,No,Yes
9820-RMCQV,,Yes,19.01,No,Yes,DSL,8.0,Yes,No,No,No,No,No,No,No
9821-BESNZ,Offer A,Yes,33.02,Yes,Yes,Fiber Optic,6.0,No,Yes,No,Yes,Yes,Yes,Yes,Yes
9821-POOTN,Offer C,Yes,48.47,Yes,Yes,Fiber Optic,12.0,No,No,No,No,No,No,No,Yes
9822-BIIGN,Offer B,Yes,27.56,Yes,Yes,Cable,26.0,Yes,No,No,Yes,No,Yes,Yes,Yes
9822-OAOVB,Offer E,Yes,6.43,No,Yes,DSL,27.0,No,No,No,No,No,Yes,Yes,No
9822-WMWVG,,Yes,36.7,Yes,Yes,Fiber Optic,59.0,Yes,Yes,Yes,Yes,Yes,No,No,Yes
9823-EALYC,,Yes,9.3,Yes,Yes,DSL,12.0,Yes,Yes,Yes,Yes,Yes,No,No,Yes
9824-BEMCV,Offer D,Yes,44.97,No,Yes,Fiber Optic,11.0,No,No,No,No,No,No,No,Yes
9824-QCJPK,,Yes,21.77,No,No,,,,,,,,,,
9825-YCXWZ,,Yes,14.61,No,Yes,Fiber Optic,9.0,No,No,Yes,Yes,Yes,Yes,Yes,Yes
9828-AOQLM,,Yes,12.8,No,Yes,DSL,5.0,No,No,No,No,No,No,No,Yes
9828-QHFBK,,Yes,33.97,No,Yes,DSL,22.0,Yes,No,No,No,No,No,No,Yes
9830-ECLEN,,No,,,Yes,Cable,52.0,Yes,Yes,Yes,No,Yes,No,No,Yes
9831-BPFRI,,Yes,35.32,Yes,Yes,Fiber Optic,30.0,No,Yes,Yes,Yes,No,No,No,Yes
9833-TGFHX,,Yes,13.23,Yes,Yes,Fiber Optic,23.0,Yes,No,No,No,Yes,Yes,Yes,No
9835-ZIITK,,Yes,48.87,Yes,Yes,Fiber Optic,13.0,No,Yes,Yes,Yes,Yes,Yes,No,Yes
9837-BMCLM,,Yes,31.88,No,Yes,Fiber Optic,7.0,No,No,No,No,Yes,No,No,Yes
9837-FWLCH,,Yes,25.33,No,No,,,,,,,,,,
9838-BFCQT,,Yes,33.92,Yes,No,,,,,,,,,,
9839-ETQOE,,No,,,Yes,DSL,25.0,Yes,Yes,Yes,No,No,No,No,Yes
9840-DVNDC,,Yes,6.4,No,Yes,Fiber Optic,26.0,No,No,No,No,Yes,No,No,No
9840-EFJQB,,Yes,24.41,No,Yes,Fiber Optic,4.0,No,Yes,No,No,No,No,No,Yes
9842-EFSYY,Offer E,No,,,Yes,Cable,52.0,Yes,Yes,Yes,No,Yes,Yes,Yes,Yes
9844-FELAJ,,Yes,9.4,Yes,Yes,Fiber Optic,17.0,No,Yes,Yes,Yes,Yes,Yes,Yes,No
9845-PEEKO,,Yes,6.13,Yes,Yes,Fiber Optic,2.0,No,Yes,No,No,No,No,No,Yes
9845-QOMAD,Offer D,Yes,26.99,No,No,,,,,,,,,,
9846-GKXAS,Offer E,Yes,1.34,No,Yes,Fiber Optic,9.0,No,No,No,No,Yes,Yes,Yes,Yes
9847-HNVGP,Offer D,Yes,25.91,No,No,,,,,,,,,,
9848-JQJTX,Offer A,Yes,24.53,Yes,Yes,Fiber Optic,12.0,No,Yes,Yes,No,Yes,Yes,Yes,Yes
9850-OWRHQ,,Yes,16.29,Yes,Yes,Fiber Optic,24.0,No,No,No,No,No,No,No,Yes
9851-KIELU,,Yes,18.03,No,Yes,Fiber Optic,6.0,Yes,Yes,Yes,Yes,Yes,Yes,Yes,Yes
9851-QXEEQ,,Yes,47.74,Yes,Yes,Fiber Optic,48.0,No,Yes,Yes,No,Yes,Yes,Yes,Yes
9853-JFZDU,,Yes,20.79,No,Yes,DSL,69.0,No,Yes,No,Yes,No,No,No,Yes
9860-LISIZ,,Yes,36.75,No,No,,,,,,,,,,
9861-PDSZP,,Yes,10.05,Yes,Yes,Fiber Optic,82.0,No,Yes,Yes,Yes,Yes,Yes,Yes,Yes
9862-KJTYK,Offer D,No,,,Yes,DSL,59.0,No,No,No,No,No,No,Yes,Yes
9863-JZAIC,,Yes,48.93,No,Yes,Cable,14.0,No,No,No,No,Yes,No,No,Yes
9866-OCCKE,Offer A,Yes,35.04,Yes,Yes,Fiber Optic,22.0,Yes,No,Yes,Yes,Yes,Yes,No,Yes
9866-QEVEE,Offer D,Yes,20.41,Yes,Yes,Fiber Optic,11.0,No,No,No,No,No,Yes,Yes,No
9867-JCZSP,Offer D,Yes,8.74,No,No,,,,,,,,,,
9867-NNXLC,Offer D,Yes,33.92,No,No,,,,,,,,,,
9867-XOBQA,,No,,,Yes,DSL,11.0,Yes,Yes,Yes,Yes,Yes,No,No,Yes
9871-ELEYA,,Yes,20.75,No,Yes,DSL,27.0,Yes,No,Yes,Yes,Yes,No,No,Yes
9873-MNDKV,Offer D,Yes,29.16,No,Yes,DSL,3.0,No,No,No,No,No,No,No,Yes
9874-QLCLH,Offer D,Yes,4.91,Yes,Yes,Fiber Optic,15.0,Yes,No,Yes,No,Yes,Yes,Yes,Yes
9878-TNQGW,Offer E,Yes,17.33,No,Yes,Fiber Optic,14.0,No,No,No,No,No,Yes,Yes,Yes
9880-TDQAC,,No,,,Yes,DSL,16.0,No,Yes,Yes,Yes,Yes,Yes,Yes,Yes
9881-VCZEP,,Yes,12.12,Yes,Yes,Cable,59.0,No,Yes,No,No,No,No,No,No
9885-AIBVB,,Yes,39.5,Yes,Yes,Fiber Optic,16.0,No,Yes,Yes,No,No,No,No,No
9885-CSMWE,Offer E,Yes,18.37,No,Yes,Fiber Optic,13.0,No,No,No,No,Yes,No,No,Yes
9885-MFVSU,Offer C,No,,,Yes,DSL,24.0,Yes,No,No,Yes,Yes,No,No,No
9888-ZCUMM,,No,,,Yes,DSL,19.0,Yes,No,Yes,Yes,Yes,Yes,Yes,Yes
9889-TMAHG,,Yes,11.57,No,Yes,Fiber Optic,27.0,Yes,No,No,Yes,Yes,Yes,Yes,Yes
9891-NQDBD,,Yes,43.36,Yes,No,,,,,,,,,,
9894-EZEWG,Offer E,Yes,39.66,No,Yes,Fiber Optic,8.0,No,Yes,No,No,No,No,No,Yes
9894-QMIMJ,Offer D,Yes,9.04,No,Yes,DSL,8.0,No,Yes,Yes,No,No,No,No,Yes
9895-VFOXH,,No,,,Yes,DSL,76.0,No,No,No,No,No,No,Yes,No
9896-UYMIE,Offer A,Yes,4.32,Yes,Yes,Fiber Optic,73.0,Yes,Yes,Yes,Yes,Yes,Yes,Yes,Yes
9897-KXHCM,Offer E,Yes,48.38,No,Yes,Fiber Optic,14.0,No,No,No,No,No,Yes,Yes,Yes
9898-KZQDZ,,Yes,49.5,Yes,Yes,Fiber Optic,20.0,No,No,No,No,Yes,Yes,Yes,Yes
9903-LYSAB,Offer D,Yes,16.78,Yes,Yes,Fiber Optic,23.0,No,No,No,No,No,No,No,Yes
9904-EHEVJ,Offer C,Yes,5.73,Yes,Yes,Fiber Optic,30.0,No,No,Yes,No,Yes,No,No,Yes
9906-NHHVC,Offer B,No,,,Yes,Cable,9.0,No,Yes,Yes,No,Yes,Yes,No,Yes
9907-SWKKF,Offer E,No,,,Yes,DSL,21.0,No,No,No,No,No,No,No,Yes
9909-DFRJA,Offer C,Yes,40.14,No,Yes,Fiber Optic,4.0,Yes,No,Yes,Yes,No,Yes,Yes,Yes
9909-IDLEK,Offer D,Yes,42.06,Yes,Yes,Fiber Optic,23.0,No,Yes,No,Yes,Yes,No,No,Yes
9912-GVSEQ,Offer C,Yes,9.28,Yes,Yes,Fiber Optic,26.0,No,Yes,Yes,No,No,Yes,No,Yes
9912-OMZDS,Offer B,Yes,35.23,Yes,Yes,Fiber Optic,19.0,No,Yes,Yes,No,Yes,Yes,Yes,Yes
9916-AYHTC,,Yes,32.04,No,No,,,,,,,,,,
9917-KWRBE,Offer B,Yes,18.84,Yes,Yes,Cable,26.0,Yes,Yes,Yes,No,Yes,No,No,Yes
9919-FZDED,,Yes,17.3,Yes,Yes,DSL,23.0,Yes,Yes,Yes,No,Yes,Yes,No,Yes
9919-KNPOO,Offer D,Yes,27.66,Yes,Yes,Fiber Optic,8.0,No,No,No,No,Yes,Yes,Yes,No
9919-YLNNG,Offer B,Yes,40.15,No,Yes,Fiber Optic,28.0,No,Yes,Yes,Yes,Yes,Yes,Yes,No
9921-EZKBY,Offer C,Yes,10.36,Yes,Yes,Fiber Optic,53.0,Yes,No,Yes,No,No,Yes,Yes,Yes
9921-QFQUL,Offer D,Yes,22.17,Yes,Yes,Fiber Optic,15.0,No,No,Yes,No,No,Yes,Yes,Yes
9921-ZVRHG,,Yes,1.19,Yes,Yes,Fiber Optic,23.0,No,No,Yes,No,No,No,No,Yes
9924-JPRMC,,Yes,36.49,Yes,Yes,Fiber Optic,27.0,Yes,Yes,Yes,Yes,Yes,Yes,Yes,Yes
9926-PJHDQ,Offer A,Yes,43.47,Yes,Yes,Cable,9.0,No,No,Yes,No,Yes,Yes,Yes,No
9927-DSWDF,Offer D,Yes,49.66,No,Yes,Fiber Optic,3.0,Yes,Yes,No,Yes,Yes,Yes,Yes,Yes
9928-BZVLZ,Offer D,No,,,Yes,DSL,7.0,Yes,No,Yes,Yes,No,Yes,Yes,Yes
9929-PLVPA,Offer E,Yes,30.79,No,No,,,,,,,,,,
9931-DCEZH,Offer C,Yes,34.43,No,Yes,DSL,22.0,No,Yes,No,Yes,No,No,No,Yes
9931-KGHOA,,Yes,13.05,Yes,Yes,DSL,15.0,Yes,No,No,No,No,No,No,Yes
9932-WBWIK,Offer D,Yes,47.88,No,No,,,,,,,,,,
9933-QRGTX,,Yes,32.5,No,Yes,Fiber Optic,13.0,Yes,No,No,Yes,Yes,Yes,Yes,Yes
9938-EKRGF,Offer D,Yes,8.97,No,Yes,Cable,2.0,Yes,Yes,Yes,Yes,Yes,Yes,Yes,Yes
9938-PRCVK,,Yes,23.95,No,No,,,,,,,,,,
9938-TKDGL,Offer A,Yes,38.75,No,Yes,Fiber Optic,28.0,Yes,No,No,Yes,Yes,Yes,Yes,Yes
9938-ZREHM,,Yes,42.45,Yes,Yes,DSL,23.0,No,Yes,No,Yes,No,Yes,Yes,Yes
9940-HPQPG,Offer E,Yes,22.0,Yes,Yes,Fiber Optic,7.0,Yes,Yes,Yes,No,No,No,No,Yes
9940-RHLFB,Offer E,Yes,26.06,No,Yes,Fiber Optic,3.0,No,No,Yes,No,No,No,No,Yes
9943-VSZUV,Offer A,Yes,39.89,Yes,Yes,Fiber Optic,19.0,No,No,No,No,No,No,No,Yes
9944-AEXBM,,Yes,37.04,Yes,Yes,Fiber Optic,28.0,No,No,No,No,No,Yes,Yes,Yes
9944-HKVVB,Offer E,Yes,47.62,No,Yes,Cable,29.0,No,Yes,No,No,Yes,Yes,Yes,Yes
9945-PSVIP,Offer C,Yes,2.82,No,No,,,,,,,,,,
9947-OTFQU,Offer D,Yes,29.11,No,Yes,Fiber Optic,29.0,No,Yes,No,No,No,No,No,Yes
9948-YPTDG,,Yes,35.61,No,Yes,Fiber Optic,13.0,Yes,Yes,No,No,No,No,No,No
9950-MTGYX,,Yes,19.18,No,No,,,,,,,,,,
9953-ZMKSM,Offer B,Yes,4.01,Yes,No,,,,,,,,,,
9955-QOPOY,,No,,,Yes,DSL,42.0,No,Yes,Yes,Yes,Yes,Yes,Yes,Yes
9957-YODKZ,,Yes,16.87,Yes,Yes,Fiber Optic,17.0,No,No,Yes,No,No,No,No,No
9958-MEKUC,Offer A,Yes,45.93,Yes,Yes,Fiber Optic,30.0,Yes,Yes,Yes,Yes,No,Yes,Yes,Yes
9959-WOFKT,,Yes,14.67,Yes,Yes,Fiber Optic,7.0,Yes,No,Yes,No,Yes,Yes,Yes,Yes
9961-JBNMK,,Yes,42.27,No,Yes,Fiber Optic,7.0,No,No,Yes,No,Yes,Yes,No,Yes
9962-BFPDU,,Yes,16.02,No,No,,,,,,,,,,
9964-WBQDJ,Offer A,Yes,24.72,Yes,No,,,,,,,,,,
9965-YOKZB,,Yes,10.04,Yes,Yes,Fiber Optic,13.0,No,No,No,No,No,Yes,No,Yes
9967-ATRFS,,Yes,32.03,No,No,,,,,,,,,,
9968-FFVVH,,Yes,38.37,Yes,Yes,Cable,59.0,Yes,Yes,Yes,Yes,No,No,No,Yes
9970-QBCDA,Offer E,Yes,31.02,No,No,,,,,,,,,,
9971-ZWPBF,,Yes,11.74,Yes,Yes,Fiber Optic,12.0,No,Yes,Yes,Yes,Yes,Yes,Yes,No
9972-EWRJS,Offer A,Yes,48.75,No,No,,,,,,,,,,
9972-NKTFD,,Yes,25.59,No,Yes,Cable,7.0,No,Yes,No,Yes,No,No,No,Yes
9972-VAFJJ,,Yes,47.64,No,Yes,Fiber Optic,25.0,No,Yes,Yes,Yes,Yes,No,No,Yes
9974-JFBHQ,Offer B,Yes,22.41,No,Yes,Fiber Optic,24.0,No,Yes,No,Yes,Yes,Yes,Yes,Yes
9975-GPKZU,,Yes,7.67,No,No,,,,,,,,,,
9975-SKRNR,Offer E,Yes,49.51,No,No,,,,,,,,,,
9978-HYCIN,,Yes,42.29,No,Yes,Fiber Optic,22.0,No,Yes,No,No,Yes,No,No,No
9979-RGMZT,Offer E,Yes,36.49,No,Yes,Fiber Optic,42.0,No,Yes,No,No,Yes,Yes,Yes,Yes
9985-MWVIX,Offer E,Yes,42.09,No,Yes,Fiber Optic,9.0,No,No,No,No,No,No,No,Yes
9986-BONCE,,Yes,2.01,No,No,,,,,,,,,,
9987-LUTYD,Offer D,Yes,46.68,No,Yes,DSL,59.0,Yes,No,No,Yes,No,No,Yes,Yes
9992-RRAMN,Offer D,Yes,16.2,Yes,Yes,Fiber Optic,17.0,No,No,No,No,No,Yes,Yes,Yes
9992-UJOEL,Offer E,Yes,18.62,No,Yes,DSL,51.0,No,Yes,No,No,No,No,No,Yes
9993-LHIEB,Offer A,Yes,2.12,No,Yes,Cable,58.0,Yes,No,Yes,Yes,No,Yes,Yes,Yes
9995-HOTOH,,No,,,Yes,Cable,5.0,Yes,Yes,Yes,No,Yes,Yes,Yes,Yes
