Customer ID,City,Zip Code,Latitude,Longitude
0002-ORFBO,Frazier Park,93225,34.827662,-118.999073
0003-MKNFE,Glendale,91206,34.162515,-118.203869
0004-TLHLJ,Costa Mesa,92627,33.645672,-117.922613
0011-IGKFF,Martinez,94553,38.014457,-122.115432
0013-EXCHZ,Camarillo,93010,34.227846,-119.079903
0013-MHZWF,Midpines,95345,37.581496,-119.972762
0013-SMEOE,Lompoc,93437,34.757477,-120.550507
0014-BMAQU,Napa,94558,38.489789,-122.27011
0015-UOCOJ,Simi Valley,93063,34.296813,-118.685703
0016-QLJIS,Sheridan,95681,38.984756,-121.345074
0017-DINOC,Rancho Santa Fe,92091,32.99356,-117.207121
0017-IUDMW,Sunnyvale,94086,37.378541,-122.020456
0018-NYROU,Antelope,95843,38.715498,-121.363411
0019-EFAEP,La Mesa,91942,32.782501,-117.01611
0019-GFNTW,Los Olivos,93441,34.70434,-120.02609
0020-INWCK,Woodlake,93286,36.464635,-119.094348
0020-JDNXP,Point Reyes Station,94956,38.060264,-122.830646
0021-IKXGC,San Marcos,92078,33.119028,-117.166036
0022-TCJCI,Daly City,94015,37.680844,-122.48131
0023-HGHWL,Morgan Hill,95037,37.161544,-121.649371
0023-UYUPN,Ahwahnee,93601,37.375816,-119.739935
0023-XUOPT,Carnelian Bay,96140,39.227434,-120.091806
0027-KWYKW,Alpaugh,93201,35.869626,-119.498771
0030-FNXPP,Keeler,93530,36.560498,-117.962461
0031-PVLZI,Korbel,95550,40.7666,-123.80458
0032-PGELS,Palomar Mountain,92060,33.309852,-116.823091
0036-IHMOT,Parlier,93648,36.622237,-119.521126
0040-HALCW,Modesto,95358,37.612612,-121.108568
0042-JVWOJ,Glen Ellen,95442,38.368744,-122.522642
0042-RLHYP,Eureka,95503,40.737431,-124.108897
0048-LUMLS,Moss Beach,94038,37.515556,-122.502311
0048-PIHNL,Los Angeles,90058,34.001617,-118.222274
0052-DCKON,Los Angeles,90063,34.044271,-118.185237
0052-YNYOT,Calexico,92231,32.690654,-115.431225
0056-EPFBG,Redding,96003,40.677649,-122.29467
0057-QBUQH,San Martin,95046,37.084697,-121.606417
0058-EVZWM,Stockton,95209,38.044523,-121.348048
0060-FUALY,Los Angeles,90003,33.964131,-118.272783
0064-SUDOG,Huntington Park,90255,33.97803,-118.217141
0064-YIJGF,Yermo,92398,35.013299,-116.834092
0067-DKWBL,San Diego,92129,32.961064,-117.134917
0068-FIGTF,Fremont,94539,37.516791,-121.899117
0071-NDAFP,Santa Rosa,95405,38.439696,-122.668817
0074-HDKDG,San Jose,95126,37.327069,-121.916819
0076-LVEPS,Tujunga,91042,34.296574,-118.244839
0078-XZMHT,Visalia,93291,36.391777,-119.372842
0080-EMYVY,Lodi,95240,38.123544,-121.159078
0080-OROZO,El Portal,95318,37.654551,-119.822984
0082-LDZUE,Calistoga,94515,38.629618,-122.593216
0082-OQIQY,Farmington,95230,37.956963,-120.863055
0083-PIVIK,Tulelake,96134,41.813521,-121.492666
0089-IIQKO,Coleville,96107,38.42528,-119.475741
0093-EXYQL,Ojai,93023,34.581308,-118.931948
0093-XWZFY,Desert Hot Springs,92241,33.832799,-116.250973
0094-OIFMO,North Hollywood,91605,34.207295,-118.400022
0096-BXERS,Inverness,94937,38.099323,-122.945723
0096-FCPUF,Santa Rosa,95404,38.526941,-122.709096
0098-BOWSO,San Jose,95131,37.387027,-121.897775
0100-DUVFC,Wilmington,90744,33.782068,-118.262263
0103-CSITQ,Modesto,95357,37.670526,-120.877572
0104-PPXDV,San Diego,92113,32.697098,-117.116587
0106-GHRQR,Rancho Palos Verdes,90275,33.753146,-118.367459
0106-UGRDO,Kenwood,95452,38.419525,-122.521585
0107-WESLM,West Point,95255,38.41935,-120.469545
0107-YHINA,Los Angeles,90062,34.003553,-118.308933
0111-KLBQG,Morongo Valley,92256,34.097863,-116.594561
0112-QAWRZ,Palo Verde,92266,33.3249,-114.758334
0112-QWPNC,Valyermo,93563,34.39583,-117.734568
0114-IGABW,Cambria,93428,35.591387,-121.032256
0114-PEGZZ,Round Mountain,96084,40.923558,-122.059933
0114-RSRRW,Klamath,95548,41.572813,-124.035011
0115-TFERT,Fresno,93650,36.841655,-119.797113
0117-LFRMW,Angwin,94508,38.542448,-122.419923
0118-JPNOY,Le Grand,95333,37.249377,-120.249581
0121-SNYRK,Redway,95560,40.142256,-123.852927
0122-OAHPZ,San Diego,92122,32.85723,-117.209774
0123-CRBRT,Monterey Park,91755,34.049172,-118.115022
0125-LZQXK,Big Oak Flat,95305,37.818589,-120.256995
0128-MKWSG,Stevenson Ranch,91381,34.364153,-118.615583
0129-KPTWJ,North Highlands,95660,38.671295,-121.388251
0129-QMPDR,La Puente,91746,34.038983,-117.991372
0130-SXOUN,Glenhaven,95443,39.045246,-122.743181
0133-BMFZO,Alhambra,91803,34.074736,-118.145959
0134-XWXCE,Santa Monica,90403,34.031529,-118.491156
0135-NMXAP,Lodi,95240,38.123544,-121.159078
0136-IFMYD,Los Angeles,90001,33.973616,-118.24902
0137-OCGAB,Fairfield,94533,38.287136,-122.02711
0137-UDEUO,Stockton,95204,37.974498,-121.319568
0139-IVFJG,Temecula,92592,33.507255,-117.029473
0141-YEAYS,Fallbrook,92028,33.362575,-117.299644
0142-GVYSN,Randsburg,93554,35.405722,-117.773354
0147-ESWWR,Atascadero,93422,35.453912,-120.69461
0148-DCDOS,Planada,95365,37.329725,-120.306399
0151-ONTOV,Moorpark,93021,34.312945,-118.858169
0156-FVPTA,Solvang,93463,34.624399,-120.137875
0164-APGRB,Calistoga,94515,38.629618,-122.593216
0164-XAIRP,La Mirada,90638,33.902045,-118.008961
0168-XZKBB,Boron,93516,34.95703,-117.73045
0174-QRVVY,San Marcos,92078,33.119028,-117.166036
0177-PXBAT,Desert Center,92239,33.889605,-115.257009
0178-CIIKR,Crows Landing,95313,37.435664,-121.049056
0178-SZBHO,Tuolumne,95379,37.939768,-120.188002
0181-RITDD,San Diego,92120,32.807867,-117.060993
0186-CAERR,Auburn,95603,38.912881,-121.082766
0187-QSXOE,Fresno,93725,36.623632,-119.741322
0187-WZNAB,Del Rey,93616,36.657462,-119.595293
0188-GWFLE,Redwood City,94065,37.527497,-122.230941
0191-EQUUH,Landers,92285,34.341737,-116.539416
0191-ZHSKZ,Hawthorne,90250,33.914775,-118.348083
0193-ESZXP,Oceano,93445,35.059695,-120.604741
0195-IESCP,Armona,93202,36.315979,-119.710852
0196-JTUQI,Clarksburg,95612,38.384648,-121.578701
0196-VULGZ,Irvine,92620,33.716136,-117.752574
0197-PNKNK,Scotts Valley,95066,37.070177,-122.010077
0201-MIBOL,Salida,95368,37.713152,-121.08739
0201-OAMXR,Mckinleyville,95519,40.965011,-124.015255
0203-HHYIJ,Atherton,94027,37.454924,-122.203168
0206-OYVOC,Huntington Beach,92649,33.721917,-118.043237
0206-TBWLC,Calimesa,92320,33.982787,-117.057627
0207-MDKNV,Daly City,94014,37.691561,-122.445202
0208-BPQEJ,Middletown,95461,38.787446,-122.58675
0212-ISBBF,Berkeley,94705,37.858898,-122.240512
0214-JHPFW,Lost Hills,93249,35.637715,-119.893068
0215-BQKGS,Garden Grove,92844,33.766476,-117.969795
0218-QNVAS,Indio,92203,33.752938,-116.230055
0219-QAERP,Oxnard,93033,34.156629,-119.117218
0219-YTZUE,San Diego,92122,32.85723,-117.209774
0220-EBGCE,Escondido,92027,33.141265,-116.967221
0221-NAUXK,Moreno Valley,92553,33.923149,-117.244933
0221-WMXNQ,Chino,91710,33.990646,-117.663025
0222-CNVPT,Sacramento,95820,38.53508,-121.444144
0224-HJAPT,San Diego,92117,32.825086,-117.199424
0224-NIJLP,Turlock,95380,37.474396,-120.875917
0224-RLWWD,Calexico,92231,32.690654,-115.431225
0225-ZORZP,Groveland,95321,37.902968,-119.667544
0228-MAUWC,Los Gatos,95033,37.160194,-121.945611
0229-LFJAF,Clovis,93611,36.917652,-119.593757
0230-UBYPQ,Hyampom,96046,40.648024,-123.465088
0230-WEQUW,Woodland Hills,91364,34.153733,-118.593408
0231-LXVAP,Temecula,92592,33.507255,-117.029473
0233-FTHAV,Livingston,95334,37.361987,-120.748394
0234-TEVTT,Tulare,93274,36.185471,-119.375243
0235-KGSLC,Buellton,93427,34.631362,-120.238218
0236-HFWSV,Palmdale,93552,34.557711,-118.029441
0237-YFUTL,Midway City,92655,33.744439,-117.98588
0238-WHBIQ,Folsom,95630,38.672638,-121.147403
0239-OXEXL,Oakland,94619,37.787186,-122.14633
0244-LGNFY,San Anselmo,94960,37.99272,-122.575026
0247-SLUJI,Duarte,91010,34.145695,-117.95982
0248-IPDFW,Lake Elsinore,92530,33.655421,-117.391751
0248-PGHBZ,San Clemente,92672,33.429488,-117.609432
0253-ZTEOB,Los Angeles,90004,34.076259,-118.310715
0254-FNMCI,Downey,90241,33.940884,-118.128628
0254-KCJGT,Bodega Bay,94923,38.377165,-123.037957
0254-WWRKD,Challenge,95925,39.461768,-121.195825
0256-LTHVJ,Ludlow,92338,34.702766,-116.093376
0257-KXZGU,Santa Clara,95051,37.348129,-121.98469
0257-ZESQC,Perris,92571,33.828289,-117.201666
0258-NOKBL,Fortuna,95540,40.584991,-124.121504
0259-GBZSH,San Diego,92122,32.85723,-117.209774
0260-ZDLGK,San Dimas,91773,34.102119,-117.815532
0263-FJTQO,Rescue,95672,38.724322,-120.991237
0264-CNITK,Clio,96106,39.745805,-120.580882
0265-EDXBD,San Diego,92122,32.85723,-117.209774
0265-PSUAE,Lotus,95651,38.815515,-120.916997
0266-CLZKZ,San Marcos,92078,33.119028,-117.166036
0266-GMEAO,Lompoc,93436,34.601055,-120.382917
0268-QKIWO,Pilot Hill,95664,38.803731,-121.043799
0269-XFESX,San Francisco,94133,37.802071,-122.411004
0270-THENM,Mission Hills,91345,34.266389,-118.459744
0274-JKUJR,Los Angeles,90040,33.994524,-118.149953
0277-BKSQP,Harbor City,90710,33.798266,-118.300237
0277-ORXQS,San Francisco,94108,37.791998,-122.408653
0278-YXOOG,Inglewood,90301,33.956445,-118.358634
0280-XJGEX,Los Angeles,90015,34.039224,-118.266293
0281-CNTZX,Pescadero,94060,37.22565,-122.297533
0282-NVSJS,Aromas,95004,36.878364,-121.629781
0285-INHLN,Badger,93603,36.64545,-118.924982
0289-IVARM,Parlier,93648,36.622237,-119.521126
0292-WEGCH,Death Valley,92328,36.27688,-117.033326
0295-PPHDO,La Puente,91744,34.031441,-117.936436
0295-QVKPB,Riverdale,93656,36.452211,-119.94575
0297-RBCSG,San Francisco,94104,37.791222,-122.402241
0298-XACET,Berry Creek,95916,39.657228,-121.37778
0301-FIDRB,Fulton,95439,38.493888,-122.777141
0301-KOBTQ,Capitola,95010,36.977025,-121.952864
0302-JOIVN,San Diego,92109,32.787836,-117.232376
0303-UNCIP,Claremont,91711,34.127621,-117.717863
0303-WMMRN,Glendale,91207,34.182378,-118.262922
0305-SQECB,Gardena,90248,33.876482,-118.284077
0306-JAELE,Fallbrook,92028,33.362575,-117.299644
0307-BCOPK,San Francisco,94134,37.721052,-122.413573
0308-GIQJT,San Diego,92126,32.886925,-117.152162
0308-IVGOK,Santa Ana,92703,33.748635,-117.906125
0310-MVLET,Snelling,95369,37.521708,-120.426843
0310-SUCIN,Darwin,93522,36.319181,-117.593053
0310-VQXAM,San Bernardino,92404,34.183286,-117.221722
0311-QYWSS,Garberville,95542,40.057784,-123.679461
0311-UNPFF,Long Beach,90807,33.830099,-118.182239
0314-TKOSI,Upland,91784,34.141146,-117.655583
0315-LVCRK,El Dorado Hills,95762,38.684437,-121.055634
0318-QUUOB,Santa Rosa,95403,38.488431,-122.752839
0318-ZOPWS,Malibu,90265,34.074572,-118.831181
0319-QZTCO,Santa Rosa,95401,38.460517,-122.790335
0320-DWVTU,Riverdale,93656,36.452211,-119.94575
0320-JDNQG,Oxnard,93035,34.18454,-119.224666
0322-CHQRU,Palmdale,93591,34.598221,-117.79593
0322-YINQP,Covina,91723,34.084747,-117.886844
0323-XWWTN,San Lucas,93954,36.125529,-120.864443
0324-BRPCJ,Palmdale,93591,34.598221,-117.79593
0325-XBFAC,Hoopa,95546,41.163637,-123.704841
0326-VDYXE,Long Beach,90802,33.752524,-118.210737
0327-WFZSY,Samoa,95564,40.809636,-124.189977
0328-GRPMV,Burnt Ranch,95527,40.854512,-123.450097
0329-GTIAJ,Garden Grove,92844,33.766476,-117.969795
0330-BGYZE,Milford,96121,40.181279,-120.392967
0330-IVZHA,Anderson,96007,40.448632,-122.306657
0334-GDDSO,San Diego,92122,32.85723,-117.209774
0334-ZFJSR,San Diego,92123,32.808814,-117.134694
0336-KXKFK,Santa Margarita,93453,35.303926,-120.256567
0336-PIKEI,Orange,92869,33.792791,-117.789749
0337-CNPZE,Los Angeles,90033,34.050198,-118.210946
0343-QLUZP,San Jose,95111,37.284265,-121.827673
0345-HKJVM,San Diego,92109,32.787836,-117.232376
0345-XMMUG,Ione,95640,38.33788,-120.954202
0347-UBKUZ,San Mateo,94404,37.556094,-122.272437
0348-SDKOL,San Diego,92117,32.825086,-117.199424
0354-VXMJC,Los Angeles,90034,34.030578,-118.399613
0354-WYROK,San Francisco,94130,37.820894,-122.369725
0356-ERHVT,Santa Cruz,95062,36.974575,-121.991149
0356-OBMAC,Winchester,92596,33.657433,-117.04254
0357-NVCRI,El Cajon,92021,32.832706,-116.873258
0361-HJRDX,Sherman Oaks,91403,34.147149,-118.463365
0362-RAOQO,Norco,92860,33.925833,-117.559639
0362-ZBZWJ,Thornton,95686,38.157794,-121.520223
0363-QJVFX,Lake Hughes,93532,34.659579,-118.584212
0363-SVHYR,Paramount,90723,33.897122,-118.164432
0365-BZUWY,San Juan Capistrano,92675,33.521447,-117.602555
0365-GXEZS,Copperopolis,95228,37.943954,-120.67108
0365-TRTPY,Covina,91724,34.08111,-117.853935
0366-NQSHS,Colusa,95932,39.273096,-122.050763
0369-ZGOVK,Cypress,90630,33.818477,-118.038307
0373-AIVNJ,Sacramento,95814,38.584505,-121.491956
0374-AACSZ,Lancaster,93534,34.727529,-118.153098
0374-FIUCA,Orange,92867,33.81859,-117.821288
0374-IOEGQ,Gonzales,93926,36.52588,-121.396719
0375-HVGXO,Los Angeles,90045,33.954017,-118.402447
0376-OIWME,San Ysidro,92173,32.555828,-117.040073
0376-YMCJC,Novato,94949,38.067204,-122.524004
0377-JBKKT,Gilroy,95020,37.03889,-121.528955
0378-CJKPV,Oak Park,91377,34.19225,-118.776874
0378-NHQXU,South San Francisco,94080,37.654436,-122.426468
0378-TOVMS,Vernalis,95385,37.609095,-121.263381
0378-XSZPU,San Jose,95117,37.311088,-121.961786
0379-DJQHR,Sunnyvale,94089,37.421633,-122.009613
0380-NEAVX,Newport Beach,92660,33.634626,-117.874882
0380-ZCSBI,San Francisco,94133,37.802071,-122.411004
0383-CLDDA,Stanford,94305,37.424342,-122.165641
0384-LPITE,Los Angeles,90041,34.137412,-118.207607
0384-RVBPI,Turlock,95380,37.474396,-120.875917
0386-CWRGM,Beverly Hills,90210,34.099891,-118.414338
0388-EOPEX,Riverside,92503,33.890046,-117.455583
0390-DCFDQ,Los Alamitos,90720,33.79499,-118.065591
0392-BZIUW,Fresno,93710,36.822715,-119.761826
0394-YONDK,Escondido,92025,33.081478,-117.033814
0396-HUJBP,Gardena,90247,33.890853,-118.297967
0396-UKGAI,Encinitas,92024,33.054579,-117.25665
0396-YCHWO,Sacramento,95829,38.486502,-121.334051
0397-GZBBC,South Dos Palos,93665,36.959731,-120.653519
0397-ZXWQF,Orick,95555,41.336354,-124.044354
0401-WDBXM,San Jose,95118,37.255479,-121.889838
0402-CQAJN,El Monte,91732,34.074492,-118.01462
0402-OAMEN,Spreckels,93962,36.624641,-121.647195
0404-AHASP,Beverly Hills,90212,34.062095,-118.401508
0404-SWRVG,La Habra,90631,33.940619,-117.9513
0406-BPDVR,Visalia,93277,36.303793,-119.375646
0407-BDJKB,San Francisco,94114,37.758085,-122.434801
0409-WTMPL,Whittier,90602,33.972119,-118.020188
0410-IPFTY,Long Beach,90822,33.778436,-118.118648
0411-EZJZE,Stockton,95215,37.946282,-121.139499
0412-UCCNP,Essex,92332,34.9436,-115.287901
0415-MOSGF,Los Gatos,95030,37.222842,-121.988727
0419-YAAPX,Grass Valley,95949,39.099204,-121.137962
0420-BWTPW,San Diego,92117,32.825086,-117.199424
0420-HLGXF,Visalia,93291,36.391777,-119.372842
0420-TXVSG,San Jose,95112,37.343827,-121.883119
0422-OHQHQ,Fresno,93722,36.78979,-119.929894
0422-UXFAP,San Diego,92117,32.825086,-117.199424
0423-UDIJQ,Snelling,95369,37.521708,-120.426843
0426-TIRNE,Encino,91316,34.150354,-118.518292
0428-AXXLJ,Bellflower,90706,33.887676,-118.127289
0428-IKYCP,Sonora,95370,37.982716,-120.343732
0430-IHCDJ,Highland,92346,34.129677,-117.154277
0431-APWVY,Novato,94949,38.067204,-122.524004
0432-CAJZV,Temecula,92592,33.507255,-117.029473
0434-CSFON,Los Angeles,90071,34.052917,-118.255178
0436-TWFFZ,Long Beach,90805,33.864622,-118.179626
0439-IFYUN,Escondido,92027,33.141265,-116.967221
0440-EKDCF,Herlong,96113,40.198234,-120.18089
0440-MOGPM,Petaluma,94954,38.235021,-122.557332
0440-QEXBZ,Mojave,93501,35.097323,-118.171288
0440-UEDAI,Callahan,96014,41.388397,-122.794636
0442-TDYUO,Bodega,94922,38.343282,-122.9755
0442-ZXKVS,Denair,95316,37.524721,-120.757977
0447-BEMNG,Wrightwood,92397,34.358321,-117.618263
0447-RXSGD,Monterey,93940,36.362741,-121.869685
0454-OKRCT,Palo Alto,94301,37.444314,-122.149996
0455-ENTCR,Jamestown,95327,37.84771,-120.486589
0455-XFASS,Campbell,95008,37.279689,-121.954567
0458-HEUZG,Alderpoint,95511,40.166028,-123.584144
0459-SPZHJ,Garden Grove,92843,33.764018,-117.931507
0461-CVKMU,Oak Run,96069,40.689243,-122.037023
0463-TXOAK,Madison,95653,38.674276,-121.961866
0463-WZZKO,Van Nuys,91406,34.195685,-118.490752
0463-ZSDNT,Escondido,92026,33.21846,-117.116916
0464-WJTKO,Cedarville,96104,41.505916,-120.152505
0468-YRPXN,Lomita,90717,33.794209,-118.317354
0471-ARVMX,Kelseyville,95451,38.93496,-122.792243
0471-LVHGK,Orangevale,95662,38.689174,-121.218435
0475-RIJEP,Pinecrest,95364,38.224869,-119.755729
0479-HMSWA,San Clemente,92672,33.429488,-117.609432
0480-BIXDE,Beale Afb,95903,39.125311,-121.392283
0480-KYJVA,Sacramento,95835,38.685069,-121.543709
0481-SUMCB,Greenville,95947,40.160386,-120.835428
0484-FFVBJ,Fort Bragg,95437,39.455555,-123.683979
0484-JPBRU,Petaluma,94954,38.235021,-122.557332
0485-ZBSLN,Mecca,92254,33.543835,-115.993906
0486-HECZI,Torrance,90504,33.867257,-118.330794
0486-LGCCH,Victorville,92394,34.567058,-117.362329
0487-CRLZF,Poway,92064,32.984395,-117.013454
0487-RPVUM,Mount Hermon,95041,37.051166,-122.056194
0487-VVUVK,Santa Barbara,93109,34.406256,-119.726936
0488-GSLFR,Taylorsville,95983,40.053684,-120.743116
0489-WMEMG,Korbel,95550,40.7666,-123.80458
0491-KAPQG,Pine Valley,91962,32.800671,-116.483363
0495-RVCBF,Santa Rosa,95401,38.460517,-122.790335
0495-ZBNGW,Loma Mar,94021,37.266388,-122.26308
0496-AHOOK,Bangor,95914,39.396585,-121.38029
0504-HHAPI,Guinda,95637,38.830739,-122.196202
0505-SPOOW,Riverside,92508,33.885499,-117.324959
0506-LVNGN,Rancho Cordova,95742,38.591134,-121.161585
0506-YLVKJ,Sultana,93666,36.545353,-119.338535
0508-OOLTO,Fort Irwin,92310,35.349241,-116.770281
0508-SQWPL,La Mesa,91941,32.759327,-116.99726
0511-JTEOY,Canyon Dam,95923,40.171312,-121.120605
0512-FLFDW,Palomar Mountain,92060,33.309852,-116.823091
0513-RBGPE,Rancho Santa Fe,92091,32.99356,-117.207121
0515-YPMCW,San Jose,95116,37.350284,-121.852855
0516-OOHAR,Topanga,90290,34.115192,-118.61017
0516-QREYC,Capay,95607,38.681651,-122.130569
0516-UXRMT,Oxnard,93033,34.156629,-119.117218
0516-VRYBW,Stanton,90680,33.801869,-117.995068
0516-WJVXC,Sacramento,95818,38.556306,-121.495817
0519-DRGTI,Stockton,95219,38.029729,-121.387999
0519-XUZJU,Felton,95018,37.089111,-122.062213
0520-FDVVT,Lewiston,96052,40.704293,-122.803899
0523-VNGTF,Sun Valley,91352,34.231053,-118.338307
0524-IAVZO,Anza,92539,33.527605,-116.666551
0526-SXDJP,Bell,90201,33.970343,-118.171368
0529-ONKER,Forest Ranch,95942,40.077028,-121.494168
0530-IJVDB,Jamul,91935,32.695681,-116.798386
0531-XBKMM,Azusa,91702,34.174493,-117.87068
0531-ZZJWQ,Fallbrook,92028,33.362575,-117.299644
0533-BNWKF,San Diego,92122,32.85723,-117.209774
0533-UCAAU,Montgomery Creek,96065,40.877552,-121.885884
0536-ACXIP,Lodi,95242,38.128087,-121.4078
0536-BGFMZ,Leggett,95585,39.873371,-123.741474
0536-ESJEP,Rough And Ready,95975,39.225634,-121.156163
0537-QYZZN,Petaluma,94952,38.237018,-122.77872
0541-FITGH,Hornitos,95325,37.479926,-120.230424
0547-HURJB,Dixon,95620,38.392821,-121.799917
0549-CYCQN,Flournoy,96029,39.84784,-122.544556
0550-DCXLH,Thermal,92274,33.53604,-116.119222
0556-FJEGU,Lafayette,94549,37.907777,-122.127161
0557-ASKVU,Beverly Hills,90210,34.099891,-118.414338
0559-CKHUS,Pleasanton,94588,37.685052,-121.912061
0562-FGDCR,Whitmore,96096,40.637105,-121.906949
0562-HKHML,Alameda,94502,37.724817,-122.224363
0562-KBDVM,Herald,95638,38.313447,-121.123886
0564-JJHGS,Guerneville,95446,38.52576,-123.013347
0564-MUUQK,Imperial Beach,91932,32.579134,-117.119009
0565-IYCGT,San Diego,92117,32.825086,-117.199424
0565-JUPYD,Benicia,94510,38.113533,-122.11926
0567-GGCAC,Biola,93606,36.798882,-120.019511
0567-XRHCU,Los Angeles,90049,34.091829,-118.491244
0568-ONFPC,San Francisco,94112,37.720498,-122.443119
0570-BFQHT,Anderson,96007,40.448632,-122.306657
0572-ZJKLT,Chester,96020,40.243494,-121.154733
0575-CUQOV,Hilmar,95324,37.394536,-120.890747
0576-WNXXC,Parlier,93648,36.622237,-119.521126
0577-WHMEV,San Jose,95133,37.371862,-121.860349
0578-SKVMF,Seeley,92273,32.790282,-115.689559
0580-PIQHM,Riverside,92503,33.890046,-117.455583
0581-BXBUB,Penn Valley,95946,39.203817,-121.19584
0581-MDMPW,San Jose,95148,37.339533,-121.777179
0582-AVCLN,Bakersfield,93304,35.339796,-119.023552
0584-BJQGZ,Taylorsville,95983,40.053684,-120.743116
0585-EGDDA,Etna,96027,41.405193,-123.008567
0587-DMGBH,Willows,95988,39.493991,-122.286363
0594-UFTUL,Mather,95655,38.549822,-121.266725
0595-ITUDF,Fairfax,94930,37.971751,-122.611873
0596-BQCEQ,Hydesville,95547,40.557314,-124.081662
0599-XNYDO,Graton,95444,38.434362,-122.86891
0601-WZHJF,Shafter,93263,35.490705,-119.286833
0602-DDUML,Fallbrook,92028,33.362575,-117.299644
0603-OLQDC,Whittier,90601,34.007353,-118.033683
0603-TPMIB,San Simeon,93452,35.746484,-121.223355
0604-THJFP,Castro Valley,94552,37.722727,-122.02157
0607-DAAHE,Olivehurst,95961,39.082568,-121.55325
0607-MVMGC,Ranchita,92066,33.215251,-116.53633
0608-JDVEC,Dunlap,93621,36.789213,-119.140338
0611-DFXKO,Comptche,95427,39.239818,-123.565432
0612-RTZZA,Vista,92084,33.22784,-117.200024
0613-WUXUM,Soquel,95073,37.023669,-121.946461
0616-ATFGB,Shasta Lake,96019,40.692523,-122.369876
0617-AQNWT,North Hills,91343,34.238802,-118.482296
0617-FHSGK,Rancho Cordova,95670,38.602723,-121.279913
0618-XWMSS,Wasco,93280,35.652242,-119.4464
0619-OLYUR,Garden Grove,92840,33.787165,-117.931889
0620-DLSLK,Pasadena,91103,34.167465,-118.165327
0620-XEFWH,Oak Run,96069,40.689243,-122.037023
0621-CXBKL,Copperopolis,95228,37.943954,-120.67108
0621-HJWXJ,Irvine,92618,33.667145,-117.732135
0621-JFHOL,North Hollywood,91602,34.15136,-118.364786
0621-TSSMU,Maywood,90270,33.988572,-118.186565
0621-TWIEM,Newhall,91321,34.370378,-118.504118
0623-EJQEG,Murphys,95247,38.147852,-120.440124
0623-GDISB,San Clemente,92673,33.4725,-117.584273
0623-IIHUG,San Diego,92122,32.85723,-117.209774
0625-AFOHS,Ferndale,95536,40.4785,-124.301372
0626-QXNGV,Arcata,95521,40.839958,-124.003757
0628-CNQRM,Temecula,92592,33.507255,-117.029473
0634-SZPQA,San Anselmo,94960,37.99272,-122.575026
0635-WKOLD,Ceres,95307,37.553469,-120.952825
0637-KVDLV,Elk Grove,95758,38.35363,-121.44195
0637-UBJRP,Wilton,95693,38.392559,-121.225093
0637-YLETY,Douglas City,96024,40.586588,-122.903677
0639-TSIQW,White Water,92282,33.972293,-116.654195
0640-YJTPY,Smartville,95977,39.176595,-121.291692
0641-EVBOJ,Coarsegold,93614,37.212191,-119.749323
0643-OKLRP,Azusa,91702,34.174493,-117.87068
0644-OQMDK,Merced,95348,37.40122,-120.514191
0650-BWOZN,Aguanga,92536,33.482243,-116.827173
0654-HMSHN,Mojave,93501,35.097323,-118.171288
0654-PQKDW,Pescadero,94060,37.22565,-122.297533
0655-RBDUG,Alviso,95002,37.449537,-121.994813
0655-YDGFJ,Palm Springs,92264,33.745746,-116.514215
0657-DOGUM,Rancho Cucamonga,91739,34.133809,-117.523724
0661-KBKPA,Seaside,93955,36.625114,-121.823565
0661-KQHNK,Round Mountain,96084,40.923558,-122.059933
0661-WCQNQ,Orleans,95556,41.269521,-123.546958
0661-XEYAN,Nevada City,95959,39.333737,-120.858667
0665-XHDJU,Monte Rio,95462,38.471049,-123.015549
0666-UXTJO,Morongo Valley,92256,34.097863,-116.594561
0667-NSRGI,Lodi,95240,38.123544,-121.159078
0668-OGMHD,Santa Rosa,95405,38.439696,-122.668817
0670-ANMUU,Chino Hills,91709,33.942895,-117.725644
0670-KDOMA,Chowchilla,93610,37.100948,-120.270136
0673-IGUQO,Phelan,92371,34.441123,-117.537886
0674-DGMAQ,Elk,95432,39.108252,-123.645121
0674-EYYZV,Los Angeles,90065,34.108833,-118.229715
0674-GCDXG,Bakersfield,93308,35.559617,-118.925185
0675-NCDYU,Placentia,92870,33.881158,-117.854783
0678-RLHVP,Redwood City,94065,37.527497,-122.230941
0679-IDSTG,Branscomb,95417,39.710591,-123.682799
0679-TDGAK,Fresno,93727,36.751489,-119.68072
0680-DFNNY,Winters,95694,38.578604,-122.024579
0682-USIXD,Diamond Bar,91765,33.992416,-117.807874
0684-AOSIH,Oro Grande,92368,34.647959,-117.296957
0685-MLYYM,Buena Park,90620,33.845706,-118.012204
0687-ZVTHB,Richmond,94805,37.941456,-122.320968
0689-DSXGL,Yreka,96097,41.764869,-122.671316
0689-NKYLF,Los Angeles,90066,34.002028,-118.430656
0690-SRQID,Stockton,95203,37.954089,-121.329761
0691-IFBQW,Biola,93606,36.798882,-120.019511
0691-JVSYA,Pasadena,91103,34.167465,-118.165327
0691-NIKRI,Elverta,95626,38.734997,-121.463719
0696-UKTOX,North Hills,91343,34.238802,-118.482296
0697-ZMSWS,Los Angeles,90023,34.017697,-118.200577
0699-NDKJM,Westlake Village,91361,34.130992,-118.894673
0701-RFGFI,La Mesa,91941,32.759327,-116.99726
0701-TJSEF,Santa Barbara,93105,34.037342,-119.80079
0702-PGIBZ,Dutch Flat,95714,39.197215,-120.83679
0704-VCUMB,San Diego,92103,32.747484,-117.166877
0707-HOVVN,Mi Wuk Village,95346,38.121601,-120.133915
0708-LGSMF,Milpitas,95035,37.441931,-121.878502
0708-SJDIS,West Hollywood,90069,34.093781,-118.381061
0709-TVGUR,Stockton,95207,38.002125,-121.324979
0716-BQNDX,Madera,93637,36.902954,-120.194274
0719-SYFRB,Norco,92860,33.925833,-117.559639
0722-SVSFK,Half Moon Bay,94019,37.45567,-122.407992
0722-TROQR,Davis,95616,38.508735,-121.678813
0723-DRCLG,Fallbrook,92028,33.362575,-117.299644
0723-FDLAY,Gold Run,95717,39.170376,-120.838404
0723-VSOBE,Dos Rios,95429,39.756049,-123.358701
0725-CXOTM,Manteca,95337,37.750822,-121.238423
0727-BMPLR,Fresno,93706,36.654614,-119.903674
0727-BNRLG,Los Angeles,90064,34.037251,-118.423573
0727-IWKVK,Yermo,92398,35.013299,-116.834092
0730-BGQGF,Grover Beach,93433,35.120833,-120.61843
0730-KOAVE,Redwood City,94062,37.410567,-122.297152
0731-EBJQB,Downey,90240,33.956228,-118.120993
0732-OCQOC,Death Valley,92328,36.27688,-117.033326
0733-VUNUW,San Francisco,94114,37.758085,-122.434801
0734-OXWBT,Covina,91722,34.097345,-117.906736
0739-UUAJR,Mountain View,94040,37.380662,-122.086022
0742-LAFQK,Fullerton,92833,33.877639,-117.961212
0742-MOABM,Fallbrook,92028,33.362575,-117.299644
0742-NXBGR,Adin,96006,41.171578,-120.913161
0743-HNPFG,Butte City,95920,39.449794,-121.936372
0743-HRVFF,Bakersfield,93309,35.342891,-119.064803
0744-BIKKF,Mecca,92254,33.543835,-115.993906
0744-GKNGE,Inglewood,90305,33.958134,-118.330905
0746-JTRFU,Kingsburg,93631,36.478239,-119.52137
0748-RDGGM,Tarzana,91356,34.157137,-118.548511
0749-IRGQE,Buena Park,90621,33.874224,-117.993368
0750-EBAIU,Temecula,92590,33.475493,-117.219551
0750-EKNGL,Hyampom,96046,40.648024,-123.465088
0754-EEBDC,Covina,91723,34.084747,-117.886844
0754-UKWQP,Cool,95614,38.880622,-120.973865
0756-MPZRL,Pauma Valley,92061,33.313828,-116.940501
0757-WCUUZ,June Lake,93529,37.730269,-119.055813
0761-AETCS,Colton,92324,34.030915,-117.273201
0769-MURVM,Carmel Valley,93924,36.414611,-121.6386
0771-CHWSK,Brawley,92227,33.03933,-115.191857
0771-WLCLA,Big Bear Lake,92315,34.242058,-116.89802
0772-GYEQQ,Lodi,95240,38.123544,-121.159078
0774-IFUVM,Stockton,95202,37.959706,-121.287669
0774-RMNUW,Pala,92059,33.384345,-117.072619
0778-NELLA,Anaheim,92805,33.830209,-117.906099
0780-XNZFN,Oakland,94618,37.84551,-122.235181
0781-LKXBR,San Francisco,94102,37.7795,-122.419233
0784-GTUUK,Newman,95360,37.343846,-121.039391
0784-ZQJZX,Spreckels,93962,36.624641,-121.647195
0786-IVLAW,Valley Village,91607,34.165783,-118.399795
0786-VSSUD,San Diego,92123,32.808814,-117.134694
0787-LHDYT,Carmel Valley,93924,36.414611,-121.6386
0788-DXBFY,Tustin,92780,33.735802,-117.818805
0793-TWELN,Los Angeles,90026,34.078991,-118.263804
0794-YVSGE,Pasadena,91101,34.146635,-118.139225
0795-GMVQO,San Diego,92105,32.741859,-117.090353
0795-LAFGP,Fullerton,92835,33.902211,-117.914922
0795-XCCTE,Bishop,93514,37.04584,-118.397236
0799-DDIHE,Grenada,96038,41.599978,-122.539381
0804-XBFBV,Foothill Ranch,92610,33.698728,-117.67768
0804-YGEQV,Palm Desert,92211,33.762759,-116.324817
0807-ZABDG,Woodland,95776,38.694081,-121.694431
0810-BDHAW,Chowchilla,93610,37.100948,-120.270136
0810-DHDBD,Rohnert Park,94928,38.34719,-122.697822
0811-GSDTP,Alameda,94502,37.724817,-122.224363
0812-WUPTB,Corona Del Mar,92625,33.600987,-117.862734
0813-TAXXS,Alderpoint,95511,40.166028,-123.584144
0815-MFZGM,Morgan Hill,95037,37.161544,-121.649371
0816-TSPHQ,Kettleman City,93239,35.996923,-120.000951
0817-HSUSE,Altadena,91001,34.196837,-118.142236
0818-OCPZO,Los Angeles,90059,33.927254,-118.249826
0820-FNRNX,Lafayette,94549,37.907777,-122.127161
0822-GAVAP,Posey,93260,35.861928,-118.636698
0822-QGCXA,Los Angeles,90068,34.137411,-118.328915
0823-HSCDJ,Temecula,92592,33.507255,-117.029473
0824-VWDPO,Mckinleyville,95519,40.965011,-124.015255
0825-CPPQH,Laytonville,95454,39.806141,-123.531098
0827-ITJPH,Los Angeles,90047,33.958149,-118.308441
0829-DDVLK,Orange,92866,33.784597,-117.844535
0829-XXPLX,Cutler,93615,36.497895,-119.285484
0831-JNISG,San Jose,95148,37.339533,-121.777179
0835-DUUIQ,Alameda,94501,37.774633,-122.274434
0835-JKADZ,San Francisco,94107,37.768881,-122.395521
0836-SEYLU,San Diego,92128,33.000269,-117.072093
0839-JTCUD,Mission Viejo,92691,33.611945,-117.665867
0839-QNXME,Surfside,90743,33.728273,-118.085304
0840-DCNZE,Newport Beach,92661,33.601309,-117.902304
0840-DFEZH,Los Angeles,90036,34.070291,-118.349191
0841-NULXI,Stockton,95209,38.044523,-121.348048
0842-IWYCP,Helendale,92342,34.757783,-117.33997
0843-WTBXE,San Diego,92126,32.886925,-117.152162
0847-HGRML,North Palm Springs,92258,33.906496,-116.569499
0848-SOMKO,Shingle Springs,95682,38.598936,-120.963092
0848-ZGQIJ,Saratoga,95070,37.257772,-122.051824
0851-DFJKB,Concord,94518,37.950248,-122.022455
0853-NWIFK,Woodacre,94973,38.005839,-122.638155
0853-TWRVK,North Hollywood,91606,34.187599,-118.387125
0854-UYHZD,West Covina,91792,34.024405,-117.898722
0856-NAOES,Concord,94519,37.990118,-122.012188
0859-YGKFW,Olivehurst,95961,39.082568,-121.55325
0862-PRCBS,San Francisco,94132,37.722302,-122.491129
0864-FVJNJ,Trinidad,95570,41.162295,-124.027381
0866-QLSIR,Garden Grove,92843,33.764018,-117.931507
0867-LDTTC,Sacramento,95830,38.490508,-121.284171
0867-MKZVY,Altadena,91001,34.196837,-118.142236
0868-VJRDR,Cassel,96016,40.936285,-121.572692
0869-PAPRP,Pixley,93256,35.957019,-119.330928
0870-VEMYL,Columbia,95310,38.085839,-120.37855
0871-OPBXW,Escondido,92027,33.141265,-116.967221
0871-URUWO,Sheep Ranch,95250,38.244806,-120.417301
0872-CASZJ,Hamilton City,95951,39.732767,-122.042298
0872-JCPIB,Pinecrest,95364,38.224869,-119.755729
0872-NXJYS,West Hollywood,90069,34.093781,-118.381061
0875-CABNR,San Luis Obispo,93401,35.233745,-120.626442
0876-WDUUZ,Pine Grove,95665,38.400264,-120.641274
0877-SDMBN,San Diego,92126,32.886925,-117.152162
0880-FVFWF,Livermore,94550,37.571748,-121.659562
0880-TKATG,Lucerne Valley,92356,34.508417,-116.856103
0883-EIBTI,Clarksburg,95612,38.384648,-121.578701
0885-HMGPY,Honeydew,95545,40.342928,-124.063329
0886-QGENL,San Diego,92104,32.741499,-117.127409
0887-HJGAR,Coalinga,93210,36.186867,-120.387793
0887-WBJVH,Cressey,95312,37.420273,-120.66527
0895-DQHEW,Burney,96013,40.946785,-121.719489
0895-LMRSF,Imperial Beach,91932,32.579134,-117.119009
0895-LNKRC,El Monte,91732,34.074492,-118.01462
0895-UADGO,River Pines,95675,38.545775,-120.743325
0897-FEGMU,Los Angeles,90048,34.072945,-118.37267
0898-XCGTF,Los Angeles,90039,34.110845,-118.259595
0899-LIIBW,Forks Of Salmon,96031,41.232128,-123.194748
0899-WZRSD,Marina Del Rey,90292,33.977468,-118.445475
0902-RFHOF,Loomis,95650,38.809175,-121.171375
0902-XKXPN,Redding,96001,40.587919,-122.464732
0906-QVPMS,Monterey,93940,36.362741,-121.869685
0907-HQNTS,Pittsburg,94565,38.006047,-121.916834
0909-SDHNU,Los Angeles,90036,34.070291,-118.349191
0909-SELIE,Clearlake Oaks,95423,39.07116,-122.598542
0913-XWSCN,Sun City,92585,33.739412,-117.173334
0916-KNFAJ,San Jose,95133,37.371862,-121.860349
0916-QOFDP,Randsburg,93554,35.405722,-117.773354
0917-EZOLA,Lakewood,90713,33.847755,-118.112532
0921-OHLVP,Paradise,95969,39.69676,-121.644379
0923-PNFUB,Westlake Village,91361,34.130992,-118.894673
0924-BJCRC,Felton,95018,37.089111,-122.062213
0925-VYDLG,Ludlow,92338,34.702766,-116.093376
0927-CNGRH,Alta,95701,39.218096,-120.79153
0927-LCSMG,San Jose,95129,37.305622,-122.000887
0928-JMXNP,Los Molinos,96055,40.059385,-122.091481
0928-XUTSN,Brawley,92227,33.03933,-115.191857
0929-HYQEW,Oakland,94601,37.776523,-122.219268
0929-PECLO,Klamath,95548,41.572813,-124.035011
0930-EHUZA,Calpine,96124,39.672813,-120.456699
0931-MHTEM,Big Bar,96010,40.775272,-123.287414
0932-YIXYU,Dos Palos,93620,37.045728,-120.630682
0936-NQLJU,Mokelumne Hill,95245,38.304194,-120.592431
0939-EREMR,Chico,95973,39.903272,-121.843567
0939-YAPAF,Santa Ana,92701,33.748478,-117.858918
0940-OUQEC,Winters,95694,38.578604,-122.024579
0942-KOWSM,Hesperia,92345,34.361387,-117.337509
0943-ZQPXH,Vacaville,95688,38.419088,-122.024568
0945-TSONX,Encino,91436,34.152875,-118.486056
0946-CLJTI,Palmdale,93551,34.613476,-118.256358
0946-FKYTX,Tulare,93274,36.185471,-119.375243
0947-IDHRQ,Woodland Hills,91367,34.178068,-118.615714
0947-MUGVO,Jolon,93928,35.930782,-121.189757
0952-KMEEH,Mountain View,94043,37.419725,-122.062947
0953-LGOVU,Clearlake,95422,38.965804,-122.631779
0956-ACVZC,Novato,94947,38.112166,-122.634384
0956-SYCWG,Agoura Hills,91301,34.129058,-118.759788
0958-YHXGP,Oakland,94621,37.750553,-122.197175
0959-WHOKV,Covina,91724,34.08111,-117.853935
0960-HUWBM,Pleasant Grove,95668,38.833554,-121.498102
0961-ZWLVI,Rancho Cordova,95670,38.602723,-121.279913
0962-CQPWQ,Alameda,94502,37.724817,-122.224363
0963-ZBDRN,Claremont,91711,34.127621,-117.717863
0967-BMLBD,Hornitos,95325,37.479926,-120.230424
0968-GSIKN,Thousand Palms,92276,33.849263,-116.382778
0969-RGKCU,Woodland Hills,91367,34.178068,-118.615714
0970-ETWGE,Bodfish,93205,35.523991,-118.400432
0970-QXPXW,Monrovia,91016,34.1528,-118.000482
0971-QIFJK,Soquel,95073,37.023669,-121.946461
0973-KYVNF,Castaic,91384,34.506627,-118.699048
0975-UYDTX,Glendale,91207,34.182378,-118.262922
0975-VOOVL,Agoura Hills,91301,34.129058,-118.759788
0979-MOZQI,Monterey,93940,36.362741,-121.869685
0979-PHULV,San Diego,92122,32.85723,-117.209774
0980-FEXWF,Fiddletown,95629,38.513484,-120.704613
0980-PVMRC,Squaw Valley,93675,36.719141,-119.202677
0983-TATYJ,Santa Ynez,93460,34.630356,-120.032564
0988-AADSA,Forbestown,95941,39.531028,-121.24807
0988-JRWWP,Wilseyville,95257,38.392686,-120.415951
0991-BRRFB,Corona,92883,33.762351,-117.488725
0993-OSGPT,Junction City,96048,40.913192,-123.06597
0997-YTLNY,Escondido,92029,33.079834,-117.134275
0999-QXNSA,Los Angeles,90029,34.089953,-118.294824
1000-AJSLD,San Diego,92121,32.898613,-117.202937
1004-NOZNR,Glen Ellen,95442,38.368744,-122.522642
1009-IRMNA,Port Hueneme,93041,34.110124,-119.100972
1010-DIAUQ,San Diego,92122,32.85723,-117.209774
1013-QCWAM,Garden Grove,92841,33.786738,-117.982564
1015-JPFYW,Clements,95227,38.227285,-121.02789
1015-OWJKI,Lawndale,90260,33.88856,-118.351813
1016-DJTSV,Santee,92071,32.847336,-116.997605
1017-FBQMM,Acampo,95220,38.200231,-121.235034
1020-JPQOW,Angwin,94508,38.542448,-122.419923
1022-RKXDR,South El Monte,91733,34.04622,-118.053753
1023-BQXZE,Stockton,95203,37.954089,-121.329761
1024-GUALD,Glendale,91207,34.182378,-118.262922
1024-KPRBB,San Diego,92101,32.72523,-117.171346
1024-VRZHF,San Diego,92117,32.825086,-117.199424
1025-FALIX,Nicolaus,95659,38.788898,-121.608624
1027-LKKQQ,Plymouth,95669,38.489273,-120.891614
1028-FFNJK,Burbank,91504,34.213049,-118.317651
1029-QFBEN,San Diego,92129,32.961064,-117.134917
1031-IIDEO,Sierra City,96125,39.600599,-120.636358
1032-MAELW,Fresno,93703,36.768774,-119.762633
1035-IPQPU,Parker Dam,92267,34.273872,-114.192901
1036-GUDCL,Oak Park,91377,34.19225,-118.776874
1038-RQOST,Zenia,95595,40.170357,-123.417298
1038-ZAGBI,Fresno,93711,36.833002,-119.82947
1041-RXHRA,Guatay,91931,32.857946,-116.561917
1042-HFUCW,Cobb,95426,38.838088,-122.73203
1043-UXOVO,Sacramento,95830,38.490508,-121.284171
1043-YCUTE,Hayward,94544,37.639215,-122.037554
1045-LTCYT,San Jose,95118,37.255479,-121.889838
1047-NNCBF,San Jose,95123,37.238758,-121.828375
1047-RNXZV,Glendale,91208,34.195386,-118.238508
1049-FYSYG,Temecula,92592,33.507255,-117.029473
1051-EQPZR,Stanford,94305,37.424342,-122.165641
1051-GEJLJ,San Gregorio,94074,37.331762,-122.341444
1052-QJIBV,Colfax,95713,39.084645,-120.894014
1053-MXTTK,North Hollywood,91602,34.15136,-118.364786
1057-FOGLZ,Calimesa,92320,33.982787,-117.057627
1060-ENTOF,Los Angeles,90028,34.099869,-118.326843
1061-PNTHC,Encinitas,92024,33.054579,-117.25665
1062-LHZOD,San Diego,92121,32.898613,-117.202937
1063-DHQJF,Whittier,90604,33.929704,-118.01208
1064-FBXNK,Sacramento,95831,38.494832,-121.529447
1066-JKSGK,Los Angeles,90024,34.066303,-118.435479
1069-QJOEE,Hayward,94541,37.674002,-122.076796
1069-XAIEM,Mendocino,95460,39.305545,-123.743697
1073-XXCZD,Bakersfield,93308,35.559617,-118.925185
1074-AMIOH,San Francisco,94127,37.736535,-122.45732
1074-WVEVG,Los Angeles,90021,34.029043,-118.239504
1075-BGWOH,Rosemead,91770,34.065108,-118.082791
1077-HUUJM,Rancho Cucamonga,91730,34.10097,-117.57882
1078-TDCRN,Agoura Hills,91301,34.129058,-118.759788
1080-BWSYE,Irvine,92618,33.667145,-117.732135
1084-MNSMJ,El Dorado,95623,38.63153,-120.842609
1084-UQCHV,Angelus Oaks,92305,34.1678,-116.86433
1085-LDWAM,Portola,96122,39.786755,-120.445626
1086-LXKFY,Westwood,96137,40.271535,-121.018087
1087-GRUYI,San Diego,92116,32.765299,-117.122565
1087-UDSIH,Concord,94520,38.013825,-122.039144
1088-AUUZZ,Shaver Lake,93664,37.223,-119.001021
1088-CNNKB,Campbell,95008,37.279689,-121.954567
1089-HDMKP,Bridgeport,93517,38.184583,-119.286558
1089-XZWHH,Lee Vining,93541,37.890145,-119.184087
1090-ESELR,Fawnskin,92333,34.274846,-116.937581
1090-PYKCI,Boonville,95415,39.025867,-123.381544
1091-SOZGA,La Palma,90623,33.850504,-118.039892
1092-GANHU,Magalia,95954,39.933852,-121.584371
1092-WPIVQ,French Gulch,96033,40.740138,-122.587476
1093-YSWCA,Corona,92881,33.833686,-117.513063
1094-BKOSX,Coleville,96107,38.42528,-119.475741
1095-JUDTC,Woodbridge,95258,38.169605,-121.310964
1095-WGNGG,San Pedro,90732,33.744119,-118.31448
1096-ADRUX,Placentia,92870,33.881158,-117.854783
1097-FSPVW,Pioneertown,92268,34.201108,-116.593456
1098-KFQEC,Encino,91316,34.150354,-118.518292
1098-TDVUQ,Spring Valley,91977,32.726627,-116.994608
1099-BTKWT,Mission Viejo,92692,33.60693,-117.644253
1099-GODLO,Berkeley,94709,37.878554,-122.26609
1100-DDVRV,Twain Harte,95383,38.107441,-120.230625
1101-SSWAG,Berkeley,94702,37.866009,-122.286228
1104-FEJAM,Richgrove,93261,35.809921,-119.127437
1104-TNLZA,Klamath River,96050,41.816595,-122.948287
1106-HRLKZ,Oakley,94561,37.999406,-121.686241
1110-KYLGQ,Campbell,95008,37.279689,-121.954567
1112-CUNAO,Grimes,95950,39.033058,-121.895718
1113-IUJYX,Winnetka,91306,34.209532,-118.577563
1114-CENIM,San Jacinto,92582,33.806708,-117.02007
1116-DXXDF,Porter Ranch,91326,34.281911,-118.556218
1116-FRYVH,Kingsburg,93631,36.478239,-119.52137
1120-BMWUB,Los Angeles,90056,33.987945,-118.370442
1121-QSIVB,Bakersfield,93309,35.342891,-119.064803
1122-JWTJW,Ocotillo,92259,32.698964,-115.886656
1122-YJBCS,Los Angeles,90032,34.078821,-118.177576
1125-SNVCK,Los Angeles,90040,33.994524,-118.149953
1131-ALZWV,San Lorenzo,94580,37.676249,-122.132415
1131-QQZEB,Sunset Beach,90742,33.719221,-118.073596
1131-SUEKT,Hood,95639,38.375325,-121.507935
1133-KXCGE,Palmdale,93552,34.557711,-118.029441
1134-YWTYF,Fresno,93725,36.623632,-119.741322
1135-HIORI,Byron,94514,37.83323,-121.601461
1135-LMECX,Moreno Valley,92551,33.88274,-117.224878
1136-XGEQU,Winchester,92596,33.657433,-117.04254
1137-DGOWI,Coachella,92236,33.680031,-116.171678
1139-WUOAH,Vallecito,95251,38.055562,-120.456298
1140-UKVZG,Farmersville,93223,36.29878,-119.201028
1142-IHLOO,San Diego,92107,32.741852,-117.243453
1142-WACZW,Chico,95926,39.745712,-121.84333
1143-NMNQJ,Boulder Creek,95006,37.171727,-122.142961
1150-FTQGN,Oregon House,95962,39.342587,-121.249833
1150-WFARN,Brawley,92227,33.03933,-115.191857
1153-GNOLC,Santa Ana,92707,33.714829,-117.872941
1154-HYWWO,San Clemente,92672,33.429488,-117.609432
1156-ZFYDO,Glendale,91201,34.17051,-118.289463
1157-BQCUW,Fall River Mills,96028,41.017282,-121.468945
1159-WFSGR,South Pasadena,91030,34.110444,-118.156957
1162-ECVII,Fresno,93704,36.799648,-119.801247
1163-ONYEY,Shoshone,92384,35.924252,-116.188668
1163-VIPRI,Garberville,95542,40.057784,-123.679461
1166-PQLGG,Redwood City,94065,37.527497,-122.230941
1167-OYZJF,Santa Monica,90402,34.035849,-118.503508
1169-SAOCL,Brookdale,95007,37.106902,-122.100006
1169-WCVAK,Fresno,93710,36.822715,-119.761826
1170-SASML,Desert Hot Springs,92240,33.948558,-116.516976
1171-TYKUR,Los Angeles,90010,34.062125,-118.315709
1172-VIYBP,Cathedral City,92234,33.829583,-116.474131
1173-NOEYG,Santa Margarita,93453,35.303926,-120.256567
1173-XZPYF,Torrance,90501,33.833699,-118.314387
1174-FGIFN,Squaw Valley,93675,36.719141,-119.202677
1177-XZBJL,Palermo,95968,39.435756,-121.552071
1178-PZGAB,Sun City,92585,33.739412,-117.173334
1179-INLAT,Santa Clara,95050,37.351214,-121.952417
1183-CANVH,Escondido,92027,33.141265,-116.967221
1184-PJVDB,Amador City,95601,38.431407,-120.8421
1187-WILMM,Lindsay,93247,36.205465,-119.085807
1193-RTSLK,Happy Camp,96039,41.831901,-123.487478
1194-BHJYC,Lockwood,93932,35.989792,-121.055933
1194-HVAIF,Capistrano Beach,92624,33.458754,-117.665104
1194-SPVSP,Soquel,95073,37.023669,-121.946461
1195-OIYEJ,La Puente,91746,34.038983,-117.991372
1196-AMORA,Big Creek,93605,37.17277,-119.2997
1197-BVMVG,Friant,93626,37.027663,-119.69056
1200-TUZHR,Posey,93260,35.861928,-118.636698
1202-KKGFU,Korbel,95550,40.7666,-123.80458
1205-WNWPJ,Lakehead,96051,40.883853,-122.418258
1206-EHBDD,Rodeo,94572,38.027218,-122.23463
1207-BLKSA,Redwood City,94061,37.461251,-122.235414
1208-DNHLN,Grizzly Flats,95636,38.636102,-120.522149
1208-NBVFH,Perris,92570,33.787298,-117.320676
1209-VFFOC,Brisbane,94005,37.684694,-122.40712
1212-GLHMD,San Joaquin,93660,36.600193,-120.153393
1213-NGCUN,San Diego,92111,32.805518,-117.169052
1215-EXRMO,Junction City,96048,40.913192,-123.06597
1215-FIGMP,Los Angeles,90077,34.102084,-118.451629
1215-VFYVK,Groveland,95321,37.902968,-119.667544
1216-BGTSP,Imperial,92251,32.858595,-115.662709
1216-JWVUX,San Miguel,93451,35.886767,-120.608661
1217-VASWC,Avila Beach,93424,35.186644,-120.728305
1218-VKFPE,Anaheim,92805,33.830209,-117.906099
1219-NNDDO,Los Angeles,90015,34.039224,-118.266293
1221-GHZEP,Hemet,92544,33.644585,-116.871544
1222-KJNZD,Palos Verdes Peninsula,90274,33.788208,-118.404955
1222-LRYKO,Posey,93260,35.861928,-118.636698
1223-UNPKS,Wendel,96136,40.345949,-120.081187
1226-IENZN,Los Angeles,90024,34.066303,-118.435479
1226-JZNKR,Santa Ynez,93460,34.630356,-120.032564
1226-UDFZR,Lafayette,94549,37.907777,-122.127161
1227-UDMZR,Fremont,94536,37.572273,-121.964583
1228-FZFRV,Los Angeles,90007,34.027337,-118.28515
1228-ZLNBX,Farmington,95230,37.956963,-120.863055
1229-RCALF,San Jose,95117,37.311088,-121.961786
1230-QAJDW,Somes Bar,95568,41.444606,-123.471895
1231-YNDEK,Redding,96002,40.527834,-122.318749
1236-WFCDV,Greenbrae,94904,37.946617,-122.563571
1237-WIYYZ,Los Angeles,90017,34.052842,-118.264495
1240-HCBOH,Windsor,95492,38.527297,-122.810044
1240-KNSEZ,San Diego,92127,33.017518,-117.118456
1241-EZFMJ,Ontario,91761,34.035602,-117.591528
1241-FPMOF,Seal Beach,90740,33.75462,-118.071128
1245-HARPS,Janesville,96114,40.294034,-120.512622
1247-QBVSH,Santa Margarita,93453,35.303926,-120.256567
1248-DYXUB,Lemon Grove,91945,32.733564,-117.033713
1251-KRREG,North Hollywood,91601,34.1692,-118.372498
1251-STYSZ,Glenhaven,95443,39.045246,-122.743181
1254-IZEYF,Cutler,93615,36.497895,-119.285484
1257-SXUXQ,Jenner,95450,38.505995,-123.187019
1258-YMZNM,Montara,94037,37.540582,-122.509594
1260-TTRXI,Planada,95365,37.329725,-120.306399
1261-FWTTE,Los Angeles,90067,34.057496,-118.413959
1262-OPMFY,San Diego,92130,32.957195,-117.202542
1264-BYWMS,La Grange,95329,37.666587,-120.411517
1264-FUHCX,San Diego,92106,32.71346,-117.236378
1265-BCFEO,Alamo,94507,37.855717,-121.994813
1265-HVPZB,Winnetka,91306,34.209532,-118.577563
1265-XTECC,Madera,93638,37.004068,-119.930027
1265-ZFOSD,Stonyford,95979,39.288127,-122.415841
1266-NZYUI,Lee Vining,93541,37.890145,-119.184087
1268-ASBGA,Huntington Park,90255,33.97803,-118.217141
1269-FOYWN,Phillipsville,95559,40.184094,-123.745487
1270-XKUCC,San Diego,92122,32.85723,-117.209774
1271-SJBGZ,Forest Knolls,94933,38.010092,-122.689442
1271-UODNO,San Jose,95118,37.255479,-121.889838
1272-ILHFG,La Habra,90631,33.940619,-117.9513
1273-MTETI,Rancho Cucamonga,91737,34.245289,-117.642503
1282-IHQAC,Sheep Ranch,95250,38.244806,-120.417301
1285-OKIPP,Mission Hills,91345,34.266389,-118.459744
1291-CUOCY,Yorkville,95494,38.888351,-123.239647
1293-BSEUN,Volcano,95689,38.481902,-120.603668
1293-HHSHJ,Montrose,91020,34.2112,-118.230625
1297-VQDRP,Foothill Ranch,92610,33.698728,-117.67768
1298-PHBTI,Los Angeles,90049,34.091829,-118.491244
1299-AURJA,Twain Harte,95383,38.107441,-120.230625
1301-LOPVR,North Hollywood,91605,34.207295,-118.400022
1302-TPUBN,West Sacramento,95691,38.627951,-121.593287
1302-UHBDD,Ladera Ranch,92694,33.569186,-117.640055
1303-SRDOK,Rio Dell,95562,40.485849,-124.163234
1304-BCCFO,Redlands,92374,34.064073,-117.166158
1304-NECVQ,Somis,93066,34.297628,-119.014627
1304-SEGFY,National City,91950,32.67102,-117.095235
1306-RPWXZ,Mc Farland,93250,35.666886,-119.186717
1307-ATKGB,Santa Clara,95054,37.393554,-121.965114
1307-TVUFB,Santa Ynez,93460,34.630356,-120.032564
1309-BXVOQ,Old Station,96071,40.656287,-121.428965
1309-XGFSN,Pinon Hills,92372,34.459322,-117.629729
1310-QRITU,Hinkley,92347,34.983808,-117.239306
1319-YLZJG,Dutch Flat,95714,39.197215,-120.83679
1320-GVNHT,Glendale,91207,34.182378,-118.262922
1320-HTRDR,Fellows,93224,35.215731,-119.57013
1320-REHCS,Inglewood,90301,33.956445,-118.358634
1322-AGOQM,Mather,95655,38.549822,-121.266725
1323-OOEPC,Prather,93651,37.007238,-119.505661
1324-NLTJE,Emeryville,94608,37.83726,-122.287648
1325-USMEC,Pearblossom,93553,34.445239,-117.894868
1328-EUZHC,Carson,90746,33.859171,-118.252272
1329-VHWNP,Grover Beach,93433,35.120833,-120.61843
1333-PBMXB,Santa Ana,92703,33.748635,-117.906125
1334-FJSVR,Sequoia National Park,93262,36.527243,-118.594938
1334-PDUKM,Palomar Mountain,92060,33.309852,-116.823091
1335-HQMKX,Los Angeles,90044,33.952714,-118.292061
1335-MXCSE,Shoshone,92384,35.924252,-116.188668
1335-NTIUC,Pacoima,91331,34.255442,-118.421314
1336-EZFZY,Kings Beach,96143,39.246654,-120.029273
1337-BOZWO,Canby,96015,41.486953,-120.913975
1338-CECEE,Mount Hermon,95041,37.051166,-122.056194
1342-JPNKI,Lake Forest,92630,33.644849,-117.684254
1343-EHPYB,San Diego,92122,32.85723,-117.209774
1345-GKDZZ,Riverside,92507,33.976328,-117.319786
1345-ZUKID,Magalia,95954,39.933852,-121.584371
1346-PJWTK,Corona,92880,33.918043,-117.617809
1346-UFHAX,Woodbridge,95258,38.169605,-121.310964
1347-KTTTA,Canyon Country,91351,34.422519,-118.420717
1349-WXNGG,Glendale,91207,34.182378,-118.262922
1352-HNSAW,Aliso Viejo,92656,33.571259,-117.731917
1352-VHKAJ,Berkeley,94709,37.878554,-122.26609
1353-GHZOS,San Diego,92115,32.762506,-117.07245
1353-LJWEM,Cottonwood,96022,40.336392,-122.448533
1354-YZFNB,Mad River,95552,40.390301,-123.412327
1355-KUSBG,Fall River Mills,96028,41.017282,-121.468945
1356-MKYSK,Castro Valley,94546,37.708327,-122.083473
1357-BIJKI,Mission Viejo,92691,33.611945,-117.665867
1357-MVDOZ,Firebaugh,93622,36.785618,-120.625382
1360-JYXKQ,South Gate,90280,33.944624,-118.192615
1360-RCYRT,Forest Knolls,94933,38.010092,-122.689442
1360-XFJMR,Washington,95986,39.34128,-120.786867
1363-TXLSL,San Lucas,93954,36.125529,-120.864443
1370-GGAWX,Beverly Hills,90211,34.063947,-118.383001
1371-DWPAZ,Redcrest,95569,40.363446,-123.835041
1371-OJCEK,Standish,96128,40.346634,-120.386422
1371-WEPDS,Chowchilla,93610,37.100948,-120.270136
1373-ORVIZ,Modesto,95351,37.621458,-121.012295
1374-DMZUI,San Ramon,94583,37.766556,-121.976784
1376-HHBDV,Santa Monica,90401,34.015481,-118.493231
1379-FRVEB,San Bernardino,92401,34.105935,-117.2914
1383-EZRWL,Long Beach,90810,33.819814,-118.222416
1384-RCUXW,French Gulch,96033,40.740138,-122.587476
1385-TQOZW,Branscomb,95417,39.710591,-123.682799
1386-ZIKUV,Glenhaven,95443,39.045246,-122.743181
1389-CXMLU,Downey,90242,33.921793,-118.140588
1389-WNUIB,San Diego,92154,32.578103,-117.012975
1391-UBDAR,Riverside,92504,33.9108,-117.398153
1393-IMKZG,Fullerton,92831,33.879983,-117.895482
1394-SUIUH,Mount Shasta,96067,41.33832,-122.290756
1395-OFUWC,Los Angeles,90067,34.057496,-118.413959
1395-WSWXR,Weldon,93283,35.55647,-118.244914
1396-QWFBJ,Rancho Santa Margarita,92688,33.624654,-117.611733
1397-XKKWR,San Jose,95112,37.343827,-121.883119
1399-OUPJN,Bellflower,90706,33.887676,-118.127289
1399-UBQIU,Orange,92867,33.81859,-117.821288
1400-MMYXY,Alhambra,91801,34.090925,-118.128164
1400-WIVLL,Oakdale,95361,37.785033,-120.776141
1401-FTHFQ,Culver City,90232,34.019323,-118.391902
1402-PTHGN,Elk Grove,95624,38.434138,-121.30587
1403-GYAFU,Irvine,92604,33.688546,-117.788091
1403-LKLIK,Olympic Valley,96146,39.191797,-120.212401
1406-PUQVY,Madison,95653,38.674276,-121.961866
1407-DIGZV,Redding,96003,40.677649,-122.29467
1409-PHXTF,Lemon Grove,91945,32.733564,-117.033713
1410-RSCMR,Edwards,93523,34.966777,-117.961179
1414-YADCW,Deer Park,94576,38.554383,-122.474773
1415-YFWLT,Shaver Lake,93664,37.223,-119.001021
1421-HCERK,Lakeshore,93634,37.290606,-119.216328
1422-DGUBX,Sacramento,95832,38.445939,-121.496855
1423-BMPBQ,Anaheim,92808,33.850452,-117.726668
1427-VERSM,Shasta,96087,40.617614,-122.512861
1428-GTBJJ,Jenner,95450,38.505995,-123.187019
1428-IEDPR,Sacramento,95816,38.574856,-121.46504
1429-UYJSV,San Jose,95119,37.233226,-121.78809
1430-SFQSA,Stockton,95212,38.049457,-121.21653
1431-AIDJQ,Walnut Creek,94598,37.916648,-122.008483
1431-CYWMH,Fish Camp,93623,37.483535,-119.679414
1432-FPAXX,Beale Afb,95903,39.125311,-121.392283
1436-ZMJAN,Gerber,96035,40.03194,-122.176023
1439-LCGVL,Los Angeles,90035,34.051809,-118.383843
1442-BQPVU,Culver City,90230,33.993991,-118.39704
1442-OKRJE,Los Angeles,90021,34.029043,-118.239504
1444-VVSGW,Los Molinos,96055,40.059385,-122.091481
1447-GIQMR,Los Angeles,90062,34.003553,-118.308933
1447-PJGGA,San Diego,92117,32.825086,-117.199424
1448-CYWKC,Coronado,92118,32.68674,-117.186612
1448-PWKYE,Shafter,93263,35.490705,-119.286833
1449-XQEMT,Susanville,96130,40.559177,-120.612113
1450-GALXR,Friant,93626,37.027663,-119.69056
1450-SKCVI,Del Mar,92014,32.948262,-117.256086
1452-KIOVK,Los Angeles,90007,34.027337,-118.28515
1452-UZOSF,Guerneville,95446,38.52576,-123.013347
1452-VOQCH,Hinkley,92347,34.983808,-117.239306
1452-XRSJV,Oakland,94612,37.809014,-122.269739
1453-RZFON,Cantua Creek,93608,36.488056,-120.407691
1455-ESIQH,Oakland,94619,37.787186,-122.14633
1455-HFBXA,Bethel Island,94511,38.050558,-121.646924
1455-UGQVH,Acampo,95220,38.200231,-121.235034
1456-TWCGB,Bakersfield,93309,35.342891,-119.064803
1459-QNFQT,San Jose,95122,37.32886,-121.834567
1460-UZPRJ,Heber,92249,32.730583,-115.501083
1465-LNTLJ,Santa Barbara,93109,34.406256,-119.726936
1465-VINDH,Los Angeles,90028,34.099869,-118.326843
1465-WCZVT,Badger,93603,36.64545,-118.924982
1468-DEFNC,San Jose,95130,37.277592,-121.986477
1469-LBJQJ,Victorville,92392,34.486835,-117.362274
1470-PSXNM,San Diego,92110,32.76501,-117.19938
1471-GIQKQ,Niland,92257,33.345825,-115.596574
1472-TNCWL,El Sobrante,94803,37.963995,-122.288296
1474-JUWSM,Lynwood,90262,33.923573,-118.200669
1475-VWVDO,Dos Palos,93620,37.045728,-120.630682
1478-VPOAD,Calpine,96124,39.672813,-120.456699
1480-BKXGA,Mentone,92359,34.103578,-117.04054
1480-IVEVR,Montara,94037,37.540582,-122.509594
1481-ZUWZA,Klamath,95548,41.572813,-124.035011
1482-OXZSY,Freedom,95019,36.936228,-121.785559
1485-YDHMM,San Ardo,93450,35.996008,-120.85305
1488-PBLJN,San Diego,92124,32.827238,-117.089287
1488-SYSFC,Arcadia,91007,34.128284,-118.047732
1492-KGETH,Ojai,93023,34.581308,-118.931948
1492-QGCLU,San Diego,92109,32.787836,-117.232376
1493-AMTIE,Ivanhoe,93235,36.385818,-119.224243
1494-EJZDW,Nice,95464,39.12334,-122.838198
1496-GGSUK,Fulton,95439,38.493888,-122.777141
1498-DQNRX,Westwood,96137,40.271535,-121.018087
1498-NHTLT,Citrus Heights,95621,38.69549,-121.307864
1501-SGHBW,Guatay,91931,32.857946,-116.561917
1502-XFCVR,Los Angeles,90038,34.088017,-118.327168
1506-YJTYT,Oakley,94561,37.999406,-121.686241
1508-DFXCU,Riverside,92501,33.994676,-117.372498
1513-XNPPH,Los Angeles,90037,34.002642,-118.287596
1518-OMDIK,Rohnert Park,94928,38.34719,-122.697822
1518-VOWAV,Fallbrook,92028,33.362575,-117.299644
1522-VVDMG,Oakland,94611,37.828416,-122.216005
1525-LNLOJ,Bakersfield,93305,35.391733,-118.984109
1527-SXDPN,San Diego,92109,32.787836,-117.232376
1530-ZTDOZ,Studio City,91604,34.139082,-118.39275
1534-OULXE,Atherton,94027,37.454924,-122.203168
1535-VTJOQ,Thornton,95686,38.157794,-121.520223
1536-HBSWP,Terra Bella,93270,35.939068,-119.043666
1536-YHDOE,Round Mountain,96084,40.923558,-122.059933
1539-LNKHM,Orange Cove,93646,36.633498,-119.298895
1541-ETJZO,Wheatland,95692,39.043387,-121.409837
1543-LLLFT,Waterford,95386,37.669516,-120.626964
1544-JJMYL,San Jose,95119,37.233226,-121.78809
1545-ACTAS,West Covina,91791,34.061634,-117.893169
1545-JFUML,San Diego,92111,32.805518,-117.169052
1548-ARAGG,Cedar Glen,92321,34.255203,-117.175654
1548-FEHVL,Weed,96094,41.465121,-122.380947
1550-EENBN,Concord,94519,37.990118,-122.012188
1550-LOAHA,Orangevale,95662,38.689174,-121.218435
1552-AAGRX,Visalia,93277,36.303793,-119.375646
1552-CZCLL,Descanso,91916,32.912664,-116.635387
1552-TKMXS,Fresno,93705,36.78724,-119.827813
1555-DJEQW,Cupertino,95014,37.306612,-122.080621
1555-HAPSU,Fresno,93727,36.751489,-119.68072
1557-EMYVT,Tecate,91980,32.587557,-116.636816
1559-DTODC,Santa Barbara,93111,34.460197,-119.802602
1561-BWHIN,Maywood,90270,33.988572,-118.186565
1563-IWQEX,Chula Vista,91913,32.64164,-116.985026
1564-HJUVY,Modesto,95354,37.639029,-120.964772
1564-NTYXF,San Marcos,92078,33.119028,-117.166036
1565-RHDJD,Palo Cedro,96073,40.582399,-122.195512
1567-DSCIC,San Mateo,94401,37.590421,-122.306467
1568-BEKZM,Baldwin Park,91706,34.098275,-117.967399
1568-LJSZU,Harbor City,90710,33.798266,-118.300237
1569-TTNYJ,Richmond,94805,37.941456,-122.320968
1571-SAVHK,Meadow Vista,95722,39.003358,-121.022539
1573-LGXBA,Soledad,93960,36.414216,-121.360597
1574-DYCWE,Escondido,92027,33.141265,-116.967221
1575-KRZZE,Murphys,95247,38.147852,-120.440124
1576-PFZIW,Bakersfield,93301,35.383937,-119.020428
1577-HKTFG,Elk Grove,95624,38.434138,-121.30587
1579-KLYDT,Hickman,95323,37.605926,-120.69955
1580-BMCMR,Tehachapi,93561,35.073777,-118.652112
1582-RAFML,Sacramento,95821,38.625096,-121.383658
1583-IHQZE,Camarillo,93010,34.227846,-119.079903
1585-MQSSU,Santa Rosa,95404,38.526941,-122.709096
1587-FKLZB,Santa Barbara,93101,34.419203,-119.710008
1589-AGTLK,San Diego,92129,32.961064,-117.134917
1591-MQJTP,Long Beach,90804,33.783047,-118.1486
1591-NFNLQ,Fallbrook,92028,33.362575,-117.299644
1591-XWLGB,El Cajon,92021,32.832706,-116.873258
1596-BBVTG,San Dimas,91773,34.102119,-117.815532
1596-OQSPS,Pasadena,91104,34.165383,-118.123752
1597-FZREH,Shoshone,92384,35.924252,-116.188668
1597-LHYNC,Auburn,95602,38.99003,-121.114408
1599-EAHXY,Gold Run,95717,39.170376,-120.838404
1599-MMYRQ,Forestville,95436,38.499302,-122.92444
1600-DILPE,Richvale,95974,39.495768,-121.747472
1602-IJQQE,Whittier,90602,33.972119,-118.020188
1608-GMEWB,Stockton,95215,37.946282,-121.139499
1612-EOHDH,Pacoima,91331,34.255442,-118.421314
1614-JBEBI,Georgetown,95634,38.9386,-120.785514
1618-CFHME,Riverbank,95367,37.734971,-120.954271
1619-YWUBB,Avery,95224,38.208336,-120.339938
1621-YNCJH,Sacramento,95823,38.475465,-121.443625
1622-HSHSF,Biggs,95917,39.457388,-121.818201
1623-NLDOT,Lancaster,93534,34.727529,-118.153098
1624-NALOJ,North Hollywood,91605,34.207295,-118.400022
1624-WOIWJ,Nicasio,94946,38.065359,-122.665566
1625-JAIIY,Torrance,90505,33.807882,-118.347957
1626-ERCMM,Camp Nelson,93208,36.057458,-118.591951
1627-AFWVJ,Tahoe Vista,96148,39.24124,-120.054765
1628-BIZYP,Brentwood,94513,37.908242,-121.682472
1629-DQQVB,Keeler,93530,36.560498,-117.962461
1635-FJFCC,Acton,93510,34.501452,-118.207862
1635-HDGFT,Manton,96059,40.426679,-121.850421
1635-NZATJ,Alameda,94501,37.774633,-122.274434
1636-NTNCO,Valley Village,91607,34.165783,-118.399795
1640-PLFMP,Los Angeles,90026,34.078991,-118.263804
1641-BYBTK,Stockton,95205,37.965695,-121.260051
1641-RQDAY,Wallace,95254,38.192608,-120.957842
1642-HMARX,Topanga,90290,34.115192,-118.61017
1644-IRKSF,La Palma,90623,33.850504,-118.039892
1656-DRSMG,Chico,95973,39.903272,-121.843567
1657-DYMBM,Temecula,92591,33.540604,-117.10909
1658-BYGOY,Los Angeles,90065,34.108833,-118.229715
1658-TJVOA,Cazadero,95421,38.578807,-123.19338
1658-XUHBX,Modesto,95357,37.670526,-120.877572
1660-HSOOQ,Santa Barbara,93105,34.037342,-119.80079
1661-CZBAU,Carlotta,95528,40.497283,-123.93037
1663-MHLHE,Duarte,91010,34.145695,-117.95982
1666-JXLKU,Shingle Springs,95682,38.598936,-120.963092
1666-JZPZT,Twin Bridges,95735,38.805481,-120.13287
1670-SVOWZ,Mira Loma,91752,33.999992,-117.535395
1676-MQAOA,North Hollywood,91606,34.187599,-118.387125
1678-FYZOW,Sacramento,95835,38.685069,-121.543709
1679-JRFBR,Long Beach,90805,33.864622,-118.179626
1680-VDCWW,Los Angeles,90023,34.017697,-118.200577
1682-VCOIO,Sacramento,95816,38.574856,-121.46504
1684-FLBGS,San Diego,92139,32.677716,-117.047666
1685-BQULA,La Quinta,92253,33.695532,-116.310571
1685-VAYJF,Salinas,93907,36.77462,-121.664714
1686-STUHN,Creston,93432,35.480896,-120.469476
1689-MRZQR,Turlock,95382,37.529656,-120.854357
1689-YQBYY,Los Gatos,95030,37.222842,-121.988727
1696-HXOWK,Riverside,92506,33.930931,-117.361788
1696-MZVAU,Los Angeles,90043,33.988543,-118.334081
1697-BCSHV,Guinda,95637,38.830739,-122.196202
1697-LYYYX,Cotati,94931,38.326215,-122.718742
1697-NVVGY,Fresno,93728,36.757345,-119.818274
1698-XFZCI,Artesia,90701,33.867593,-118.080637
1699-HPSBG,Palm Springs,92264,33.745746,-116.514215
1699-TLDLZ,Los Angeles,90046,34.108455,-118.362081
1699-UOTXU,Big Oak Flat,95305,37.818589,-120.256995
1702-CCFNJ,Los Angeles,90077,34.102084,-118.451629
1703-MGIAB,Van Nuys,91406,34.195685,-118.490752
1704-NRWYE,Point Reyes Station,94956,38.060264,-122.830646
1705-GUHPV,Los Angeles,90056,33.987945,-118.370442
1707-HABPF,Santa Barbara,93103,34.438581,-119.685368
1708-PBBOA,Banning,92220,33.936298,-116.849577
1709-EJDOX,San Francisco,94134,37.721052,-122.413573
1710-RCXUS,Orange,92866,33.784597,-117.844535
1716-LSAMB,Santa Ana,92701,33.748478,-117.858918
1722-LDZJS,Sanger,93657,36.819628,-119.440414
1723-HKXJQ,San Diego,92120,32.807867,-117.060993
1724-BQUHA,Los Gatos,95032,37.233034,-121.947427
1724-IQWNM,Burbank,91504,34.213049,-118.317651
1725-IQNIY,San Bernardino,92401,34.105935,-117.2914
1725-MIMXW,Honeydew,95545,40.342928,-124.063329
1728-BQDMA,Penryn,95663,38.859093,-121.182872
1728-CXQBE,Glenn,95943,39.597975,-122.032248
1729-VLAZJ,Santa Barbara,93101,34.419203,-119.710008
1730-VFMWO,Petaluma,94952,38.237018,-122.77872
1730-ZMAME,Ontario,91762,34.057256,-117.667677
1731-TVIUK,Temecula,92592,33.507255,-117.029473
1732-FEKLD,Newport Beach,92662,33.606336,-117.893042
1732-VHUBQ,Escondido,92027,33.141265,-116.967221
1734-ZMNTZ,Eureka,95501,40.796621,-124.15428
1735-XMJVH,Sacramento,95818,38.556306,-121.495817
1740-CSDJP,Oakhurst,93644,37.648647,-119.231447
1741-WTPON,Westport,95488,39.724433,-123.767578
1744-JHKYS,Pasadena,91105,34.13946,-118.166649
1746-TGTWV,Whittier,90604,33.929704,-118.01208
1750-CSKKM,Imperial Beach,91932,32.579134,-117.119009
1751-NCDLI,Castroville,95012,36.784481,-121.759054
1752-OZXFY,Lockwood,93932,35.989792,-121.055933
1754-GKYPY,Carson,90746,33.859171,-118.252272
1755-FZQEC,Ventura,93001,34.360261,-119.306383
1755-RMCXH,San Dimas,91773,34.102119,-117.815532
1757-TCATG,Huntington Beach,92649,33.721917,-118.043237
1760-CAZHT,Glendale,91202,34.167926,-118.267539
1761-AEZZR,Guinda,95637,38.830739,-122.196202
1763-KUAAW,Junction City,96048,40.913192,-123.06597
1763-WQFUK,Riverside,92503,33.890046,-117.455583
1764-VUUMT,Spreckels,93962,36.624641,-121.647195
1766-GKNMI,Bakersfield,93307,35.280113,-118.962329
1767-CJKBA,Richmond,94804,37.921034,-122.341798
1767-TGTKO,Dana Point,92629,33.477923,-117.705314
1768-HNVGJ,Mountain View,94043,37.419725,-122.062947
1768-ZAIFU,Rio Dell,95562,40.485849,-124.163234
1769-GRUIK,Gridley,95948,39.346898,-121.759537
1771-OADNZ,Pauma Valley,92061,33.313828,-116.940501
1775-KWJKQ,Santa Barbara,93105,34.037342,-119.80079
1776-SPBWV,Salinas,93907,36.77462,-121.664714
1777-JYQPJ,Colfax,95713,39.084645,-120.894014
1779-PWPMG,San Jose,95139,37.218705,-121.762429
1784-BXEFA,Vacaville,95688,38.419088,-122.024568
1784-EZDKJ,Hemet,92544,33.644585,-116.871544
1785-BPHTP,Santa Monica,90403,34.031529,-118.491156
1790-NESIO,Concord,94518,37.950248,-122.022455
1791-PQHBB,El Dorado,95623,38.63153,-120.842609
1792-UXAFY,San Jose,95110,37.34667,-121.910019
1794-HBQTJ,Corcoran,93212,36.04533,-119.532424
1794-SWWKL,Dorris,96023,41.949216,-122.050062
1796-JANOW,Fiddletown,95629,38.513484,-120.704613
1803-BGNBD,Santa Monica,90402,34.035849,-118.503508
1809-DMJHQ,Newport Beach,92660,33.634626,-117.874882
1810-BOHSY,Vacaville,95687,38.333133,-121.920151
1810-MVMAI,San Jose,95113,37.333851,-121.891147
1813-JLKWR,Orange,92868,33.787796,-117.875928
1813-JYWTO,Shandon,93461,35.634488,-120.293534
1814-DKOLC,Loma Linda,92354,34.049315,-117.255974
1814-WFGVS,Richvale,95974,39.495768,-121.747472
1816-FLZDK,Fawnskin,92333,34.274846,-116.937581
1818-ESQMW,San Joaquin,93660,36.600193,-120.153393
1820-DJFPH,Orick,95555,41.336354,-124.044354
1820-TQVEV,Madera,93638,37.004068,-119.930027
1821-BUCWY,Valyermo,93563,34.39583,-117.734568
1830-GGFNM,Somerset,95684,38.606703,-120.586659
1830-IPXVJ,Lafayette,94549,37.907777,-122.127161
1832-PEUTS,San Bernardino,92410,34.106922,-117.297553
1833-TCXKK,San Bernardino,92408,34.084909,-117.258107
1833-VGRUM,Perris,92570,33.787298,-117.320676
1834-ABKHQ,Upper Lake,95485,39.220368,-122.907693
1834-WULEG,Nevada City,95959,39.333737,-120.858667
1837-YQUCE,Buena Park,90620,33.845706,-118.012204
1839-FBNFR,Georgetown,95634,38.9386,-120.785514
1839-UMACK,Pasadena,91106,34.139402,-118.128658
1840-BIUOG,Hayward,94545,37.62984,-122.120843
1841-YSJGV,South El Monte,91733,34.04622,-118.053753
1842-EZJMK,Orangevale,95662,38.689174,-121.218435
1843-TLSGD,Standish,96128,40.346634,-120.386422
1845-CSBRZ,Pomona,91766,34.042286,-117.756106
1845-ZLLIG,Woodbridge,95258,38.169605,-121.310964
1846-XWOQN,Bradley,93426,35.842889,-121.004862
1848-LBZHY,Downey,90242,33.921793,-118.140588
1849-RJYIG,Sunnyvale,94087,37.3511,-122.037311
1850-AKQEP,Santa Cruz,95064,37.007882,-122.065975
1852-QSWCD,Palo Verde,92266,33.3249,-114.758334
1852-XEMDW,Mad River,95552,40.390301,-123.412327
1853-ARAAQ,Cayucos,93430,35.511833,-120.918713
1853-UDXBW,Samoa,95564,40.809636,-124.189977
1855-AGAWH,Bell,90201,33.970343,-118.171368
1855-CFULU,Oakland,94619,37.787186,-122.14633
1862-QRWPE,Pacific Palisades,90272,34.079449,-118.548306
1862-SKORY,Los Angeles,90029,34.089953,-118.294824
1866-DIOQZ,Forestville,95436,38.499302,-122.92444
1866-NXPSP,Arcata,95521,40.839958,-124.003757
1866-OBPNR,Sacramento,95833,38.619049,-121.517552
1866-RZZQS,Redlands,92373,34.003243,-117.138286
1866-ZSLJM,Valley Ford,94972,38.339996,-122.935056
1867-BDVFH,Los Angeles,90056,33.987945,-118.370442
1867-TJHTS,Sacramento,95817,38.550722,-121.457314
1871-MOWRM,Woodacre,94973,38.005839,-122.638155
1872-EBWSC,Berkeley,94702,37.866009,-122.286228
1875-QIVME,Tujunga,91042,34.296574,-118.244839
1877-HKBQX,Cerritos,90703,33.8681,-118.067402
1891-FZYSA,Piercy,95587,39.955587,-123.681175
1891-QRQSA,Downey,90241,33.940884,-118.128628
1891-UAWWU,Johannesburg,93528,35.363339,-117.637641
1894-IGFSG,Lancaster,93535,34.712708,-117.889656
1895-QTKDO,San Jacinto,92583,33.796568,-116.924723
1897-OKVMW,Lathrop,95330,37.80821,-121.308401
1897-RCFUM,Point Arena,95468,38.911299,-123.609588
1898-JSNDC,Elk Grove,95758,38.35363,-121.44195
1899-VXWXM,San Diego,92130,32.957195,-117.202542
1902-XBTFB,North Hollywood,91605,34.207295,-118.400022
1904-WAJAA,Coronado,92118,32.68674,-117.186612
1905-OEILC,Pebble Beach,93953,36.587497,-121.944815
1907-UBQFC,San Francisco,94108,37.791998,-122.408653
1907-YLNYW,Gasquet,95543,41.867908,-123.794144
1910-FMXJM,Colton,92324,34.030915,-117.273201
1915-IOFGU,Keene,93531,35.214982,-118.59049
1915-OAKWD,Belvedere Tiburon,94920,37.885629,-122.46858
1918-ZBFQJ,Glendale,91206,34.162515,-118.203869
1919-RTPQD,Fish Camp,93623,37.483535,-119.679414
1921-KYSAY,Olivehurst,95961,39.082568,-121.55325
1925-GMVBW,Oroville,95965,39.624561,-121.552866
1925-LFCZZ,Potrero,91963,32.619465,-116.593605
1925-TIBLE,Los Angeles,90049,34.091829,-118.491244
1926-QUZNN,Carmel,93923,36.460611,-121.852507
1927-QEWMY,Arcadia,91007,34.128284,-118.047732
1928-BXYIV,Placerville,95667,38.733714,-120.795213
1929-ZCBHE,Georgetown,95634,38.9386,-120.785514
1930-BZLHI,Castroville,95012,36.784481,-121.759054
1930-QPBVZ,Laytonville,95454,39.806141,-123.531098
1930-WNXSB,Covina,91724,34.08111,-117.853935
1932-UEDCX,Manchester,95459,38.966713,-123.586412
1934-MKPXS,Nicolaus,95659,38.788898,-121.608624
1934-SJVJK,Smith River,95567,41.950683,-124.097094
1935-IMVBB,San Diego,92107,32.741852,-117.243453
1936-CZAKF,Graton,95444,38.434362,-122.86891
1936-UAFEH,Pioneer,95666,38.546999,-120.271114
1937-OTUKY,Seaside,93955,36.625114,-121.823565
1941-HOSAM,San Diego,92101,32.72523,-117.171346
1942-OQFRW,Forest Knolls,94933,38.010092,-122.689442
1945-XISKS,Sonora,95370,37.982716,-120.343732
1950-KSVVJ,Monterey Park,91754,34.050322,-118.147037
1951-IEYXM,Rancho Cucamonga,91730,34.10097,-117.57882
1952-DVVSW,Colfax,95713,39.084645,-120.894014
1955-IBMMB,Forest Knolls,94933,38.010092,-122.689442
1956-YIFGE,Boulevard,91905,32.677097,-116.304991
1958-RNRKS,El Segundo,90245,33.917145,-118.401554
1960-UOTYM,Lakewood,90712,33.840524,-118.148403
1960-UYCNN,Julian,92036,32.980678,-116.262854
1963-SVUCV,Flournoy,96029,39.84784,-122.544556
1963-VAUKV,Kyburz,95720,38.766036,-120.209673
1964-SVLEA,Upland,91786,34.105493,-117.660934
1965-AKTSX,Byron,94514,37.83323,-121.601461
1965-DDBWU,Escondido,92027,33.141265,-116.967221
1970-KKFWL,Rescue,95672,38.724322,-120.991237
1971-DTCZB,Yreka,96097,41.764869,-122.671316
1972-XMUWV,Miramonte,93641,36.696759,-119.024051
1976-AZZPJ,Concord,94520,38.013825,-122.039144
1976-CFOCS,Dana Point,92629,33.477923,-117.705314
1977-STDKI,The Sea Ranch,95497,38.696659,-123.436861
1980-KXVPM,El Centro,92243,32.770393,-115.60915
1981-INRFU,San Diego,92109,32.787836,-117.232376
1982-FEBTD,Newport Beach,92660,33.634626,-117.874882
1984-FCOWB,Templeton,93465,35.536115,-120.739231
1984-GPTEH,Burbank,91506,34.169706,-118.323548
1985-MBRYP,Arnold,95223,38.32153,-120.236358
1986-PHGZF,Greenwood,95635,38.921333,-120.897718
1987-AUELQ,Los Angeles,90018,34.028735,-118.317236
1989-PRJHP,Pleasanton,94588,37.685052,-121.912061
1991-VOPLL,San Marcos,92069,33.162624,-117.170863
1996-DBMUS,Palo Verde,92266,33.3249,-114.758334
1998-VHJHK,Santa Barbara,93101,34.419203,-119.710008
2000-DHJUY,Menlo Park,94025,37.449551,-122.183762
2000-MPKCA,San Pedro,90732,33.744119,-118.31448
2001-EWBQU,Stockton,95210,38.033219,-121.297433
2001-MCUUW,Corona,92879,33.893823,-117.531446
2002-MZHWP,Delhi,95315,37.422961,-120.765493
2003-CKLOR,Igo,96047,40.524535,-122.647172
2004-OCQXK,Merced,95348,37.40122,-120.514191
2005-DWQZJ,Stevenson Ranch,91381,34.364153,-118.615583
2007-QVGAW,Cypress,90630,33.818477,-118.038307
2011-TRQYE,Deer Park,94576,38.554383,-122.474773
2012-NWRPA,Modesto,95355,37.672906,-120.946594
2013-SGDXK,Mariposa,95338,37.526791,-119.99437
2014-MKGMH,Riverside,92508,33.885499,-117.324959
2017-CCBLH,Weott,95571,40.310119,-123.909449
2018-PZKMU,Santa Ana,92701,33.748478,-117.858918
2018-QKYGT,San Gabriel,91775,34.114772,-118.089431
2019-HDCZY,Farmersville,93223,36.29878,-119.201028
2023-VQFDL,Riverside,92506,33.930931,-117.361788
2024-BASKD,Exeter,93221,36.301689,-119.018233
2025-JKFWI,Burbank,91501,34.188339,-118.300942
2026-TGDHM,Cloverdale,95425,38.801936,-122.938935
2027-CWDNU,Venice,90291,33.991782,-118.479229
2027-DNKIV,Spring Valley,91977,32.726627,-116.994608
2027-FECZV,Bodfish,93205,35.523991,-118.400432
2027-OAQQC,Aptos,95003,37.013471,-121.877877
2027-WKXMW,Montara,94037,37.540582,-122.509594
2030-BTZRO,Northridge,91325,34.236683,-118.517588
2034-CGRHZ,San Francisco,94104,37.791222,-122.402241
2034-GDRCN,San Diego,92122,32.85723,-117.209774
2037-SGXHH,Campo Seco,95226,38.233879,-120.861666
2037-XJFUP,Temecula,92592,33.507255,-117.029473
2038-LLMLM,El Centro,92243,32.770393,-115.60915
2038-OEQZH,Menifee,92584,33.653338,-117.178271
2038-YSEZE,Los Angeles,90046,34.108455,-118.362081
2039-JONDJ,Burbank,91504,34.213049,-118.317651
2040-LDIWQ,Woodland Hills,91367,34.178068,-118.615714
2040-OBMLJ,Dunlap,93621,36.789213,-119.140338
2040-VZIKE,Stevinson,95374,37.316807,-120.855753
2040-XBAVJ,Malibu,90263,34.037037,-118.705803
2041-JIJCI,Wendel,96136,40.345949,-120.081187
2043-WVTQJ,Westminster,92683,33.752591,-117.993661
2045-BMBTJ,South El Monte,91733,34.04622,-118.053753
2049-BAFNW,Vallejo,94592,38.093701,-122.276589
2050-ONYDQ,Montara,94037,37.540582,-122.509594
2054-PJOCK,Corona,92881,33.833686,-117.513063
2055-BFOCC,Likely,96116,41.266008,-120.490731
2055-PDADH,Big Bend,96011,41.096569,-121.879082
2055-SIFSS,Westmorland,92281,33.03679,-115.60503
2056-EVGZL,West Covina,91790,34.066964,-117.937007
2057-BOYKM,Inglewood,90305,33.958134,-118.330905
2057-ZBLPD,Los Gatos,95032,37.233034,-121.947427
2058-DCJBE,Los Angeles,90012,34.065875,-118.238728
2061-VVFST,Whittier,90606,33.976678,-118.065875
2065-MMKGR,Diamond Springs,95619,38.683605,-120.811852
2067-QYTCF,Los Angeles,90057,34.061918,-118.277939
2068-WWXQZ,Whittier,90604,33.929704,-118.01208
2070-FNEXE,Pasadena,91107,34.159007,-118.087353
2070-XYMFH,Long Beach,90815,33.797638,-118.11662
2072-ZVJJX,Sacramento,95818,38.556306,-121.495817
2073-QBVBI,Los Angeles,90077,34.102084,-118.451629
2074-GKOWZ,Novato,94947,38.112166,-122.634384
2074-GUHPQ,Albion,95410,39.225694,-123.717354
2075-PUEPR,Newport Coast,92657,33.603282,-117.821841
2075-RMJIK,Santa Ysabel,92070,33.174725,-116.743329
2077-DDHJK,Goleta,93117,34.489983,-120.091246
2077-MPJQO,Menlo Park,94025,37.449551,-122.183762
2079-FBMZK,Antelope,95843,38.715498,-121.363411
2080-CAZNM,Burbank,91502,34.177267,-118.31003
2080-GKCWQ,San Pablo,94806,37.980269,-122.342635
2080-SRCDE,Walnut,91789,34.018354,-117.85492
2081-KJSQF,Isleton,95641,38.154823,-121.601358
2081-VEYEH,Compton,90221,33.885811,-118.206459
2082-CEFLT,San Diego,92109,32.787836,-117.232376
2082-OJVTK,San Diego,92109,32.787836,-117.232376
2085-BOJKI,Long Beach,90822,33.778436,-118.118648
2085-JVGAD,Ivanhoe,93235,36.385818,-119.224243
2087-QAREY,Sequoia National Park,93262,36.527243,-118.594938
2088-IEBAU,Poway,92064,32.984395,-117.013454
2091-GPPIQ,Yuba City,95991,39.02741,-121.614982
2091-MJTFX,Auburn,95602,38.99003,-121.114408
2091-RFFBA,Port Costa,94569,38.035707,-122.196821
2096-XOTMO,Marysville,95901,39.19514,-121.503883
2097-YVPKN,Healdsburg,95448,38.618347,-122.908422
2100-BDNSN,Strawberry Valley,95981,39.58458,-121.093256
2101-RANCD,El Dorado Hills,95762,38.684437,-121.055634
2103-ZRXFN,La Quinta,92253,33.695532,-116.310571
2105-PHWON,Navarro,95463,39.182916,-123.552571
2107-FBPTK,Ramona,92065,33.044541,-116.833922
2108-GLPQB,Los Angeles,90025,34.046174,-118.446333
2108-XWMPY,Cabazon,92230,33.929812,-116.76058
2108-YKQTY,Santa Monica,90403,34.031529,-118.491156
2111-DWYHN,Aptos,95003,37.013471,-121.877877
2114-MGINA,Rio Vista,94571,38.148862,-121.737696
2115-BFTIW,Clearlake Oaks,95423,39.07116,-122.598542
2120-SMPEX,Santa Rosa,95403,38.488431,-122.752839
2121-JAFOM,Danville,94526,37.815459,-121.977203
2122-SZZZD,Sacramento,95834,38.646209,-121.52446
2122-YWVYA,San Francisco,94116,37.74441,-122.486764
2123-AGEEN,Millbrae,94030,37.601248,-122.403099
2123-VSCOT,Pomona,91767,34.083086,-117.737997
2126-GSEGL,Solvang,93463,34.624399,-120.137875
2129-ALKBS,Needles,92363,34.711224,-114.702256
2133-TSRRM,Rosemead,91770,34.065108,-118.082791
2135-DQWAQ,Santa Barbara,93111,34.460197,-119.802602
2135-RXIHG,Carson,90745,33.822295,-118.26411
2137-DQMEV,Tustin,92780,33.735802,-117.818805
2138-VFAPZ,San Francisco,94130,37.820894,-122.369725
2139-FQHLM,Corona,92879,33.893823,-117.531446
2141-RRYGO,Camino,95709,38.748316,-120.675512
2143-LJULT,Fresno,93650,36.841655,-119.797113
2144-BFDSO,Ranchita,92066,33.215251,-116.53633
2144-ESWKO,San Pedro,90732,33.744119,-118.31448
2146-EGVDT,Chatsworth,91311,34.294142,-118.603883
2150-OEGBV,Oakland,94612,37.809014,-122.269739
2150-UWTFY,San Mateo,94402,37.556634,-122.317723
2150-WLKUW,Banning,92220,33.936298,-116.849577
2153-MREFK,Fawnskin,92333,34.274846,-116.937581
2154-KVJFF,Stevinson,95374,37.316807,-120.855753
2155-AMQRX,Norwalk,90650,33.905963,-118.08263
2157-MXBJS,Calistoga,94515,38.629618,-122.593216
2159-TURXX,Weaverville,96093,40.759401,-122.939337
2160-GPFXD,Davis,95618,38.544002,-121.685559
2162-FRZAA,Fort Irwin,92310,35.349241,-116.770281
2164-SOQXL,Los Angeles,90043,33.988543,-118.334081
2165-VOEGB,Burbank,91501,34.188339,-118.300942
2167-FQSTQ,Hayward,94541,37.674002,-122.076796
2169-RRLFW,Capay,95607,38.681651,-122.130569
2171-UDMFD,Chowchilla,93610,37.100948,-120.270136
2172-EJXVF,Los Angeles,90047,33.958149,-118.308441
2176-LVPNX,San Jose,95113,37.333851,-121.891147
2176-OSJUV,Anaheim,92801,33.844983,-117.952151
2178-PMGCJ,Long Beach,90802,33.752524,-118.210737
2180-DXNEG,Harbor City,90710,33.798266,-118.300237
2181-TIDSV,Glen Ellen,95442,38.368744,-122.522642
2181-UAESM,Angelus Oaks,92305,34.1678,-116.86433
2186-QZEYA,San Leandro,94579,37.687264,-122.15728
2187-LZGPL,Walnut Creek,94596,37.900662,-122.052782
2187-PKZAY,Stevinson,95374,37.316807,-120.855753
2188-SXWVT,Chilcoot,96105,39.872961,-120.198876
2189-UXTKY,La Quinta,92253,33.695532,-116.310571
2189-WWOEW,Keene,93531,35.214982,-118.59049
2190-BCXEC,Death Valley,92328,36.27688,-117.033326
2190-PHBHR,Hume,93628,36.807595,-118.901544
2192-CKRLV,Wilton,95693,38.392559,-121.225093
2192-OZITF,San Leandro,94577,37.717196,-122.159338
2193-SFWQW,San Rafael,94903,38.018065,-122.546024
2194-IIQOF,Sunnyvale,94087,37.3511,-122.037311
2195-VVRJF,Los Angeles,90018,34.028735,-118.317236
2195-ZRVAX,Rodeo,94572,38.027218,-122.23463
2197-OMWGI,Los Angeles,90014,34.043144,-118.251977
2200-DSAAL,Greenbrae,94904,37.946617,-122.563571
2202-CUYXZ,Dublin,94568,37.713926,-121.928425
2202-OUTMO,Caruthers,93609,36.5276,-119.865999
2203-GHNWN,Julian,92036,32.980678,-116.262854
2205-LPVGL,Colusa,95932,39.273096,-122.050763
2205-YMZZJ,Clovis,93612,36.814539,-119.711868
2207-NHRJK,Carmel,93923,36.460611,-121.852507
2207-OBZNX,Aguanga,92536,33.482243,-116.827173
2207-QPJED,Somes Bar,95568,41.444606,-123.471895
2207-RYYRL,Grass Valley,95945,39.194539,-120.988066
2208-MPXIO,Escondido,92029,33.079834,-117.134275
2208-NKVVH,Costa Mesa,92626,33.678591,-117.905471
2208-NQBCT,San Jose,95138,37.246064,-121.749494
2208-UGTGR,Sultana,93666,36.545353,-119.338535
2209-XADXF,Willow Creek,95573,40.949012,-123.655847
2211-RMNHO,Rio Nido,95471,38.522328,-122.97932
2212-LYASK,Brea,92823,33.924143,-117.79387
2215-ZAFGX,La Mesa,91942,32.782501,-117.01611
2219-MVUSO,Los Angeles,90028,34.099869,-118.326843
2220-IAHLS,Modesto,95356,37.716186,-121.025836
2223-GDSHL,Fountain Valley,92708,33.712036,-117.950113
2223-KAGMX,Santa Rosa,95409,38.468893,-122.580539
2225-ZRGSG,Piru,93040,34.432843,-118.730106
2226-ICFDO,Covelo,95428,39.83307,-123.178765
2227-JRSJX,Monterey Park,91754,34.050322,-118.147037
2228-BZDEE,Pleasanton,94566,37.633361,-121.862395
2229-DPMBI,Blairsden Graeagle,96103,39.783747,-120.661032
2229-VWQJH,Homewood,96141,39.117018,-120.212535
2230-XTUWL,Madera,93637,36.902954,-120.194274
2232-DMLXU,Van Nuys,91411,34.17847,-118.459472
2233-FAGXV,Salton City,92275,33.28156,-115.955541
2233-TXSIU,Grass Valley,95945,39.194539,-120.988066
2234-EOFPT,Santa Ana,92701,33.748478,-117.858918
2234-XADUH,Amboy,92304,34.559882,-115.637164
2235-DWLJU,Thousand Palms,92276,33.849263,-116.382778
2235-EZAIK,Badger,93603,36.64545,-118.924982
2235-ZGKPT,Los Angeles,90062,34.003553,-118.308933
2236-HILPA,Hayward,94544,37.639215,-122.037554
2237-ZFSMY,Riverdale,93656,36.452211,-119.94575
2239-CFOUJ,Trinidad,95570,41.162295,-124.027381
2239-CGBUZ,West Covina,91791,34.061634,-117.893169
2239-JALAW,Escondido,92027,33.141265,-116.967221
2240-HSJQD,La Mesa,91942,32.782501,-117.01611
2242-MFOTG,Poway,92064,32.984395,-117.013454
2243-FNMMI,Torrance,90501,33.833699,-118.314387
2245-ADZFJ,Castella,96017,41.121108,-122.336613
2249-YPRNG,The Sea Ranch,95497,38.696659,-123.436861
2250-IVBWA,San Jose,95112,37.343827,-121.883119
2251-PYLPB,Big Bear Lake,92315,34.242058,-116.89802
2252-ISRNH,Covelo,95428,39.83307,-123.178765
2252-JHJGE,Sun Valley,91352,34.231053,-118.338307
2252-NKNSI,Salinas,93905,36.667794,-121.601306
2253-KPMNB,Live Oak,95953,39.258746,-121.77697
2254-DLXRI,Burbank,91504,34.213049,-118.317651
2256-YLYLP,Cypress,90630,33.818477,-118.038307
2257-BOVXD,Tahoe City,96145,39.178337,-120.162806
2259-OUUSZ,San Diego,92106,32.71346,-117.236378
2260-USTRB,Campo,91906,32.673483,-116.472863
2262-SLNVK,Birds Landing,94512,38.140719,-121.838298
2263-SFSQZ,San Jose,95138,37.246064,-121.749494
2265-CYWIV,Hickman,95323,37.605926,-120.69955
2266-FUBDZ,San Francisco,94115,37.786031,-122.437301
2266-SJNAT,Temecula,92592,33.507255,-117.029473
2267-FPIMA,San Carlos,94070,37.497915,-122.267361
2267-WTPYD,Granada Hills,91344,34.291273,-118.505104
2270-CHBFN,Ventura,93004,34.278697,-119.167798
2272-JKMSI,Roseville,95661,38.736685,-121.251984
2272-QAGFO,Inglewood,90304,33.936827,-118.359824
2272-UOINI,Rancho Cucamonga,91739,34.133809,-117.523724
2272-WUSPA,Milford,96121,40.181279,-120.392967
2273-QCKXA,Culver City,90232,34.019323,-118.391902
2274-XUATA,Earp,92242,34.137742,-114.36514
2275-RBYQS,Sun City,92587,33.69887,-117.25071
2276-YDAVZ,San Diego,92129,32.961064,-117.134917
2277-AXSDC,El Centro,92243,32.770393,-115.60915
2277-BKJKN,Camptonville,95922,39.432127,-121.099287
2277-DJJDL,La Grange,95329,37.666587,-120.411517
2277-VWCNI,Brookdale,95007,37.106902,-122.100006
2279-AXJJK,Cazadero,95421,38.578807,-123.19338
2282-YGNOR,Monterey Park,91754,34.050322,-118.147037
2284-VFLKH,Clipper Mills,95930,39.562239,-121.14836
2292-XQWSV,Temple City,91780,34.101608,-118.055848
2293-IJWPS,Piercy,95587,39.955587,-123.681175
2294-DMMUS,Patterson,95363,37.410236,-121.320337
2294-SALNE,Chula Vista,91910,32.636792,-117.054989
2296-DKZFP,San Francisco,94118,37.781304,-122.461522
2300-RQGOI,Needles,92363,34.711224,-114.702256
2302-ANTDP,Hat Creek,96040,40.789799,-121.474529
2302-OUZXB,Ventura,93001,34.360261,-119.306383
2303-PJYHN,Los Angeles,90015,34.039224,-118.266293
2305-MRGLV,Klamath River,96050,41.816595,-122.948287
2307-FYNNL,La Mirada,90638,33.902045,-118.008961
2308-STERM,Armona,93202,36.315979,-119.710852
2309-OSFEU,Smith River,95567,41.950683,-124.097094
2311-QYMUQ,San Joaquin,93660,36.600193,-120.153393
2314-TNDJQ,Oceanside,92056,33.194742,-117.29032
2316-ESMLS,Fresno,93726,36.793601,-119.761131
2320-JRSDE,Richgrove,93261,35.809921,-119.127437
2320-SLKMB,Baker,92309,35.28952,-116.092214
2320-TZRRH,Three Rivers,93271,36.413433,-118.854708
2320-YKQBO,Grenada,96038,41.599978,-122.539381
2321-OMBXY,San Diego,92122,32.85723,-117.209774
2322-VCZHZ,El Portal,95318,37.654551,-119.822984
2323-ARSVR,Milpitas,95035,37.441931,-121.878502
2324-AALNO,Porterville,93257,36.008958,-118.891593
2324-EFHVG,Oakland,94609,37.834341,-122.26437
2325-NBPZG,Novato,94949,38.067204,-122.524004
2325-WINES,Littlerock,93543,34.505273,-117.955054
2325-ZUSFD,Irvine,92602,33.720359,-117.733655
2330-PQGDQ,Gualala,95445,38.848082,-123.50608
2332-EFBJY,Sherman Oaks,91403,34.147149,-118.463365
2332-TODQS,Garden Grove,92845,33.782955,-118.026456
2333-KWEWW,Fresno,93721,36.732694,-119.783786
2335-GSODA,Camino,95709,38.748316,-120.675512
2338-BQEZT,San Carlos,94070,37.497915,-122.267361
2342-CKIAO,Eagleville,96110,41.280341,-120.150381
2344-JMOGN,Buttonwillow,93206,35.451402,-119.488413
2346-CZYIL,Beverly Hills,90211,34.063947,-118.383001
2346-DJQTB,Fairfax,94930,37.971751,-122.611873
2346-LOCWC,Arbuckle,95912,38.982373,-122.047751
2347-WKKAE,Penryn,95663,38.859093,-121.182872
2348-KCJLT,Los Alamitos,90720,33.79499,-118.065591
2351-BKRZW,Gilroy,95020,37.03889,-121.528955
2351-RRBUE,Tulelake,96134,41.813521,-121.492666
2357-COQEK,Atherton,94027,37.454924,-122.203168
2359-KLTEK,Lookout,96054,41.280478,-121.160249
2359-KMGLI,Running Springs,92382,34.186211,-117.07683
2359-QWQUL,Los Angeles,90058,34.001617,-118.222274
2360-RDGRO,Sutter,95982,39.172777,-121.805845
2361-FJWNO,Rancho Cucamonga,91737,34.245289,-117.642503
2361-UPSND,Herlong,96113,40.198234,-120.18089
2362-IBOOY,San Diego,92126,32.886925,-117.152162
2363-BJLSL,Bonita,91902,32.67117,-117.00232
2364-UFROM,San Diego,92123,32.808814,-117.134694
2368-GAKKQ,Sylmar,91342,34.321621,-118.399841
2369-FEVNO,Long Beach,90806,33.802664,-118.179971
2369-UAPKZ,Meadow Vista,95722,39.003358,-121.022539
2371-JQHZZ,Bakersfield,93307,35.280113,-118.962329
2371-JUNGC,Cupertino,95014,37.306612,-122.080621
2371-KFUOG,Escondido,92025,33.081478,-117.033814
2372-HWUHI,Lakewood,90712,33.840524,-118.148403
2373-NTKOD,Rancho Cordova,95670,38.602723,-121.279913
2378-HTWFW,Newman,95360,37.343846,-121.039391
2378-VTKDH,Woodland,95695,38.71967,-121.862416
2378-YIZKA,Weed,96094,41.465121,-122.380947
2379-ENZGV,San Diego,92126,32.886925,-117.152162
2379-GYFLQ,Oceanside,92056,33.194742,-117.29032
2380-DAMQP,La Palma,90623,33.850504,-118.039892
2382-BCKQJ,Escondido,92027,33.141265,-116.967221
2384-OVPSA,Caruthers,93609,36.5276,-119.865999
2386-LAHRK,Weimar,95736,39.00978,-120.978273
2386-OWURY,Yucaipa,92399,34.04597,-117.011825
2387-KDZQY,Weaverville,96093,40.759401,-122.939337
2388-LAESQ,Manchester,95459,38.966713,-123.586412
2391-IPLOP,Corcoran,93212,36.04533,-119.532424
2391-SOORI,Big Bear City,92314,34.278967,-116.773825
2393-DIVAI,Brea,92821,33.930199,-117.862898
2397-BRLOM,San Rafael,94901,37.972662,-122.491452
2398-YPMUR,Dinuba,93618,36.523619,-119.386868
2400-FEQME,Grenada,96038,41.599978,-122.539381
2400-XIWIO,Lucerne,95458,39.141934,-122.770679
2402-TAIRZ,Los Angeles,90012,34.065875,-118.238728
2403-BCASL,Santa Ana,92705,33.766004,-117.786763
2404-JIBFC,Anaheim,92804,33.818,-117.974404
2405-LBMUW,Oceanside,92057,33.254497,-117.285879
2408-PSJVE,Chino Hills,91709,33.942895,-117.725644
2408-TZMJL,Gualala,95445,38.848082,-123.50608
2408-WITXK,San Jose,95110,37.34667,-121.910019
2410-CIYFZ,Woodland,95776,38.694081,-121.694431
2418-TPEUN,Topanga,90290,34.115192,-118.61017
2419-FSORS,Salinas,93906,36.722898,-121.633648
2424-WVHPL,Redondo Beach,90278,33.873395,-118.37019
2428-HYUNX,San Francisco,94109,37.794487,-122.42227
2428-ZMCTB,Mountain View,94040,37.380662,-122.086022
2429-AYKKO,Redding,96003,40.677649,-122.29467
2430-RRYUW,Tecate,91980,32.587557,-116.636816
2430-USGXP,Santa Fe Springs,90670,33.933565,-118.062611
2432-TFSMK,Sebastopol,95472,38.398815,-122.861923
2433-KMEAS,Dublin,94568,37.713926,-121.928425
2434-EEVDB,California City,93505,35.151491,-117.927597
2436-QBZFP,Yreka,96097,41.764869,-122.671316
2439-LYPMQ,Milford,96121,40.181279,-120.392967
2439-QKJUL,Saratoga,95070,37.257772,-122.051824
2446-BEGGB,Lakewood,90712,33.840524,-118.148403
2446-PLQVO,Santa Clarita,91350,34.502432,-118.41459
2446-ZKVAF,Stockton,95207,38.002125,-121.324979
2450-ZKEED,Mammoth Lakes,93546,37.550074,-118.837167
2451-YMUXS,Vista,92084,33.22784,-117.200024
2452-KDRRH,Mi Wuk Village,95346,38.121601,-120.133915
2452-MRMZF,Inglewood,90303,33.936291,-118.332639
2452-SNHFZ,Elk Creek,95939,39.53222,-122.594879
2453-SAFNS,Likely,96116,41.266008,-120.490731
2454-RPBRZ,Catheys Valley,95306,37.394411,-120.127262
2455-USLMV,Redlands,92373,34.003243,-117.138286
2458-EOMRE,Mc Farland,93250,35.666886,-119.186717
2460-FPSYH,Exeter,93221,36.301689,-119.018233
2460-NGXBJ,Stockton,95206,37.902422,-121.440029
2462-XIIJB,Miranda,95553,40.210895,-123.86
2465-BLLEU,Salinas,93906,36.722898,-121.633648
2466-FCCPT,North Fork,93643,37.244307,-119.470256
2466-NEJOJ,Bodega,94922,38.343282,-122.9755
2468-SJFLM,Biggs,95917,39.457388,-121.818201
2469-DTSGX,Somis,93066,34.297628,-119.014627
2472-OVKUP,Canoga Park,91304,34.224377,-118.632656
2474-BRUCM,Redding,96002,40.527834,-122.318749
2474-LCNUE,Sunset Beach,90742,33.719221,-118.073596
2475-MROZF,Murrieta,92562,33.548869,-117.334165
2476-YGEFM,Clovis,93611,36.917652,-119.593757
2478-EEWWM,Glenn,95943,39.597975,-122.032248
2479-BRAMR,Murphys,95247,38.147852,-120.440124
2480-EJWYP,Roseville,95747,38.784329,-121.373245
2480-JZOSN,Woody,93287,35.710244,-118.881679
2480-SQIOB,Woodland Hills,91364,34.153733,-118.593408
2481-SBOYW,San Bernardino,92405,34.142747,-117.300864
2482-CZGBB,Anaheim,92804,33.818,-117.974404
2483-XSSMZ,Orinda,94563,37.873916,-122.20522
2484-DGXPZ,San Dimas,91773,34.102119,-117.815532
2485-ITVKB,Northridge,91325,34.236683,-118.517588
2486-WYVVE,Sacramento,95830,38.490508,-121.284171
2495-INZWQ,San Juan Bautista,95045,36.810568,-121.503022
2495-KZNFB,La Mesa,91942,32.782501,-117.01611
2495-TTHBQ,La Quinta,92253,33.695532,-116.310571
2498-XLDZR,San Diego,92113,32.697098,-117.116587
2499-AJYUA,Benton,93512,37.653947,-118.231443
2501-XWWTZ,San Clemente,92673,33.4725,-117.584273
2504-DSHIH,Thousand Oaks,91360,34.214054,-118.88109
2506-CLAKW,Ventura,93003,34.279221,-119.221437
2506-TNFCO,Riverside,92509,34.004379,-117.447864
2507-QZPQS,La Mirada,90638,33.902045,-118.008961
2509-TFPJU,Torrance,90505,33.807882,-118.347957
2511-ALLCS,Temple City,91780,34.101608,-118.055848
2511-MORQY,Torrance,90502,33.833181,-118.292062
2514-GINMM,Dana Point,92629,33.477923,-117.705314
2516-VQRRV,Culver City,90230,33.993991,-118.39704
2516-XSJKX,San Juan Bautista,95045,36.810568,-121.503022
2519-ERQOJ,Desert Hot Springs,92241,33.832799,-116.250973
2519-FAKOD,Tehachapi,93561,35.073777,-118.652112
2519-LBNQL,Artesia,90701,33.867593,-118.080637
2519-TWKFS,Blocksburg,95514,40.309088,-123.668201
2520-SGTTA,Ben Lomond,95005,37.078873,-122.090386
2521-NPUZR,Santa Maria,93458,34.95934,-120.490081
2522-AHJXR,Death Valley,92328,36.27688,-117.033326
2522-WLNSF,Los Olivos,93441,34.70434,-120.02609
2523-EWWZL,Blythe,92225,33.674583,-114.71612
2525-GVKQU,Santa Margarita,93453,35.303926,-120.256567
2528-HFYZX,Santa Ana,92706,33.765893,-117.881533
2530-ENDWQ,Rio Dell,95562,40.485849,-124.163234
2530-FMFXO,Irvine,92602,33.720359,-117.733655
2533-QVMSK,March Air Reserve Base,92518,33.888323,-117.277533
2533-TIBIX,Oak Run,96069,40.689243,-122.037023
2535-PBCGC,San Diego,92108,32.774046,-117.142454
2538-OIMXF,Cathedral City,92234,33.829583,-116.474131
2541-YGPKE,Lemon Cove,93244,36.462671,-118.997291
2542-HYGIQ,Palo Alto,94303,37.45809,-122.115398
2545-EBUPK,Los Angeles,90045,33.954017,-118.402447
2545-LXYVJ,Suisun City,94585,38.197907,-122.017258
2546-KZAAT,San Diego,92119,32.802959,-117.027095
2550-AEVRU,Woodland Hills,91364,34.153733,-118.593408
2550-QHZGP,Calexico,92231,32.690654,-115.431225
2558-BUOZZ,Glendale,91204,34.136306,-118.26036
2560-PPCHE,Huntington Beach,92649,33.721917,-118.043237
2560-QTSBS,Pomona,91766,34.042286,-117.756106
2560-WBWXF,March Air Reserve Base,92518,33.888323,-117.277533
2565-JSLRY,Bakersfield,93306,35.449881,-118.841442
2568-BRGYX,Dixon,95620,38.392821,-121.799917
2568-OIADY,Escondido,92027,33.141265,-116.967221
2569-WGERO,Landers,92285,34.341737,-116.539416
2573-GYRUU,San Miguel,93451,35.886767,-120.608661
2575-GFSOE,Graton,95444,38.434362,-122.86891
2576-HXMPA,Mckinleyville,95519,40.965011,-124.015255
2577-GVSIL,Lamont,93241,35.245035,-118.905553
2578-JQPHZ,Bayside,95524,40.825486,-124.049485
2580-ASVVY,San Ysidro,92173,32.555828,-117.040073
2580-ATZSQ,San Jose,95123,37.238758,-121.828375
2581-VKIRT,Kings Beach,96143,39.246654,-120.029273
2582-FFFZR,Vallejo,94592,38.093701,-122.276589
2585-KTFRE,Escondido,92027,33.141265,-116.967221
2586-CWXVV,Hawaiian Gardens,90716,33.830431,-118.074071
2587-EKXTS,San Diego,92116,32.765299,-117.122565
2587-YNLES,Downey,90240,33.956228,-118.120993
2589-AYCRP,Cedar Glen,92321,34.255203,-117.175654
2592-HODOV,Brea,92823,33.924143,-117.79387
2592-SEIFQ,San Anselmo,94960,37.99272,-122.575026
2592-YKDIF,North Highlands,95660,38.671295,-121.388251
2595-KIWPV,Tecate,91980,32.587557,-116.636816
2599-CIPQE,Compton,90220,33.88151,-118.234451
2599-CZABP,Meridian,95957,39.068071,-121.832638
2603-HVKCG,Meridian,95957,39.068071,-121.832638
2604-IJPDU,Encino,91316,34.150354,-118.518292
2604-XVDAM,Pope Valley,94567,38.672708,-122.403219
2606-PKWJB,Little River,95456,39.245911,-123.77214
2606-RMDHZ,Lakewood,90713,33.847755,-118.112532
2607-DHDAK,Bakersfield,93307,35.280113,-118.962329
2607-FBDFF,Tuolumne,95379,37.939768,-120.188002
2608-BHKFN,Berkeley,94703,37.863843,-122.275684
2609-IAICY,North Fork,93643,37.244307,-119.470256
2612-PHGOX,Graton,95444,38.434362,-122.86891
2612-RANWT,Mount Laguna,91948,32.830852,-116.444601
2612-RRIDN,Westwood,96137,40.271535,-121.018087
2615-YVMYX,Chula Vista,91915,32.605012,-116.97595
2616-FLVQC,Point Arena,95468,38.911299,-123.609588
2616-UUTFK,Bakersfield,93313,35.140938,-119.051348
2619-WFQWU,Mission Viejo,92692,33.60693,-117.644253
2621-UDNLU,San Francisco,94107,37.768881,-122.395521
2623-DRYAM,Jamul,91935,32.695681,-116.798386
2625-TRCZQ,Auburn,95602,38.99003,-121.114408
2626-URJFX,Termo,96132,41.027281,-120.669427
2626-VEEWG,Sun City,92587,33.69887,-117.25071
2632-IVXVF,Kernville,93238,35.852892,-118.397782
2632-TACXW,Richmond,94801,37.945288,-122.383941
2632-UCGVD,Fairfield,94533,38.287136,-122.02711
2634-HCZGT,San Jose,95126,37.327069,-121.916819
2636-ALXXZ,Tahoe Vista,96148,39.24124,-120.054765
2636-OHFMN,Orosi,93647,36.600185,-119.175655
2636-SJDOU,Seal Beach,90740,33.75462,-118.071128
2637-FKFSY,Wasco,93280,35.652242,-119.4464
2639-UGMAZ,Artesia,90701,33.867593,-118.080637
2640-LYMOV,Anaheim,92804,33.818,-117.974404
2640-PMGFL,West Sacramento,95605,38.592745,-121.540036
2642-DTVCO,Chualar,93925,36.596271,-121.442274
2642-MAWLJ,Menlo Park,94025,37.449551,-122.183762
2645-QTLMB,Bloomington,92316,34.059722,-117.39104
2649-HWLYB,Fresno,93727,36.751489,-119.68072
2650-GYRYL,Kerman,93630,36.727418,-120.123526
2651-ZCBXV,Burbank,91501,34.188339,-118.300942
2654-VBVPB,Newport Beach,92663,33.62251,-117.927024
2656-FMOKZ,Pasadena,91106,34.139402,-118.128658
2656-TABEH,Temecula,92591,33.540604,-117.10909
2657-ALMWY,Simi Valley,93065,34.269449,-118.768471
2657-VPXTA,Anza,92539,33.527605,-116.666551
2659-VXMWZ,Newport Coast,92657,33.603282,-117.821841
2660-EMUBI,Escondido,92027,33.141265,-116.967221
2661-GKBTK,Eureka,95503,40.737431,-124.108897
2662-NNTDK,Coleville,96107,38.42528,-119.475741
2664-XJZNO,Oroville,95965,39.624561,-121.552866
2665-NPTGL,Sheep Ranch,95250,38.244806,-120.417301
2667-WYLWJ,Dunnigan,95937,38.931425,-121.946081
2668-TZSPS,Santa Rosa,95403,38.488431,-122.752839
2669-OIDSD,Long Beach,90810,33.819814,-118.222416
2669-QVCRG,Forest Ranch,95942,40.077028,-121.494168
2672-DZUOY,Buttonwillow,93206,35.451402,-119.488413
2672-HUYVI,Newman,95360,37.343846,-121.039391
2672-OJQZP,Stockton,95203,37.954089,-121.329761
2672-TGEFF,Traver,93673,36.456091,-119.486225
2673-CXQEU,Gardena,90247,33.890853,-118.297967
2673-ZALNP,Mcarthur,96056,41.10831,-121.360362
2674-MIAHT,Blocksburg,95514,40.309088,-123.668201
2674-MLXMN,Richmond,94801,37.945288,-122.383941
2675-DHUTR,Big Pine,93513,37.245505,-118.062943
2675-IJRGJ,Oakland,94621,37.750553,-122.197175
2675-OTVVJ,Novato,94945,38.135897,-122.563683
2676-ISHSF,Anderson,96007,40.448632,-122.306657
2676-OXPPQ,Irvine,92612,33.643095,-117.810896
2676-SSLTO,Hawaiian Gardens,90716,33.830431,-118.074071
2680-XKKNJ,Weimar,95736,39.00978,-120.978273
2682-KEVRP,Woodlake,93286,36.464635,-119.094348
2683-BPJSO,Byron,94514,37.83323,-121.601461
2683-JXWQQ,Visalia,93291,36.391777,-119.372842
2684-EIWEO,San Diego,92129,32.961064,-117.134917
2685-SREOM,Rancho Cucamonga,91730,34.10097,-117.57882
2688-BHGOG,Olancha,93549,36.296851,-117.865469
2690-DVRVK,San Diego,92120,32.807867,-117.060993
2691-NZETQ,San Jose,95130,37.277592,-121.986477
2692-AQCPF,San Mateo,94403,37.538309,-122.305109
2692-BUCFV,Shingle Springs,95682,38.598936,-120.963092
2692-PFYTJ,Hercules,94547,37.991259,-122.214945
2694-CIUMO,Los Angeles,90033,34.050198,-118.210946
2696-ECXKC,Ione,95640,38.33788,-120.954202
2696-NARTR,Corona Del Mar,92625,33.600987,-117.862734
2696-RZVZW,Downey,90242,33.921793,-118.140588
2697-NQBPF,Fulton,95439,38.493888,-122.777141
2700-LUEVA,Oakland,94618,37.84551,-122.235181
2703-AMTUL,Lookout,96054,41.280478,-121.160249
2706-QZIHY,Los Angeles,90005,34.059281,-118.30742
2709-UQGNP,San Mateo,94401,37.590421,-122.306467
2710-WYVXG,Sun Valley,91352,34.231053,-118.338307
2712-SYWAY,Creston,93432,35.480896,-120.469476
2716-GFZOR,Raymond,93653,37.252057,-119.95783
2717-HVIZY,Orleans,95556,41.269521,-123.546958
2718-GAXQD,Fallbrook,92028,33.362575,-117.299644
2718-YSKCS,Tomales,94971,38.240769,-122.901041
2719-BDAQO,Sunnyvale,94086,37.378541,-122.020456
2720-FVBQP,Mccloud,96057,41.251322,-122.105209
2720-WGKHP,Sloughhouse,95683,38.470423,-121.114897
2722-JMONI,Escondido,92029,33.079834,-117.134275
2722-VOJQL,San Diego,92126,32.886925,-117.152162
2724-FJDYW,Inverness,94937,38.099323,-122.945723
2725-IWWBA,El Cajon,92020,32.79697,-116.969082
2725-KXXWT,Vallejo,94589,38.161321,-122.271588
2725-TTRIQ,Menifee,92584,33.653338,-117.178271
2729-VNVAP,Vallejo,94590,38.104705,-122.247387
2731-GJRDG,Corona,92880,33.918043,-117.617809
2732-ISEZX,Pacific Grove,93950,36.618337,-121.926417
2737-WFVYW,Marina Del Rey,90292,33.977468,-118.445475
2737-YNGYW,Hemet,92543,33.739415,-116.968339
2739-CACDQ,La Jolla,92037,32.853743,-117.25034
2739-CCZMB,Alleghany,95910,39.467828,-120.841386
2740-JFBOK,Lakewood,90713,33.847755,-118.112532
2740-TVLFN,Manteca,95337,37.750822,-121.238423
2746-DIJLO,Harbor City,90710,33.798266,-118.300237
2748-MYRVK,Fresno,93702,36.739385,-119.753649
2749-CTKAJ,Long Beach,90813,33.781086,-118.199049
2750-BJLSB,Rancho Santa Fe,92067,33.012751,-117.200617
2753-JMMCV,Paso Robles,93446,35.634222,-120.728341
2754-SDJRD,Somis,93066,34.297628,-119.014627
2754-VDLTR,Greenview,96037,41.528541,-122.955018
2754-XBHTB,Amador City,95601,38.431407,-120.8421
2758-RNWXS,Oceanside,92054,33.351059,-117.420557
2761-OCIAX,Palo Cedro,96073,40.582399,-122.195512
2761-XECQW,Glenhaven,95443,39.045246,-122.743181
2770-NSVDG,San Jose,95124,37.257063,-121.923037
2773-MADBQ,Long Beach,90804,33.783047,-118.1486
2773-OVBPK,Orange,92865,33.828779,-117.848299
2774-LVQUS,Temecula,92592,33.507255,-117.029473
2775-SEFEE,Wilmington,90744,33.782068,-118.262263
2777-PHDEI,Ahwahnee,93601,37.375816,-119.739935
2778-OCLGR,Soda Springs,95728,39.279068,-120.414275
2782-JEEBU,Los Molinos,96055,40.059385,-122.091481
2782-LFZVW,Costa Mesa,92627,33.645672,-117.922613
2786-GCDPI,Pioneertown,92268,34.201108,-116.593456
2788-CJQAQ,Winton,95388,37.421299,-120.599587
2789-CZANW,Dublin,94568,37.713926,-121.928425
2789-HQBOU,Bakersfield,93306,35.449881,-118.841442
2790-XUYMV,Mount Hamilton,95140,37.382909,-121.634151
2791-SFVEW,Los Angeles,90013,34.044639,-118.240413
2792-LSHWX,Fremont,94555,37.555473,-122.080312
2792-VPPET,San Gabriel,91776,34.089927,-118.095645
2794-XIMMO,Rancho Cucamonga,91737,34.245289,-117.642503
2796-NNUFI,Palos Verdes Peninsula,90274,33.788208,-118.404955
2796-UUZZO,Redding,96002,40.527834,-122.318749
2798-NYLMZ,Los Banos,93635,36.995162,-120.955099
2799-ARNLO,Bonsall,92003,33.290907,-117.202895
2799-TSLAG,Irvine,92618,33.667145,-117.732135
2800-QQUSO,Riverside,92505,33.920907,-117.489426
2800-VEQXM,Lebec,93243,34.845861,-118.885163
2801-NISEI,Mt Baldy,91759,34.231318,-117.662032
2804-ETQDK,Ventura,93004,34.278697,-119.167798
2805-AUFQN,Traver,93673,36.456091,-119.486225
2805-EDJPQ,San Diego,92124,32.827238,-117.089287
2806-MLNTI,White Water,92282,33.972293,-116.654195
2808-CHTDM,Los Angeles,90024,34.066303,-118.435479
2809-ILCYT,Sequoia National Park,93262,36.527243,-118.594938
2809-ZMYOQ,Camptonville,95922,39.432127,-121.099287
2810-FTLEM,Los Angeles,90036,34.070291,-118.349191
2811-POVEX,Live Oak,95953,39.258746,-121.77697
2812-ENYMO,Orick,95555,41.336354,-124.044354
2812-REYAT,Chilcoot,96105,39.872961,-120.198876
2812-SFXMJ,Hat Creek,96040,40.789799,-121.474529
2815-CPTUL,Gasquet,95543,41.867908,-123.794144
2817-LVCPP,Sacramento,95822,38.512569,-121.495184
2817-NTQDO,Huntington Beach,92646,33.666301,-117.969501
2819-GWENI,Hayward,94542,37.656695,-122.048361
2821-WARNZ,Buena Park,90620,33.845706,-118.012204
2823-LKABH,Rancho Mirage,92270,33.763678,-116.429928
2824-DXNKN,Santa Cruz,95065,37.031404,-121.981865
2824-MYYBN,Bakersfield,93313,35.140938,-119.051348
2826-DXLQO,El Cerrito,94530,37.924838,-122.289145
2826-UWHIS,Sequoia National Park,93262,36.527243,-118.594938
2828-SLQPF,San Marino,91108,34.122671,-118.112911
2829-HYVZP,Fairfax,94930,37.971751,-122.611873
2830-LEWOA,Jamestown,95327,37.84771,-120.486589
2831-EBWRN,Altadena,91001,34.196837,-118.142236
2832-KJCRD,Los Angeles,90071,34.052917,-118.255178
2832-SCUCO,Kirkwood,95646,38.631489,-120.015167
2833-SLKDQ,Caspar,95420,39.361283,-123.784599
2834-JKOOW,Gerber,96035,40.03194,-122.176023
2834-JRTUA,Martinez,94553,38.014457,-122.115432
2834-SPCJV,Rough And Ready,95975,39.225634,-121.156163
2839-RFSQE,Rancho Mirage,92270,33.763678,-116.429928
2840-XANRC,San Diego,92122,32.85723,-117.209774
2842-BCQGE,San Diego,92139,32.677716,-117.047666
2842-JTCCU,Hopland,95449,38.93706,-123.118111
2843-CQMEG,San Diego,92120,32.807867,-117.060993
2845-AFFTX,Westport,95488,39.724433,-123.767578
2845-HSJCY,Fallbrook,92028,33.362575,-117.299644
2845-KDHVX,Sheridan,95681,38.984756,-121.345074
2848-YXSMW,Torrance,90503,33.840399,-118.353714
2851-MMUTZ,Tahoe Vista,96148,39.24124,-120.054765
2851-STERV,Descanso,91916,32.912664,-116.635387
2853-CWQFQ,Eureka,95503,40.737431,-124.108897
2856-HYAPG,Platina,96076,40.367964,-122.937379
2856-NNASM,Santa Rosa,95407,38.394091,-122.739814
2858-EIMXH,Vallejo,94592,38.093701,-122.276589
2858-MOFSQ,Rio Oso,95674,38.954144,-121.482536
2860-RANUS,Mc Kittrick,93251,35.38381,-119.730885
2862-JVEOY,Loma Mar,94021,37.266388,-122.26308
2862-PFNIK,San Leandro,94578,37.704384,-122.126703
2863-IMQDR,San Diego,92130,32.957195,-117.202542
2865-TCHJW,Anaheim,92807,33.848733,-117.788357
2866-IKBTM,Dana Point,92629,33.477923,-117.705314
2867-UIMSS,Vernalis,95385,37.609095,-121.263381
2868-LLSKM,Escondido,92027,33.141265,-116.967221
2868-MZAGQ,Modesto,95354,37.639029,-120.964772
2868-SNELZ,San Diego,92122,32.85723,-117.209774
2869-ADAWR,Sutter Creek,95685,38.432145,-120.77069
2873-ZLIWT,Temecula,92592,33.507255,-117.029473
2874-YXVVA,Herlong,96113,40.198234,-120.18089
2876-GZYZC,Cerritos,90703,33.8681,-118.067402
2876-VBBBL,Shaver Lake,93664,37.223,-119.001021
2877-VDUER,Camp Nelson,93208,36.057458,-118.591951
2878-DHMIN,Sacramento,95833,38.619049,-121.517552
2878-RMWXY,Temecula,92590,33.475493,-117.219551
2880-FPNAE,Van Nuys,91405,34.202494,-118.448048
2882-DDZPG,San Carlos,94070,37.497915,-122.267361
2882-WDTBA,Willows,95988,39.493991,-122.286363
2883-ILGWO,Compton,90222,33.912246,-118.236773
2884-GBPFB,Morro Bay,93442,35.369553,-120.763864
2885-HIJDH,Tecate,91980,32.587557,-116.636816
2886-KEFUM,Big Bend,96011,41.096569,-121.879082
2887-JPYLU,Stinson Beach,94970,37.921137,-122.657562
2888-ADFAO,Palmdale,93551,34.613476,-118.256358
2889-FPWRM,Mckinleyville,95519,40.965011,-124.015255
2890-WFBHU,Salyer,95563,40.89866,-123.539754
2892-GESUL,San Juan Capistrano,92675,33.521447,-117.602555
2894-QOJRX,San Diego,92124,32.827238,-117.089287
2896-TBNBE,Guadalupe,93434,34.936,-120.594655
2897-DOVND,Winterhaven,92283,32.852947,-114.850784
2898-LSJGD,Santa Ana,92707,33.714829,-117.872941
2898-MRKPI,Ranchita,92066,33.215251,-116.53633
2900-PHPLN,Vista,92083,33.17494,-117.242761
2903-YYTBW,Hemet,92545,33.734933,-117.044145
2904-GGUAZ,Potrero,91963,32.619465,-116.593605
2905-KFQUV,Moss Beach,94038,37.515556,-122.502311
2907-ILJBN,Duarte,91010,34.145695,-117.95982
2908-WGAXL,Fullerton,92835,33.902211,-117.914922
2908-ZTPNF,Pleasanton,94566,37.633361,-121.862395
2911-IJORQ,Stirling City,95978,39.904002,-121.527823
2911-UREFD,Santa Monica,90405,34.005439,-118.477507
2911-WDXMV,Fontana,92335,34.087558,-117.464096
2916-BQZLN,Reseda,91335,34.200175,-118.540958
2919-HBCJO,Downieville,95936,39.578792,-120.780786
2920-RNCEZ,Lebec,93243,34.845861,-118.885163
2921-XWDJH,Glendale,91202,34.167926,-118.267539
2923-ARZLG,La Verne,91750,34.144703,-117.770299
2924-KHUVI,Orland,95963,39.748037,-122.302169
2925-MXLSX,Chula Vista,91911,32.607964,-117.059459
2925-VDZHY,Sonora,95370,37.982716,-120.343732
2926-JEJJC,Angelus Oaks,92305,34.1678,-116.86433
2927-CVULT,Ramona,92065,33.044541,-116.833922
2927-QRRQV,Scott Bar,96085,41.737962,-123.07557
2928-HLDBA,Cypress,90630,33.818477,-118.038307
2929-ERCFZ,Independence,93526,36.869584,-118.189241
2929-QNSRW,San Diego,92130,32.957195,-117.202542
2930-UOTMB,Riverside,92506,33.930931,-117.361788
2931-FSOHN,Napa,94559,38.232389,-122.324944
2931-SVLTV,Vallejo,94589,38.161321,-122.271588
2931-VUVJN,Murrieta,92562,33.548869,-117.334165
2931-XIQBR,Kelseyville,95451,38.93496,-122.792243
2933-FILNV,Carlsbad,92009,33.098018,-117.258203
2933-XEUJM,Ballico,95303,37.4695,-120.672724
2937-FTHUR,Cedar Glen,92321,34.255203,-117.175654
2946-KIQSP,Fallbrook,92028,33.362575,-117.299644
2947-DOMLJ,Buena Park,90621,33.874224,-117.993368
2951-QOQTK,Sacramento,95815,38.608405,-121.449942
2952-QAYZF,Sacramento,95828,38.486938,-121.395805
2954-PIBKO,Los Angeles,90058,34.001617,-118.222274
2955-BJZHG,Apple Valley,92308,34.424926,-117.184503
2955-PSXOE,Topanga,90290,34.115192,-118.61017
2956-GGUCQ,Pioneer,95666,38.546999,-120.271114
2957-JIRMN,Vallejo,94591,38.105733,-122.186338
2957-LOLHO,Fallbrook,92028,33.362575,-117.299644
2958-NHPPS,Sacramento,95816,38.574856,-121.46504
2959-EEXWB,Pasadena,91105,34.13946,-118.166649
2959-FENLU,Los Gatos,95033,37.160194,-121.945611
2959-MJHIC,Hinkley,92347,34.983808,-117.239306
2960-NKRSO,Mad River,95552,40.390301,-123.412327
2961-VNFKL,Mountain View,94041,37.388349,-122.075299
2962-XPMCQ,Sacramento,95828,38.486938,-121.395805
2967-MXRAV,Los Angeles,90003,33.964131,-118.272783
2968-SSGAA,San Francisco,94117,37.770533,-122.445121
2969-QWUBZ,Los Altos,94022,37.349546,-122.134356
2969-VAPYH,Fresno,93704,36.799648,-119.801247
2969-WGHQO,Bradley,93426,35.842889,-121.004862
2971-SGAFL,Millbrae,94030,37.601248,-122.403099
2972-YDYUW,Posey,93260,35.861928,-118.636698
2974-GGUXS,Granite Bay,95746,38.749466,-121.184196
2977-CEBSX,Coachella,92236,33.680031,-116.171678
2978-XXSOG,Doyle,96109,40.012675,-120.101857
2979-SXESE,Berkeley,94703,37.863843,-122.275684
2982-IHMFT,San Diego,92126,32.886925,-117.152162
2982-VPSGI,South Pasadena,91030,34.110444,-118.156957
2983-ZANRP,La Puente,91744,34.031441,-117.936436
2984-AFWNC,Rough And Ready,95975,39.225634,-121.156163
2984-MIIZL,Guadalupe,93434,34.936,-120.594655
2984-RGEYA,Winnetka,91306,34.209532,-118.577563
2984-TBYKU,Barstow,92311,34.965648,-117.001509
2985-FMWYF,Myers Flat,95554,40.267158,-123.805913
2985-JUUBZ,Dulzura,91917,32.622999,-116.687855
2987-BJXIK,Tulare,93274,36.185471,-119.375243
2988-GBIVW,Knights Landing,95645,38.875508,-121.765866
2988-PLAHS,Sierraville,96126,39.559709,-120.345639
2988-QRAJY,Santa Rosa,95403,38.488431,-122.752839
2990-HWIML,Ontario,91764,34.074087,-117.605618
2990-IAJSV,San Francisco,94110,37.750021,-122.415201
2990-OGYTD,Fullerton,92831,33.879983,-117.895482
2995-UPRYS,Long Beach,90802,33.752524,-118.210737
2995-YWTCD,Browns Valley,95918,39.292334,-121.320597
2996-XAUVF,Needles,92363,34.711224,-114.702256
2999-AANRQ,Sacramento,95833,38.619049,-121.517552
3001-CBHLQ,Angels Camp,95222,38.071327,-120.632221
3001-UNBTL,Burbank,91506,34.169706,-118.323548
3002-WQZWT,Murrieta,92563,33.581045,-117.14719
3003-CMDUU,Santa Paula,93060,34.402343,-119.094824
3005-NFMTA,Valencia,91354,34.457005,-118.573726
3005-TYFRD,Tollhouse,93667,36.993666,-119.348267
3006-XIMLN,Garden Valley,95633,38.852544,-120.837669
3007-FDPEA,Fallbrook,92028,33.362575,-117.299644
3009-JWMPU,Five Points,93624,36.397745,-120.119911
3011-WQKSZ,Foresthill,95631,39.031876,-120.811141
3012-VFFMN,Richvale,95974,39.495768,-121.747472
3014-WJKSM,San Luis Obispo,93401,35.233745,-120.626442
3016-KSVCP,Rancho Palos Verdes,90275,33.753146,-118.367459
3018-TFTSU,Hathaway Pines,95233,38.184914,-120.364085
3021-VLNRJ,Encino,91436,34.152875,-118.486056
3022-BEXHZ,Sonoma,95476,38.25485,-122.461799
3023-GFLBR,San Bernardino,92408,34.084909,-117.258107
3026-ATZYV,Riverside,92507,33.976328,-117.319786
3027-YNWZU,San Ramon,94583,37.766556,-121.976784
3027-ZTDHO,Fresno,93721,36.732694,-119.783786
3030-YDNRM,Pasadena,91107,34.159007,-118.087353
3030-YZADT,Grass Valley,95949,39.099204,-121.137962
3030-ZKIWL,Lake Isabella,93240,35.607875,-118.466318
3034-ZBEQN,La Puente,91746,34.038983,-117.991372
3038-PQIUY,Dulzura,91917,32.622999,-116.687855
3039-MJSLN,Cressey,95312,37.420273,-120.66527
3043-SUDUA,West Sacramento,95605,38.592745,-121.540036
3043-TYBNO,Kneeland,95549,40.664483,-123.865325
3045-XETSH,Lake Hughes,93532,34.659579,-118.584212
3049-NDXFL,San Diego,92130,32.957195,-117.202542
3049-SOLAY,San Diego,92109,32.787836,-117.232376
3050-GBUSH,Burlingame,94010,37.57028,-122.365778
3050-RLLXC,Kyburz,95720,38.766036,-120.209673
3055-MJDSB,Planada,95365,37.329725,-120.306399
3055-OYMSE,Saratoga,95070,37.257772,-122.051824
3055-VTCGS,Whittier,90605,33.960891,-118.032222
3057-VJJQE,Yorba Linda,92886,33.897253,-117.792202
3058-HJCUY,Rancho Cordova,95742,38.591134,-121.161585
3058-WQDRE,Branscomb,95417,39.710591,-123.682799
3059-NGMXB,San Jose,95124,37.257063,-121.923037
3061-BCKYI,Thousand Palms,92276,33.849263,-116.382778
3062-ICYZQ,Oak Park,91377,34.19225,-118.776874
3063-QFSZL,San Jose,95135,37.28682,-121.723877
3066-RRJIO,San Francisco,94132,37.722302,-122.491129
3067-SVMTC,Imperial,92251,32.858595,-115.662709
3068-OMWZA,Round Mountain,96084,40.923558,-122.059933
3069-SSVSN,Hilmar,95324,37.394536,-120.890747
3070-BDOQC,Sacramento,95827,38.549185,-121.328386
3070-DVEYC,Williams,95987,39.117537,-122.284654
3070-FNFZQ,Happy Camp,96039,41.831901,-123.487478
3071-MVJCD,Grizzly Flats,95636,38.636102,-120.522149
3071-VBYPO,Whittier,90604,33.929704,-118.01208
3074-GQWYX,San Diego,92117,32.825086,-117.199424
3077-RSNTJ,Long Beach,90807,33.830099,-118.182239
3078-ZKNTS,Rancho Santa Fe,92091,32.99356,-117.207121
3079-BCHLN,Wishon,93669,37.287758,-119.548156
3082-VQXNH,Hat Creek,96040,40.789799,-121.474529
3082-WQRVY,Stockton,95203,37.954089,-121.329761
3082-YVEKW,Yucca Valley,92284,34.159534,-116.425984
3084-DOWLE,Citrus Heights,95621,38.69549,-121.307864
3085-QUOZK,Alpine,91901,32.827184,-116.703729
3086-RUCRN,Paicines,95043,36.525703,-120.952122
3088-FVYWK,Mc Kittrick,93251,35.38381,-119.730885
3088-LHEFH,Pollock Pines,95726,38.733908,-120.453416
3090-HAWSU,Pasadena,91107,34.159007,-118.087353
3090-LETTY,San Diego,92130,32.957195,-117.202542
3090-QFUVD,Reedley,93654,36.636638,-119.421842
3091-FYHKI,Harbor City,90710,33.798266,-118.300237
3092-IGHWF,San Diego,92130,32.957195,-117.202542
3094-JOJAI,Maxwell,95955,39.281194,-122.226568
3096-GKWEB,Bakersfield,93306,35.449881,-118.841442
3096-IZETN,Lomita,90717,33.794209,-118.317354
3096-JRDSO,Fallbrook,92028,33.362575,-117.299644
3096-WPXBT,Venice,90291,33.991782,-118.479229
3096-YXENJ,Danville,94506,37.791481,-121.903253
3097-FQTVJ,Denair,95316,37.524721,-120.757977
3097-IDVPU,Los Angeles,90012,34.065875,-118.238728
3097-NNSPB,Valley Ford,94972,38.339996,-122.935056
3097-NQYSN,San Jose,95139,37.218705,-121.762429
3097-PYWXL,New Cuyama,93254,34.956577,-119.750142
3099-OONVS,Crockett,94525,38.049292,-122.228415
3104-OWCGK,South Dos Palos,93665,36.959731,-120.653519
3106-ULWFW,Fontana,92337,34.049671,-117.468896
3108-PCCGG,Redwood Valley,95470,39.298065,-123.25211
3113-IWHLC,Strathmore,93267,36.141319,-119.129075
3115-CZMZD,Independence,93526,36.869584,-118.189241
3115-JPJDD,Ventura,93003,34.279221,-119.221437
3118-UHVVQ,Calpine,96124,39.672813,-120.456699
3120-FAZKD,El Portal,95318,37.654551,-119.822984
3125-RAHBV,Rocklin,95765,38.823278,-121.281856
3126-WQMGH,Yorba Linda,92887,33.884073,-117.732197
3128-YOVTD,Forbestown,95941,39.531028,-121.24807
3129-AAQOU,Trabuco Canyon,92679,33.631119,-117.567346
3130-ICDUP,Hercules,94547,37.991259,-122.214945
3131-NWVFJ,Pioneer,95666,38.546999,-120.271114
3132-TVFDZ,Glendale,91202,34.167926,-118.267539
3133-PZNSR,Belmont,94002,37.509366,-122.306132
3134-DSHVC,Stockton,95205,37.965695,-121.260051
3137-LUPIX,Yucca Valley,92284,34.159534,-116.425984
3137-NYQQI,Palmdale,93550,34.536232,-118.082935
3138-BKYAV,Kerman,93630,36.727418,-120.123526
3143-ILDAL,El Monte,91732,34.074492,-118.01462
3143-JQEGI,San Diego,92126,32.886925,-117.152162
3144-AUDBS,Calexico,92231,32.690654,-115.431225
3144-KMTWZ,Whittier,90606,33.976678,-118.065875
3146-JTQHR,San Bruno,94066,37.624436,-122.430661
3146-MSEGF,Paramount,90723,33.897122,-118.164432
3148-AOIQT,Sacramento,95837,38.691607,-121.602284
3148-BLQJT,Fallbrook,92028,33.362575,-117.299644
3154-CFSZG,Modesto,95351,37.621458,-121.012295
3154-HMWUU,Winters,95694,38.578604,-122.024579
3156-QLHBO,San Jose,95136,37.270938,-121.851046
3158-MOERK,Hayward,94545,37.62984,-122.120843
3160-TYXLT,Palmdale,93552,34.557711,-118.029441
3161-GETRM,Soledad,93960,36.414216,-121.360597
3161-ONRWK,Hydesville,95547,40.557314,-124.081662
3162-KKZXO,Citrus Heights,95610,38.69508,-121.271616
3162-ZJZFU,Mill Creek,96061,40.331975,-121.460674
3164-AALRN,Greenwood,95635,38.921333,-120.897718
3164-YAXFY,Coulterville,95311,37.722127,-120.110174
3165-HDOEW,Salida,95368,37.713152,-121.08739
3166-PNEOF,Walnut Creek,94596,37.900662,-122.052782
3167-SNQPL,Pine Valley,91962,32.800671,-116.483363
3170-GWYKC,Vernalis,95385,37.609095,-121.263381
3170-NMYVV,Compton,90222,33.912246,-118.236773
3173-NVMPX,Newport Beach,92663,33.62251,-117.927024
3173-WSSUE,Canoga Park,91304,34.224377,-118.632656
3174-AKMAS,Hume,93628,36.807595,-118.901544
3174-RKMOW,Glendale,91201,34.17051,-118.289463
3177-LASXD,Westmorland,92281,33.03679,-115.60503
3178-CIFOT,Amador City,95601,38.431407,-120.8421
3178-FESZO,Clements,95227,38.227285,-121.02789
3179-GBRWV,San Gabriel,91775,34.114772,-118.089431
3181-MIZBN,Jenner,95450,38.505995,-123.187019
3181-VTHOE,Browns Valley,95918,39.292334,-121.320597
3186-AJIEK,Apple Valley,92308,34.424926,-117.184503
3186-BAXNB,Cottonwood,96022,40.336392,-122.448533
3190-FZATL,Lakeside,92040,32.909873,-116.906774
3190-ITQXP,Ceres,95307,37.553469,-120.952825
3190-XFANI,Happy Camp,96039,41.831901,-123.487478
3191-CSNMG,Upland,91784,34.141146,-117.655583
3192-LNKRK,San Joaquin,93660,36.600193,-120.153393
3192-NQECA,Santa Monica,90403,34.031529,-118.491156
3194-ORPIK,San Diego,92113,32.697098,-117.116587
3195-TQDZX,Elk Creek,95939,39.53222,-122.594879
3196-NVXLZ,Orange Cove,93646,36.633498,-119.298895
3197-ARFOY,Ontario,91761,34.035602,-117.591528
3197-NNYNB,Jolon,93928,35.930782,-121.189757
3198-VELRD,Marina Del Rey,90292,33.977468,-118.445475
3199-NPKCN,Menlo Park,94025,37.449551,-122.183762
3199-XGZCY,Granada Hills,91344,34.291273,-118.505104
3200-MNQTF,Raisin City,93652,36.594542,-119.905245
3205-MXZRA,Standish,96128,40.346634,-120.386422
3207-OYBWH,Newport Beach,92661,33.601309,-117.902304
3208-YPIOE,La Mesa,91942,32.782501,-117.01611
3209-ZPKFI,Borrego Springs,92004,33.200369,-116.192313
3211-AAPKX,Woodland,95776,38.694081,-121.694431
3211-ILJTT,Taft,93268,35.184837,-119.402525
3212-KXOCR,Inglewood,90302,33.975332,-118.355252
3213-VVOLG,Sun City,92585,33.739412,-117.173334
3214-IYUUQ,Pine Grove,95665,38.400264,-120.641274
3217-FZDMN,Los Angeles,90001,33.973616,-118.24902
3219-JQRSL,Monterey Park,91755,34.049172,-118.115022
3221-CJMSG,Mira Loma,91752,33.999992,-117.535395
3223-DWFIO,Forks Of Salmon,96031,41.232128,-123.194748
3223-WZWJM,Petrolia,95558,40.274302,-124.210902
3224-DFQNQ,Carmel Valley,93924,36.414611,-121.6386
3227-WLKLI,San Francisco,94112,37.720498,-122.443119
3229-USWAR,San Francisco,94129,37.797526,-122.464531
3230-IUALN,Eureka,95501,40.796621,-124.15428
3230-JCNZS,San Francisco,94107,37.768881,-122.395521
3230-WYKIR,San Francisco,94110,37.750021,-122.415201
3234-VKACU,Sunol,94586,37.587494,-121.862856
3235-ETOOB,San Diego,92109,32.787836,-117.232376
3237-AJGEH,Bridgeville,95526,40.372532,-123.525626
3239-TPHPZ,Chula Vista,91910,32.636792,-117.054989
3243-ZHOHY,Escondido,92025,33.081478,-117.033814
3244-CQPHU,Berkeley,94710,37.872902,-122.303708
3244-DCJWY,Bakersfield,93312,35.392599,-119.245341
3247-MHJKM,Upland,91784,34.141146,-117.655583
3247-ZVOUO,Downey,90240,33.956228,-118.120993
3249-VHRIP,Fiddletown,95629,38.513484,-120.704613
3249-ZPQRG,Diamond Springs,95619,38.683605,-120.811852
3251-YMVWZ,San Andreas,95249,38.196497,-120.61689
3253-HKOKL,Elk Grove,95758,38.35363,-121.44195
3254-YRILK,Dobbins,95935,39.381174,-121.21191
3255-GRXMG,Playa Del Rey,90293,33.947305,-118.439841
3256-EZDBI,Greenville,95947,40.160386,-120.835428
3258-SANFR,Big Oak Flat,95305,37.818589,-120.256995
3258-SYSWS,Lakeside,92040,32.909873,-116.906774
3258-ZKPAI,Sacramento,95815,38.608405,-121.449942
3259-FDWOY,Elk Grove,95758,38.35363,-121.44195
3259-KNMRR,Montrose,91020,34.2112,-118.230625
3259-QMXUN,Campo Seco,95226,38.233879,-120.861666
3261-CQXOL,Concord,94521,37.971421,-121.971504
3262-EIDHV,Inglewood,90304,33.936827,-118.359824
3266-FTKHB,Beale Afb,95903,39.125311,-121.392283
3269-ATYWD,San Francisco,94123,37.800254,-122.436975
3272-VUHPV,Whittier,90602,33.972119,-118.020188
3274-NSDWE,Ivanhoe,93235,36.385818,-119.224243
3275-RHRNE,Keeler,93530,36.560498,-117.962461
3276-HDUEG,Temecula,92592,33.507255,-117.029473
3278-FSIXX,Blue Lake,95525,40.94338,-123.831799
3279-DYZQM,Santa Clarita,91350,34.502432,-118.41459
3280-MRDOF,Los Angeles,90067,34.057496,-118.413959
3280-NMUVX,Rio Vista,94571,38.148862,-121.737696
3282-ZISZV,South El Monte,91733,34.04622,-118.053753
3283-WCWXT,Los Angeles,90027,34.127194,-118.295647
3284-SVCRO,Sunol,94586,37.587494,-121.862856
3285-UCQVC,Seaside,93955,36.625114,-121.823565
3292-PBZEJ,Greenview,96037,41.528541,-122.955018
3295-YVUSR,Glendale,91202,34.167926,-118.267539
3296-SILRA,Lakeport,95453,39.080469,-122.955176
3298-QEICA,Fountain Valley,92708,33.712036,-117.950113
3301-LSLWQ,Vallejo,94592,38.093701,-122.276589
3301-VKTGC,Huron,93234,36.217864,-120.080117
3307-TLCUD,Los Angeles,90001,33.973616,-118.24902
3308-DGHKL,Linden,95236,38.047746,-121.030499
3308-JSGML,Shandon,93461,35.634488,-120.293534
3308-MHOOC,Scotia,95565,40.440636,-124.098739
3312-UUMZW,San Jose,95117,37.311088,-121.961786
3312-ZWLGF,Acton,93510,34.501452,-118.207862
3313-QKNKB,Pebble Beach,93953,36.587497,-121.944815
3315-IKYZQ,Los Angeles,90035,34.051809,-118.383843
3315-TOTBP,Mill Creek,96061,40.331975,-121.460674
3316-UWXUY,Burbank,91502,34.177267,-118.31003
3317-HRTNN,San Diego,92109,32.787836,-117.232376
3317-VLGQT,Wallace,95254,38.192608,-120.957842
3318-ISQFQ,Newark,94560,37.504133,-122.032347
3318-NMQXL,El Monte,91731,34.079934,-118.046695
3318-OSATS,Sierra City,96125,39.600599,-120.636358
3319-DWOEP,San Diego,92121,32.898613,-117.202937
3320-VEOYC,Beverly Hills,90210,34.099891,-118.414338
3323-CPBWR,Knights Landing,95645,38.875508,-121.765866
3324-OIRTO,Glennville,93226,35.735694,-118.738483
3325-FUYCG,Five Points,93624,36.397745,-120.119911
3327-YBAKM,San Diego,92131,32.89325,-117.087091
3329-WDIOK,Edwards,93523,34.966777,-117.961179
3331-HQDTW,San Diego,92130,32.957195,-117.202542
3334-CTHOL,Jackson,95642,38.336216,-120.76901
3336-JORSO,Hayward,94542,37.656695,-122.048361
3338-CVVEH,Chula Vista,91913,32.64164,-116.985026
3339-EAQNV,Palermo,95968,39.435756,-121.552071
3340-QBBFM,Petaluma,94954,38.235021,-122.557332
3345-JHUEO,Windsor,95492,38.527297,-122.810044
3345-PBBFH,Fowler,93625,36.625792,-119.672483
3346-BRMIS,Bonsall,92003,33.290907,-117.202895
3347-YJZZE,Los Osos,93402,35.279984,-120.824288
3348-CFRNX,Healdsburg,95448,38.618347,-122.908422
3349-ANQNH,Del Rey,93616,36.657462,-119.595293
3351-NGXYI,San Diego,92106,32.71346,-117.236378
3351-NQLDI,Travis Afb,94535,38.265899,-121.939461
3352-ALMCK,Navarro,95463,39.182916,-123.552571
3352-RICWQ,Davis,95616,38.508735,-121.678813
3354-OADJP,Bolinas,94924,37.943087,-122.72379
3359-DSRKA,Scott Bar,96085,41.737962,-123.07557
3363-DTIVD,Reseda,91335,34.200175,-118.540958
3363-EWLGO,Freedom,95019,36.936228,-121.785559
3365-SAIGS,Rancho Santa Fe,92067,33.012751,-117.200617
3370-GQEAL,Indio,92201,33.713891,-116.237257
3370-HXOPH,Mountain View,94041,37.388349,-122.075299
3372-CDXFJ,San Quentin,94964,37.942551,-122.491642
3372-KWFBM,Bayside,95524,40.825486,-124.049485
3373-DIUUN,Hinkley,92347,34.983808,-117.239306
3373-YZZYM,Los Gatos,95030,37.222842,-121.988727
3374-LXDEV,Pearblossom,93553,34.445239,-117.894868
3374-PZLXD,Blairsden Graeagle,96103,39.783747,-120.661032
3374-TTZTK,Sun City,92585,33.739412,-117.173334
3376-BMGFE,Monrovia,91016,34.1528,-118.000482
3378-AJRAO,Garden Grove,92840,33.787165,-117.931889
3384-CTMSF,Lincoln,95648,38.922812,-121.312005
3387-PLKUI,San Jose,95119,37.233226,-121.78809
3387-VATUS,Aromas,95004,36.878364,-121.629781
3389-KTRXV,Ravendale,96123,40.845738,-120.322219
3389-YGYAI,Princeton,95970,39.424957,-122.039307
3391-JSQEW,San Jose,95110,37.34667,-121.910019
3392-EHMNK,Thermal,92274,33.53604,-116.119222
3393-FMZPV,Elverta,95626,38.734997,-121.463719
3396-DKDEL,King City,93930,36.220761,-120.980777
3397-AVTKU,Mount Hamilton,95140,37.382909,-121.634151
3398-FSHON,San Diego,92121,32.898613,-117.202937
3398-GCPMU,Fullerton,92833,33.877639,-117.961212
3398-ZOUAA,Redwood City,94063,37.499411,-122.196318
3399-BMLVW,Whitmore,96096,40.637105,-121.906949
3400-ESFUW,Cupertino,95014,37.306612,-122.080621
3401-URHDA,Emigrant Gap,95715,39.23754,-120.720196
3402-XRIUO,Glendale,91201,34.17051,-118.289463
3404-JNXAX,Ukiah,95482,39.134075,-123.23422
3407-JMJQQ,Oakhurst,93644,37.648647,-119.231447
3407-QGWLG,Roseville,95661,38.736685,-121.251984
3410-MHHUM,San Francisco,94111,37.801776,-122.402293
3410-YOQBQ,Compton,90221,33.885811,-118.206459
3411-WLRSQ,Los Angeles,90038,34.088017,-118.327168
3413-BMNZE,Los Angeles,90037,34.002642,-118.287596
3413-CSSTH,Stevinson,95374,37.316807,-120.855753
3413-DHLPB,Oceano,93445,35.059695,-120.604741
3415-TAILE,Johannesburg,93528,35.363339,-117.637641
3417-TSCIC,Cloverdale,95425,38.801936,-122.938935
3419-SNJJD,Yorba Linda,92887,33.884073,-117.732197
3420-YJLQT,Alturas,96101,41.468877,-120.54229
3420-ZDBMA,Brea,92821,33.930199,-117.862898
3422-GALYP,Phillipsville,95559,40.184094,-123.745487
3422-LYEPQ,Carmel By The Sea,93921,36.554618,-121.922239
3422-WJOYD,Oakland,94618,37.84551,-122.235181
3423-HHXAO,Littlerock,93543,34.505273,-117.955054
3424-NMNBO,San Diego,92117,32.825086,-117.199424
3426-NIYYL,Sausalito,94965,37.848641,-122.515692
3427-GGZZI,Midpines,95345,37.581496,-119.972762
3428-MMGUB,Rio Nido,95471,38.522328,-122.97932
3428-XZMAZ,Turlock,95382,37.529656,-120.854357
3429-IFLEM,Hayward,94544,37.639215,-122.037554
3439-GVUSX,Lookout,96054,41.280478,-121.160249
3440-JPSCL,Sonoma,95476,38.25485,-122.461799
3441-CGZJH,Lost Hills,93249,35.637715,-119.893068
3442-ZHHCC,Coarsegold,93614,37.212191,-119.749323
3445-HXXGF,Sierra Madre,91024,34.168686,-118.057505
3446-QDSZF,Homewood,96141,39.117018,-120.212535
3450-WXOAT,Bakersfield,93309,35.342891,-119.064803
3451-VAWLI,North Highlands,95660,38.671295,-121.388251
3452-ABWRL,San Jose,95132,37.424655,-121.74841
3452-FLHYD,Lucerne,95458,39.141934,-122.770679
3452-GWUIN,Raisin City,93652,36.594542,-119.905245
3452-SRFEG,La Verne,91750,34.144703,-117.770299
3453-RTHJQ,San Bernardino,92407,34.250069,-117.393949
3454-JFUBC,Pala,92059,33.384345,-117.072619
3457-PQBYH,Washington,95986,39.34128,-120.786867
3458-IDMFK,Idyllwild,92549,33.755039,-116.741796
3460-TJBWI,Marshall,94940,38.129308,-122.834815
3462-BJQQA,Belvedere Tiburon,94920,37.885629,-122.46858
3466-BYAVD,Long Beach,90802,33.752524,-118.210737
3466-RITXD,Twin Bridges,95735,38.805481,-120.13287
3466-WAESX,Rancho Cucamonga,91701,34.132275,-117.611478
3468-DRVQJ,Los Angeles,90031,34.085807,-118.206617
3470-BTGQO,Belmont,94002,37.509366,-122.306132
3470-OBUET,San Jose,95123,37.238758,-121.828375
3472-OAOOR,Mission Hills,91345,34.266389,-118.459744
3472-QPRCH,Sacramento,95826,38.542532,-121.378826
3473-XIIIT,Sacramento,95824,38.517295,-121.439819
3474-BAFSJ,West Hollywood,90069,34.093781,-118.381061
3481-JHUZH,Forks Of Salmon,96031,41.232128,-123.194748
3482-ABPKK,Nuevo,92567,33.82769,-117.102244
3486-HOOGQ,San Jose,95128,37.316146,-121.936285
3486-KHMLI,Adelanto,92301,34.667815,-117.536183
3486-NPGST,Mill Valley,94941,37.901371,-122.572024
3487-EARAT,Wishon,93669,37.287758,-119.548156
3488-PGMQJ,Alpine,91901,32.827184,-116.703729
3489-HHPFY,Amboy,92304,34.559882,-115.637164
3489-VSFRD,Willits,95490,39.492046,-123.375818
3494-JCHRQ,Van Nuys,91411,34.17847,-118.459472
3496-LFSZU,Anaheim,92801,33.844983,-117.952151
3498-LZGQZ,Walnut Grove,95690,38.240419,-121.587535
3500-NSDOA,Los Angeles,90008,34.008293,-118.346766
3500-RMZLT,Fresno,93702,36.739385,-119.753649
3503-TYDAY,Keene,93531,35.214982,-118.59049
3506-LCJDC,Modesto,95358,37.612612,-121.108568
3506-OVLKD,Wilmington,90744,33.782068,-118.262263
3507-GASNP,North Hollywood,91602,34.15136,-118.364786
3508-CFVZL,El Monte,91731,34.079934,-118.046695
3508-VLHCZ,Lakewood,90715,33.841027,-118.078097
3509-GWQGF,Ducor,93218,35.846067,-119.004073
3511-APPBJ,Spring Valley,91977,32.726627,-116.994608
3511-BFTJW,Glendora,91740,34.119363,-117.855059
3512-IZIKN,San Bernardino,92404,34.183286,-117.221722
3518-FSTWG,Paradise,95969,39.69676,-121.644379
3518-PZXZQ,Castroville,95012,36.784481,-121.759054
3519-ZKXGG,San Francisco,94123,37.800254,-122.436975
3520-FJGCV,San Diego,92120,32.807867,-117.060993
3521-HTQTV,Hesperia,92345,34.361387,-117.337509
3521-MNKLV,Nubieber,96068,41.082472,-121.195215
3521-SYVOR,San Diego,92126,32.886925,-117.152162
3522-CDKHF,Stockton,95210,38.033219,-121.297433
3523-BRGUW,Los Altos,94022,37.349546,-122.134356
3523-QRQLL,Bieber,96009,41.083464,-121.107929
3524-WQDSG,Corte Madera,94925,37.924014,-122.511694
3525-DVKFN,Felton,95018,37.089111,-122.062213
3528-HFRIQ,Los Angeles,90068,34.137411,-118.328915
3530-CRZSB,Malibu,90263,34.037037,-118.705803
3530-VWVGU,Manteca,95337,37.750822,-121.238423
3533-UVMOM,Markleeville,96120,38.735789,-119.85798
3536-IQCTX,South Pasadena,91030,34.110444,-118.156957
3537-HPKQT,Mentone,92359,34.103578,-117.04054
3537-RYBHH,Northridge,91324,34.238208,-118.55029
3538-WZPHD,San Francisco,94127,37.736535,-122.45732
3540-RZJYU,Zenia,95595,40.170357,-123.417298
3541-ZNUHK,La Crescenta,91214,34.239636,-118.245259
3544-FBCAS,Philo,95466,39.094102,-123.500853
3545-CNWRG,Santa Monica,90402,34.035849,-118.503508
3546-GHEAE,Blythe,92225,33.674583,-114.71612
3547-LQRIK,San Gregorio,94074,37.331762,-122.341444
3549-ZTMNH,San Mateo,94402,37.556634,-122.317723
3550-SAHFP,Saint Helena,94574,38.581354,-122.296283
3551-GAEGL,Oakhurst,93644,37.648647,-119.231447
3551-HUAZH,Brownsville,95919,39.440687,-121.263583
3552-CTCYF,San Bernardino,92411,34.122501,-117.320138
3556-BVQGL,Sutter Creek,95685,38.432145,-120.77069
3557-HTYWR,Los Angeles,90043,33.988543,-118.334081
3563-SVYLG,Nipton,92364,35.478736,-115.516984
3565-UNOCC,Stockton,95209,38.044523,-121.348048
3566-CAAYU,Cayucos,93430,35.511833,-120.918713
3566-HJGPK,Woodland Hills,91367,34.178068,-118.615714
3566-VVORZ,Westlake Village,91361,34.130992,-118.894673
3567-PQTSO,Junction City,96048,40.913192,-123.06597
3569-EDBPQ,Pine Grove,95665,38.400264,-120.641274
3569-JFODW,Del Mar,92014,32.948262,-117.256086
3569-VLDHH,Sacramento,95824,38.517295,-121.439819
3570-YUEKJ,Fresno,93725,36.623632,-119.741322
3571-DPYUH,Temecula,92592,33.507255,-117.029473
3571-RFHAR,Santa Paula,93060,34.402343,-119.094824
3572-UOLYZ,San Jose,95118,37.255479,-121.889838
3572-UUHRS,Castro Valley,94546,37.708327,-122.083473
3577-AMVUX,Big Bear City,92314,34.278967,-116.773825
3580-GICBM,Clovis,93611,36.917652,-119.593757
3580-HYCSP,Midway City,92655,33.744439,-117.98588
3580-REOAC,San Diego,92122,32.85723,-117.209774
3583-EKAPL,Redlands,92373,34.003243,-117.138286
3583-KRKMD,San Diego,92115,32.762506,-117.07245
3584-WKTTW,Weed,96094,41.465121,-122.380947
3585-ISXZP,Indio,92201,33.713891,-116.237257
3585-YNADK,Berkeley,94707,37.897753,-122.279391
3587-PMCOY,Placerville,95667,38.733714,-120.795213
3588-WSTTJ,Los Angeles,90077,34.102084,-118.451629
3589-PPVKW,Pomona,91766,34.042286,-117.756106
3590-TCXTB,Cerritos,90703,33.8681,-118.067402
3594-BDSOA,Novato,94947,38.112166,-122.634384
3594-IVHJZ,French Gulch,96033,40.740138,-122.587476
3594-KADLU,Witter Springs,95493,39.222323,-122.985488
3594-UVONA,Costa Mesa,92626,33.678591,-117.905471
3597-MVHJT,Brawley,92227,33.03933,-115.191857
3597-YASZG,Tustin,92782,33.738543,-117.785046
3604-WLABM,San Diego,92104,32.741499,-117.127409
3605-JISKB,Twentynine Palms,92278,34.457829,-116.139589
3606-SBKRY,Linden,95236,38.047746,-121.030499
3606-TWKGI,Rowland Heights,91748,33.976753,-117.897367
3612-YUNGG,Burbank,91502,34.177267,-118.31003
3612-YVGSJ,La Honda,94020,37.285677,-122.224165
3617-XLSGQ,Modesto,95355,37.672906,-120.946594
3620-EHIMZ,Menifee,92584,33.653338,-117.178271
3620-MWJNE,Homeland,92548,33.761894,-117.120868
3621-CEOVK,Trinity Center,96091,41.081847,-122.700545
3621-CHYVB,Soquel,95073,37.023669,-121.946461
3623-FQBOX,Los Angeles,90065,34.108833,-118.229715
3627-FCRDW,Hughson,95326,37.5923,-120.853288
3627-FHKBK,Anaheim,92806,33.83796,-117.870494
3629-WEAAM,Forbestown,95941,39.531028,-121.24807
3629-ZNKXA,Seiad Valley,96086,41.924174,-123.260788
3633-CDBUW,Midpines,95345,37.581496,-119.972762
3635-JBPSG,Van Nuys,91406,34.195685,-118.490752
3635-QQRQD,Westmorland,92281,33.03679,-115.60503
3638-DIMPH,Wilseyville,95257,38.392686,-120.415951
3638-VBZTA,Baldwin Park,91706,34.098275,-117.967399
3638-WEABW,Los Angeles,90025,34.046174,-118.446333
3639-XJHKQ,San Jose,95135,37.28682,-121.723877
3640-JQGJG,Pasadena,91101,34.146635,-118.139225
3640-PHQXK,Union City,94587,37.59485,-122.051521
3642-BYHDO,Downey,90240,33.956228,-118.120993
3642-GKTCT,Oceanside,92057,33.254497,-117.285879
3643-AHCFP,Selma,93662,36.545322,-119.642281
3644-QXEHN,Smartville,95977,39.176595,-121.291692
3645-DEYGF,Northridge,91325,34.236683,-118.517588
3646-ITDGM,Sacramento,95822,38.512569,-121.495184
3647-GMGDH,Jackson,95642,38.336216,-120.76901
3648-GZPHF,San Marcos,92069,33.162624,-117.170863
3649-JPUGY,San Bernardino,92407,34.250069,-117.393949
3653-NCRDJ,Sacramento,95821,38.625096,-121.383658
3654-ARMGP,Los Angeles,90064,34.037251,-118.423573
3655-SNQYZ,Los Angeles,90017,34.052842,-118.264495
3656-TKRVZ,Chula Vista,91910,32.636792,-117.054989
3657-COGMW,San Luis Obispo,93405,35.236549,-120.727344
3658-KIBGF,Los Angeles,90068,34.137411,-118.328915
3658-QQJYD,Santa Monica,90401,34.015481,-118.493231
3662-FXJFO,Redondo Beach,90278,33.873395,-118.37019
3663-MITLP,Marina,93933,36.689582,-121.758398
3665-JATSN,Mount Shasta,96067,41.33832,-122.290756
3668-QPYBK,Los Angeles,90003,33.964131,-118.272783
3669-LVWZB,Tahoma,96142,39.061227,-120.179546
3669-OYSJI,Porter Ranch,91326,34.281911,-118.556218
3669-WHAFY,Whittier,90604,33.929704,-118.01208
3671-SHRSP,Marina,93933,36.689582,-121.758398
3672-YITQD,Castaic,91384,34.506627,-118.699048
3675-EQOZA,Newport Beach,92660,33.634626,-117.874882
3675-YDUPJ,Rancho Cucamonga,91737,34.245289,-117.642503
3677-IYRBF,Newcastle,95658,38.883224,-121.15918
3677-TNKIO,Templeton,93465,35.536115,-120.739231
3678-MNGZX,Porter Ranch,91326,34.281911,-118.556218
3679-XASPY,Inglewood,90305,33.958134,-118.330905
3680-CTHUH,Kneeland,95549,40.664483,-123.865325
3682-YEUWS,Tulelake,96134,41.813521,-121.492666
3683-QKIUE,San Francisco,94107,37.768881,-122.395521
3685-YLCMQ,Dobbins,95935,39.381174,-121.21191
3688-FTHLT,Flournoy,96029,39.84784,-122.544556
3689-MOZGR,Irvine,92618,33.667145,-117.732135
3692-JHONH,Kettleman City,93239,35.996923,-120.000951
3694-DELSO,Olancha,93549,36.296851,-117.865469
3694-GLTJM,Corning,96021,39.913777,-122.289984
3696-DFHHB,Big Bend,96011,41.096569,-121.879082
3696-XRIEN,San Jose,95124,37.257063,-121.923037
3701-SFMUH,Trabuco Canyon,92679,33.631119,-117.567346
3703-KBKZP,Standish,96128,40.346634,-120.386422
3703-TTEPD,Irvine,92614,33.680302,-117.833296
3703-VAVCL,Strawberry Valley,95981,39.58458,-121.093256
3704-IEAXF,Los Angeles,90063,34.044271,-118.185237
3705-PSNGL,Cerritos,90703,33.8681,-118.067402
3705-RHRFR,Ukiah,95482,39.134075,-123.23422
3707-GNWHM,Carmel Valley,93924,36.414611,-121.6386
3707-LRWZD,Oakland,94611,37.828416,-122.216005
3709-OIJEA,Geyserville,95441,38.731771,-123.064272
3712-PKXZA,Glendale,91201,34.17051,-118.289463
3714-JTVOV,Crows Landing,95313,37.435664,-121.049056
3714-NTNFO,Los Angeles,90048,34.072945,-118.37267
3714-XPXBW,Santa Cruz,95062,36.974575,-121.991149
3716-BDVDB,San Diego,92130,32.957195,-117.202542
3716-LRGXK,San Jose,95136,37.270938,-121.851046
3716-UVSPD,San Juan Capistrano,92675,33.521447,-117.602555
3717-FDJFU,Montgomery Creek,96065,40.877552,-121.885884
3717-LNXKW,Glenn,95943,39.597975,-122.032248
3717-OEAUQ,Ione,95640,38.33788,-120.954202
3717-OFRTN,Dublin,94568,37.713926,-121.928425
3719-TDVQB,Ripon,95366,37.750778,-121.13238
3720-DBRWL,Tehama,96090,40.021787,-122.127576
3721-CNEYS,Douglas City,96024,40.586588,-122.903677
3721-CNZHX,Berkeley,94704,37.871416,-122.246597
3721-WKIIL,Smartville,95977,39.176595,-121.291692
3722-WPXTK,Benton,93512,37.653947,-118.231443
3723-BFBGR,Borrego Springs,92004,33.200369,-116.192313
3724-BSCVH,Mecca,92254,33.543835,-115.993906
3724-UCSHY,Reedley,93654,36.636638,-119.421842
3726-TBHQT,Catheys Valley,95306,37.394411,-120.127262
3727-JEZTU,Bakersfield,93312,35.392599,-119.245341
3727-OVPRY,Calabasas,91302,34.130861,-118.68346
3727-OWVYD,Campo,91906,32.673483,-116.472863
3727-RJMEO,Rohnert Park,94928,38.34719,-122.697822
3729-OWRVL,Pixley,93256,35.957019,-119.330928
3733-LSYCE,Samoa,95564,40.809636,-124.189977
3733-UOCWF,Helendale,92342,34.757783,-117.33997
3733-ZEECP,Inglewood,90301,33.956445,-118.358634
3736-BLEPA,Folsom,95630,38.672638,-121.147403
3737-GCSPV,Millbrae,94030,37.601248,-122.403099
3737-XBQDD,Mount Laguna,91948,32.830852,-116.444601
3739-YBWAB,Paramount,90723,33.897122,-118.164432
3740-RLMVT,Saint Helena,94574,38.581354,-122.296283
3744-ZBHON,Highland,92346,34.129677,-117.154277
3744-ZRRDZ,Torrance,90501,33.833699,-118.314387
3745-HRPHI,Yuba City,95993,39.075694,-121.70606
3746-EUBYR,Fallbrook,92028,33.362575,-117.299644
3748-FVMZZ,Oakland,94610,37.808731,-122.238708
3750-CKVKH,Clearlake Oaks,95423,39.07116,-122.598542
3750-RNQKR,Alameda,94501,37.774633,-122.274434
3750-YHRYO,Glendora,91741,34.14649,-117.849815
3751-KTZEL,Yorkville,95494,38.888351,-123.239647
3752-CQSJI,San Anselmo,94960,37.99272,-122.575026
3753-TSEMP,San Diego,92139,32.677716,-117.047666
3754-DXMRT,San Pablo,94806,37.980269,-122.342635
3755-JBMNH,Huntington Beach,92648,33.679659,-118.016195
3756-VNWDH,Pasadena,91101,34.146635,-118.139225
3757-NJYBX,Nipomo,93444,35.050345,-120.489599
3758-CKOQL,Valyermo,93563,34.39583,-117.734568
3761-FLYZI,Los Angeles,90011,34.00709,-118.258681
3763-GCZHZ,Hathaway Pines,95233,38.184914,-120.364085
3764-MNMOI,Boulevard,91905,32.677097,-116.304991
3765-JXVKY,Paynes Creek,96075,40.343213,-121.815412
3766-EJLFL,Mill Creek,96061,40.331975,-121.460674
3768-NLUBH,Torrance,90503,33.840399,-118.353714
3768-VHXQO,Redondo Beach,90278,33.873395,-118.37019
3769-MHZNV,Salyer,95563,40.89866,-123.539754
3771-PZOBW,Solvang,93463,34.624399,-120.137875
3774-VBNXY,Hawaiian Gardens,90716,33.830431,-118.074071
3776-EKTKM,Burbank,91501,34.188339,-118.300942
3777-XROBG,Echo Lake,95721,38.851842,-120.076204
3778-FOAQW,San Diego,92127,33.017518,-117.118456
3779-OSWCF,Dillon Beach,94929,38.24458,-122.956268
3780-DDGSE,Shoshone,92384,35.924252,-116.188668
3780-YVMFA,Long Beach,90803,33.760458,-118.129725
3785-KTYSH,Mission Hills,91345,34.266389,-118.459744
3785-NRHYR,Bridgeport,93517,38.184583,-119.286558
3786-WOVKF,Anaheim,92807,33.848733,-117.788357
3787-TRIAL,San Ardo,93450,35.996008,-120.85305
3791-LGQCY,Loomis,95650,38.809175,-121.171375
3793-MMFUH,Davis,95618,38.544002,-121.685559
3794-NFNCH,Bella Vista,96008,40.722733,-122.109666
3795-CAWEX,Whitmore,96096,40.637105,-121.906949
3795-GWTRD,Los Angeles,90048,34.072945,-118.37267
3796-ENZGF,The Sea Ranch,95497,38.696659,-123.436861
3797-FKOGQ,Canoga Park,91303,34.19829,-118.602203
3797-VTIDR,San Jose,95121,37.304681,-121.809955
3798-EPWRR,Beverly Hills,90212,34.062095,-118.401508
3799-ISUZQ,California Hot Springs,93207,35.865795,-118.69759
3800-LYTRK,Point Reyes Station,94956,38.060264,-122.830646
3801-HMYNL,Brooks,95606,38.809804,-122.241383
3803-KMQFW,Brea,92821,33.930199,-117.862898
3804-RVTGV,Mountain View,94043,37.419725,-122.062947
3806-DXQOM,Baker,92309,35.28952,-116.092214
3806-YAZOV,Lagunitas,94938,38.021772,-122.691744
3807-BPOMJ,Dobbins,95935,39.381174,-121.21191
3807-XHCJH,Fish Camp,93623,37.483535,-119.679414
3808-HFKDE,Alhambra,91801,34.090925,-118.128164
3810-DVDQQ,Shasta Lake,96019,40.692523,-122.369876
3810-PJUHR,Morongo Valley,92256,34.097863,-116.594561
3811-VBYBZ,Lytle Creek,92358,34.238162,-117.534306
3812-LRZIR,Desert Hot Springs,92240,33.948558,-116.516976
3813-DHBBB,Cedarville,96104,41.505916,-120.152505
3814-MLAXC,Hayward,94545,37.62984,-122.120843
3815-SLMEF,Avenal,93204,35.916943,-120.129921
3823-KYNQY,Van Nuys,91406,34.195685,-118.490752
3824-RHKVR,Fullerton,92833,33.877639,-117.961212
3831-YCPUO,Glencoe,95232,38.358464,-120.579304
3834-XUIFC,Long Beach,90814,33.771612,-118.143866
3836-FZSDJ,Fresno,93720,36.878709,-119.7645
3838-OZURD,Somes Bar,95568,41.444606,-123.471895
3841-CONLJ,Morro Bay,93442,35.369553,-120.763864
3841-NFECX,Los Angeles,90033,34.050198,-118.210946
3842-IYKUE,San Leandro,94579,37.687264,-122.15728
3842-QTGDL,Walnut Creek,94595,37.862128,-122.075197
3845-FXCYS,Long Barn,95335,38.109125,-120.078597
3845-JHAMY,Inverness,94937,38.099323,-122.945723
3847-BAERP,Bass Lake,93604,37.458367,-119.345011
3850-OKINF,Pasadena,91106,34.139402,-118.128658
3853-LYGAM,Meadow Vista,95722,39.003358,-121.022539
3855-ONCAR,Arcadia,91006,34.137319,-118.029837
3858-VOBET,San Diego,92117,32.825086,-117.199424
3858-XHYJO,San Gabriel,91776,34.089927,-118.095645
3859-CVCET,Lindsay,93247,36.205465,-119.085807
3863-IUBJR,Oakland,94607,37.80707,-122.297401
3863-QSTYI,Mission Viejo,92691,33.611945,-117.665867
3865-QBWSJ,Courtland,95615,38.311609,-121.554034
3865-YIOTT,San Francisco,94110,37.750021,-122.415201
3865-ZFZIB,Los Angeles,90077,34.102084,-118.451629
3865-ZYKAD,Sacramento,95831,38.494832,-121.529447
3866-MDTUB,Los Angeles,90017,34.052842,-118.264495
3870-MQAMG,Camp Nelson,93208,36.057458,-118.591951
3870-SPZSI,Wilton,95693,38.392559,-121.225093
3871-IKPYH,Camarillo,93010,34.227846,-119.079903
3873-NFTGI,Fresno,93703,36.768774,-119.762633
3873-WOSBC,Catheys Valley,95306,37.394411,-120.127262
3874-EQOEP,Long Beach,90804,33.783047,-118.1486
3877-JRJIP,Hawthorne,90250,33.914775,-118.348083
3878-AVSOQ,La Jolla,92037,32.853743,-117.25034
3882-IYOIJ,Yorba Linda,92886,33.897253,-117.792202
3884-HCSWG,Camptonville,95922,39.432127,-121.099287
3884-UEBXB,Diamond Springs,95619,38.683605,-120.811852
3886-CERTZ,Fullerton,92831,33.879983,-117.895482
3887-PBQAO,Hermosa Beach,90254,33.86532,-118.396336
3889-VWBID,Antelope,95843,38.715498,-121.363411
3890-RTCMS,Millville,96062,40.531257,-122.148139
3891-NLXJB,San Jose,95131,37.387027,-121.897775
3891-PUQOD,Los Angeles,90063,34.044271,-118.185237
3892-NXAZG,Downieville,95936,39.578792,-120.780786
3893-JRNFS,Palmdale,93550,34.536232,-118.082935
3896-RCYYE,Atwater,95301,37.321233,-120.656354
3896-ZVNET,Gerber,96035,40.03194,-122.176023
3898-BSJYF,Herlong,96113,40.198234,-120.18089
3898-GUYTS,Ravendale,96123,40.845738,-120.322219
3900-AQPHZ,Pearblossom,93553,34.445239,-117.894868
3902-FOIGH,Doyle,96109,40.012675,-120.101857
3902-MIVLE,Whittier,90601,34.007353,-118.033683
3904-UKFRE,Stockton,95205,37.965695,-121.260051
3908-BLSYF,Los Altos,94024,37.352911,-122.093002
3908-MKIMJ,Mount Shasta,96067,41.33832,-122.290756
3910-MRQOY,Orick,95555,41.336354,-124.044354
3911-RSNHI,Rocklin,95765,38.823278,-121.281856
3913-FCUUW,Hanford,93230,36.29223,-119.622676
3913-RDSJZ,Los Angeles,90019,34.049841,-118.33846
3914-FDRHP,Warner Springs,92086,33.323705,-116.626907
3915-ODIYG,Cotati,94931,38.326215,-122.718742
3916-NRPAP,Escalon,95320,37.818543,-121.006907
3920-HIHMQ,Scotts Valley,95066,37.070177,-122.010077
3923-CSIHK,Herald,95638,38.313447,-121.123886
3926-CUQZX,Campo,91906,32.673483,-116.472863
3926-YZVVX,Sacramento,95841,38.660442,-121.346321
3927-NLNRY,Long Barn,95335,38.109125,-120.078597
3930-ZGWVE,Stanton,90680,33.801869,-117.995068
3932-CMDTD,Foothill Ranch,92610,33.698728,-117.67768
3932-IJWDZ,Willits,95490,39.492046,-123.375818
3933-DQPWX,Barstow,92311,34.965648,-117.001509
3934-HXCFZ,Pinecrest,95364,38.224869,-119.755729
3935-TBRZZ,Twentynine Palms,92278,34.457829,-116.139589
3936-QQFLL,Calimesa,92320,33.982787,-117.057627
3938-YFPXD,Janesville,96114,40.294034,-120.512622
3941-XTSKM,Burnt Ranch,95527,40.854512,-123.450097
3943-KDREE,Los Angeles,90010,34.062125,-118.315709
3945-GFWQL,San Jose,95113,37.333851,-121.891147
3946-JEWRQ,Sherman Oaks,91403,34.147149,-118.463365
3946-MHCZW,Ontario,91761,34.035602,-117.591528
3948-FVVRP,Santa Maria,93455,34.818227,-120.418784
3948-KXDUF,Los Gatos,95033,37.160194,-121.945611
3948-XHGNA,San Diego,92117,32.825086,-117.199424
3950-VPYJB,Chester,96020,40.243494,-121.154733
3951-NJCVI,Cathedral City,92234,33.829583,-116.474131
3955-JBZZM,Hermosa Beach,90254,33.86532,-118.396336
3956-CJUST,San Francisco,94115,37.786031,-122.437301
3956-MGXOG,Modesto,95350,37.671806,-121.007575
3957-HHLMR,Aguanga,92536,33.482243,-116.827173
3957-LXOLK,Shingletown,96088,40.497441,-121.827524
3957-SQXML,Los Angeles,90068,34.137411,-118.328915
3961-SXAXY,Thousand Oaks,91362,34.191842,-118.822796
3963-RYFNS,Venice,90291,33.991782,-118.479229
3966-HRMZA,Bishop,93514,37.04584,-118.397236
3967-KXAPS,Los Angeles,90061,33.92128,-118.274186
3967-VQOGC,Leggett,95585,39.873371,-123.741474
3969-GYXEL,Berkeley,94708,37.897743,-122.263124
3969-JQABI,Palo Alto,94303,37.45809,-122.115398
3970-XGJDU,West Hills,91307,34.199787,-118.68493
3973-SKMLN,Carlsbad,92008,33.148116,-117.306043
3976-BWUCK,San Diego,92130,32.957195,-117.202542
3976-HXHCE,Belvedere Tiburon,94920,37.885629,-122.46858
3976-NLDEZ,Mira Loma,91752,33.999992,-117.535395
3977-QCRSL,Warner Springs,92086,33.323705,-116.626907
3978-YNKDD,Culver City,90232,34.019323,-118.391902
3981-QSVQI,Bakersfield,93305,35.391733,-118.984109
3982-DQLUS,Sunland,91040,34.282704,-118.312929
3982-JGSFD,Madera,93638,37.004068,-119.930027
3982-XWFZQ,Denair,95316,37.524721,-120.757977
3985-HOYPM,Washington,95986,39.34128,-120.786867
3987-KQDDU,Sonoma,95476,38.25485,-122.461799
3988-RQIXO,Corona Del Mar,92625,33.600987,-117.862734
3990-QYKBE,La Canada Flintridge,91011,34.234912,-118.153729
3992-YWPKO,Atwater,95301,37.321233,-120.656354
3995-WFCSM,San Jacinto,92582,33.806708,-117.02007
3996-ZNWYK,Sacramento,95832,38.445939,-121.496855
3999-QGRJH,Ballico,95303,37.4695,-120.672724
3999-WRNGR,Soda Springs,95728,39.279068,-120.414275
4000-VGMQP,Pollock Pines,95726,38.733908,-120.453416
4001-TSBTV,Sacramento,95827,38.549185,-121.328386
4002-BQWPQ,Crockett,94525,38.049292,-122.228415
4003-FUSHP,Santa Cruz,95060,36.993451,-122.098858
4003-OCTMP,Tracy,95376,37.680968,-121.446049
4006-HKYHO,Bakersfield,93311,35.16207,-119.194488
4007-NHVHI,Rio Linda,95673,38.688764,-121.457596
4009-ALQFH,Groveland,95321,37.902968,-119.667544
4010-YLMVT,Yucaipa,92399,34.04597,-117.011825
4011-ARPHK,Norwalk,90650,33.905963,-118.08263
4012-YCFAI,Riverside,92508,33.885499,-117.324959
4012-ZTHBR,Kneeland,95549,40.664483,-123.865325
4013-GUXND,Lancaster,93534,34.727529,-118.153098
4013-TLDHQ,Berkeley,94704,37.871416,-122.246597
4013-UBXWQ,Fallbrook,92028,33.362575,-117.299644
4016-BJKTZ,San Jose,95136,37.270938,-121.851046
4018-KJYUY,Courtland,95615,38.311609,-121.554034
4018-PPNDW,California City,93505,35.151491,-117.927597
4020-KIUDI,Los Angeles,90044,33.952714,-118.292061
4021-RQSNY,Moreno Valley,92555,33.907361,-117.109972
4023-RTIQM,Redcrest,95569,40.363446,-123.835041
4024-CSNBY,Mount Hamilton,95140,37.382909,-121.634151
4026-SKKHW,Dillon Beach,94929,38.24458,-122.956268
4029-HPFVY,San Francisco,94118,37.781304,-122.461522
4030-VPZBD,Comptche,95427,39.239818,-123.565432
4032-RMHCI,Fall River Mills,96028,41.017282,-121.468945
4039-HEUNW,Irvine,92620,33.716136,-117.752574
4039-PIMHX,San Diego,92102,32.716007,-117.117462
4043-MKDTV,Rancho Mirage,92270,33.763678,-116.429928
4049-ZPALD,Forest Falls,92339,34.067699,-116.903891
4054-CUMIA,San Miguel,93451,35.886767,-120.608661
4056-QHXHZ,Goleta,93117,34.489983,-120.091246
4057-FKCZK,Prather,93651,37.007238,-119.505661
4059-IIEBK,Ojai,93023,34.581308,-118.931948
4060-LDNLU,Diamond Bar,91765,33.992416,-117.807874
4061-UKJWL,San Francisco,94102,37.7795,-122.419233
4062-HBMOS,Redding,96003,40.677649,-122.29467
4063-EIKNQ,Canyon Country,91351,34.422519,-118.420717
4065-JJAVA,Oakland,94605,37.758019,-122.138678
4067-HLYQI,Colton,92324,34.030915,-117.273201
4070-OKWVH,Mira Loma,91752,33.999992,-117.535395
4072-IPYLT,Randsburg,93554,35.405722,-117.773354
4074-SJFFA,San Francisco,94122,37.760412,-122.484966
4075-JFPGR,Rancho Cucamonga,91730,34.10097,-117.57882
4075-WKNIU,Bell,90201,33.970343,-118.171368
4077-CROMM,Modesto,95350,37.671806,-121.007575
4077-HWUYD,Modesto,95354,37.639029,-120.964772
4078-SAYYN,Burbank,91502,34.177267,-118.31003
4079-ULGFR,Paicines,95043,36.525703,-120.952122
4079-VTGLK,Riverside,92501,33.994676,-117.372498
4079-WWQQQ,San Francisco,94116,37.74441,-122.486764
4080-IIARD,Los Angeles,90047,33.958149,-118.308441
4080-OGPJL,San Pedro,90731,33.736387,-118.284363
4081-DYXAV,San Jose,95125,37.294926,-121.894763
4083-BFNYK,Acton,93510,34.501452,-118.207862
4083-EUGRJ,Oceanside,92057,33.254497,-117.285879
4086-ATNFV,Hawaiian Gardens,90716,33.830431,-118.074071
4086-WITJG,Los Angeles,90007,34.027337,-118.28515
4086-YQSNZ,Glencoe,95232,38.358464,-120.579304
4088-YLDSU,Redwood City,94062,37.410567,-122.297152
4090-KPJIP,Anaheim,92806,33.83796,-117.870494
4091-TVOCN,Potrero,91963,32.619465,-116.593605
4092-OFQZS,Manhattan Beach,90266,33.889632,-118.39737
4094-NSEDU,Temecula,92592,33.507255,-117.029473
4097-YODCF,Fawnskin,92333,34.274846,-116.937581
4098-NAUKP,Oceano,93445,35.059695,-120.604741
4102-HLENU,Auburn,95603,38.912881,-121.082766
4102-OQUPX,Sheep Ranch,95250,38.244806,-120.417301
4104-PVRPS,Rialto,92376,34.109775,-117.378904
4106-HADHQ,Emigrant Gap,95715,39.23754,-120.720196
4109-CYRBD,Menifee,92584,33.653338,-117.178271
4110-PFEUZ,Daggett,92327,34.875144,-116.821698
4111-BNXIF,Rancho Cucamonga,91739,34.133809,-117.523724
4112-LUEIZ,La Palma,90623,33.850504,-118.039892
4114-QMKVN,Surfside,90743,33.728273,-118.085304
4115-BNPJY,National City,91950,32.67102,-117.095235
4115-NZRKS,San Diego,92102,32.716007,-117.117462
4115-UMJFQ,West Hills,91307,34.199787,-118.68493
4116-IQRFR,Cressey,95312,37.420273,-120.66527
4116-TZAQJ,Culver City,90230,33.993991,-118.39704
4118-CEVPF,Redwood City,94062,37.410567,-122.297152
4119-ZYPZY,Glendale,91204,34.136306,-118.26036
4121-AGSIN,Ben Lomond,95005,37.078873,-122.090386
4123-DVHPH,Orinda,94563,37.873916,-122.20522
4123-FCVCB,Pinon Hills,92372,34.459322,-117.629729
4124-MMETB,Lockwood,93932,35.989792,-121.055933
4128-ETESU,Pasadena,91101,34.146635,-118.139225
4129-LYCOI,Guinda,95637,38.830739,-122.196202
4130-MZLCC,Temple City,91780,34.101608,-118.055848
4132-KALRO,Davis Creek,96108,41.750354,-120.403885
4132-POCZS,West Point,95255,38.41935,-120.469545
4134-BSXLX,Riverside,92507,33.976328,-117.319786
4135-FRWKJ,Santa Monica,90404,34.026334,-118.474222
4137-BTIKL,Daggett,92327,34.875144,-116.821698
4137-JOPHL,Inglewood,90302,33.975332,-118.355252
4138-NAXED,Joshua Tree,92252,34.167236,-116.281511
4139-DETXS,Needles,92363,34.711224,-114.702256
4139-JPIAM,Geyserville,95441,38.731771,-123.064272
4139-SUGLD,Santa Clara,95054,37.393554,-121.965114
4140-MUHUG,Oak View,93022,34.404544,-119.302118
4140-WJAWW,Los Angeles,90071,34.052917,-118.255178
4143-HHPMK,Mission Hills,91345,34.266389,-118.459744
4143-OOBWZ,Fresno,93726,36.793601,-119.761131
4145-UQXUQ,Berkeley,94710,37.872902,-122.303708
4146-SVFUD,Modesto,95351,37.621458,-121.012295
4154-AQUGT,San Diego,92130,32.957195,-117.202542
4159-NAAIX,Saratoga,95070,37.257772,-122.051824
4160-AMJTL,Fellows,93224,35.215731,-119.57013
4163-HFTUK,Oxnard,93033,34.156629,-119.117218
4163-KIUHY,Los Angeles,90006,34.048013,-118.293953
4163-NCJAK,Palm Desert,92260,33.694501,-116.412711
4174-LPGTI,Beaumont,92223,33.946982,-116.977672
4176-FXYBO,Whittier,90603,33.945318,-117.992066
4176-RELJR,Elmira,95625,38.349195,-121.902943
4177-JPDFU,Redcrest,95569,40.363446,-123.835041
4178-EGMON,Prather,93651,37.007238,-119.505661
4182-BGSIQ,Durham,95938,39.607831,-121.777959
4183-MYFRB,Los Angeles,90021,34.029043,-118.239504
4183-WCSEP,Weaverville,96093,40.759401,-122.939337
4184-TJFAN,Berkeley,94707,37.897753,-122.279391
4184-VODJZ,Forks Of Salmon,96031,41.232128,-123.194748
4186-ZBUEW,Compton,90221,33.885811,-118.206459
4187-CINZD,Lakewood,90712,33.840524,-118.148403
4188-FRABG,Sunland,91040,34.282704,-118.312929
4188-PCPIG,Valencia,91354,34.457005,-118.573726
4189-NAKJS,Murphys,95247,38.147852,-120.440124
4190-MFLUW,San Diego,92121,32.898613,-117.202937
4191-XOVOM,Oakland,94611,37.828416,-122.216005
4192-GORJT,Fremont,94555,37.555473,-122.080312
4193-IBKSW,San Pedro,90731,33.736387,-118.284363
4193-ORFCL,North Hollywood,91606,34.187599,-118.387125
4194-FJARJ,Albany,94706,37.890274,-122.295192
4194-WHFCB,Aromas,95004,36.878364,-121.629781
4195-NZGTA,Valencia,91354,34.457005,-118.573726
4195-PNGZS,Irvine,92620,33.716136,-117.752574
4195-SMMNX,Hydesville,95547,40.557314,-124.081662
4198-VFOEA,Stanford,94305,37.424342,-122.165641
4199-QHJNM,Bass Lake,93604,37.458367,-119.345011
4201-JMNGR,Lucerne Valley,92356,34.508417,-116.856103
4203-QGNZA,Los Angeles,90021,34.029043,-118.239504
4208-UFFGW,Byron,94514,37.83323,-121.601461
4210-QFJMF,Fallbrook,92028,33.362575,-117.299644
4211-MMAZN,Vacaville,95688,38.419088,-122.024568
4213-HKBJO,Martinez,94553,38.014457,-122.115432
4220-TINQT,Raisin City,93652,36.594542,-119.905245
4223-BKEOR,San Bernardino,92411,34.122501,-117.320138
4223-WOZCM,Carmel,93923,36.460611,-121.852507
4226-KKDON,French Camp,95231,37.873283,-121.292034
4227-OJHAL,El Centro,92243,32.770393,-115.60915
4228-ZGYUW,San Francisco,94108,37.791998,-122.408653
4229-CZMLL,Salinas,93901,36.64152,-121.622188
4231-LZUYM,Larkspur,94939,37.937082,-122.532369
4232-JGKIY,Los Angeles,90011,34.00709,-118.258681
4234-XTNEA,Irvine,92606,33.703976,-117.824172
4236-UJPWO,Alviso,95002,37.449537,-121.994813
4236-XPXAV,Dunnigan,95937,38.931425,-121.946081
4237-CLSMM,Highland,92346,34.129677,-117.154277
4237-RLAQD,Callahan,96014,41.388397,-122.794636
4238-HFHSN,Elverta,95626,38.734997,-121.463719
4238-JSSWH,Porterville,93257,36.008958,-118.891593
4248-HCETZ,Sacramento,95814,38.584505,-121.491956
4248-QPAVC,San Diego,92130,32.957195,-117.202542
4250-FDVOU,Woodland,95695,38.71967,-121.862416
4250-WAROZ,Fresno,93701,36.749403,-119.787574
4250-ZBWLV,Olema,94950,38.052209,-122.775567
4254-QPEDE,Banning,92220,33.936298,-116.849577
4255-DDUOU,Casmalia,93429,34.866032,-120.536546
4256-ZWTZI,Morro Bay,93442,35.369553,-120.763864
4257-GAESD,Dinuba,93618,36.523619,-119.386868
4273-MBHYA,Desert Hot Springs,92241,33.832799,-116.250973
4274-DRSQT,Potrero,91963,32.619465,-116.593605
4274-OWWYO,Walnut Grove,95690,38.240419,-121.587535
4277-BWBML,Three Rivers,93271,36.413433,-118.854708
4277-PVRAN,Daly City,94014,37.691561,-122.445202
4277-UDIEF,Nuevo,92567,33.82769,-117.102244
4280-DLSHD,San Bernardino,92411,34.122501,-117.320138
4282-ACRXS,Covina,91723,34.084747,-117.886844
4282-MSACW,Tahoe City,96145,39.178337,-120.162806
4282-YMKNA,Biola,93606,36.798882,-120.019511
4283-FUTGF,El Sobrante,94803,37.963995,-122.288296
4283-IVYCI,Sacramento,95832,38.445939,-121.496855
4285-GYRQC,Newport Beach,92662,33.606336,-117.893042
4289-DTDKW,Madera,93637,36.902954,-120.194274
4290-BSXUX,Fields Landing,95537,40.726949,-124.217378
4291-HPAXL,Galt,95632,38.274451,-121.259201
4291-HYEBC,Weldon,93283,35.55647,-118.244914
4291-SHSBH,Modesto,95354,37.639029,-120.964772
4291-TPNFG,Raisin City,93652,36.594542,-119.905245
4291-YZODP,San Carlos,94070,37.497915,-122.267361
4293-ETKAP,Litchfield,96117,40.507272,-120.338228
4295-YURET,San Quentin,94964,37.942551,-122.491642
4298-OYIFC,Loyalton,96118,39.637471,-120.226338
4299-OPXEJ,Inglewood,90301,33.956445,-118.358634
4299-SIMNS,Temple City,91780,34.101608,-118.055848
4301-VVZKA,San Francisco,94123,37.800254,-122.436975
4302-ZYFEL,Belvedere Tiburon,94920,37.885629,-122.46858
4304-TSPVK,Tupman,93276,35.316263,-119.402559
4304-XUMGI,Moreno Valley,92557,33.970661,-117.255039
4307-KTUMW,Santa Barbara,93108,34.457541,-119.631072
4307-KWMXE,Llano,93544,34.500091,-117.765862
4310-KEDTB,Yuba City,95993,39.075694,-121.70606
4311-QTTAI,Van Nuys,91411,34.17847,-118.459472
4312-GVYNH,Westminster,92683,33.752591,-117.993661
4312-KFRXN,Bradley,93426,35.842889,-121.004862
4315-MURBD,San Bruno,94066,37.624436,-122.430661
4316-XCSLJ,Palo Alto,94301,37.444314,-122.149996
4317-VTEOA,Rowland Heights,91748,33.976753,-117.897367
4318-RAJVY,Encino,91436,34.152875,-118.486056
4320-QMLLA,Avery,95224,38.208336,-120.339938
4322-RCYMT,San Diego,92122,32.85723,-117.209774
4323-ELYYB,Likely,96116,41.266008,-120.490731
4323-OHFOW,Newhall,91321,34.370378,-118.504118
4323-SADQS,Concord,94521,37.971421,-121.971504
4324-AHJKS,Buttonwillow,93206,35.451402,-119.488413
4324-BZCKL,Paynes Creek,96075,40.343213,-121.815412
4325-NFSKC,Pacific Palisades,90272,34.079449,-118.548306
4328-VUFWD,Vallejo,94591,38.105733,-122.186338
4329-YPDDQ,Cazadero,95421,38.578807,-123.19338
4332-MUOEZ,Moreno Valley,92553,33.923149,-117.244933
4334-HOWRP,Cambria,93428,35.591387,-121.032256
4335-BSMJS,Sanger,93657,36.819628,-119.440414
4335-UPJSI,Aguanga,92536,33.482243,-116.827173
4338-EYCER,Carlotta,95528,40.497283,-123.93037
4342-HENTK,Garberville,95542,40.057784,-123.679461
4342-HFXWS,Santa Monica,90401,34.015481,-118.493231
4343-EJVQB,Mariposa,95338,37.526791,-119.99437
4349-GFQHK,Mentone,92359,34.103578,-117.04054
4350-ZTLPI,Van Nuys,91401,34.178483,-118.431791
4351-QLCSU,Quincy,95971,39.971228,-121.041166
4353-HYOJD,Monrovia,91016,34.1528,-118.000482
4355-CVPVS,California Hot Springs,93207,35.865795,-118.69759
4355-HBJHH,Waterford,95386,37.669516,-120.626964
4359-INNWN,Dunsmuir,96025,41.212695,-122.392067
4360-PNRQB,Yucca Valley,92284,34.159534,-116.425984
4360-QRAVE,Farmington,95230,37.956963,-120.863055
4361-BKAXE,Boulder Creek,95006,37.171727,-122.142961
4361-FEBGN,San Francisco,94131,37.746699,-122.442833
4361-JEIVL,Greenfield,93927,36.248708,-121.386617
4365-MSDYN,San Clemente,92672,33.429488,-117.609432
4366-CTOUZ,Bodega Bay,94923,38.377165,-123.037957
4367-NHWMM,Corte Madera,94925,37.924014,-122.511694
4367-NUYAO,Cupertino,95014,37.306612,-122.080621
4369-HTUIF,Pismo Beach,93449,35.165668,-120.655842
4369-NYSCF,Oakland,94606,37.792489,-122.244314
4373-MAVJG,San Diego,92117,32.825086,-117.199424
4373-VVHQL,Arroyo Grande,93420,35.176236,-120.483243
4374-YMUSQ,Lake Elsinore,92530,33.655421,-117.391751
4376-KFVRS,Barstow,92311,34.965648,-117.001509
4377-VDHYI,Patterson,95363,37.410236,-121.320337
4378-BZYFP,Fairfield,94533,38.287136,-122.02711
4378-MYPGO,Greenwood,95635,38.921333,-120.897718
4381-MHQDC,Solvang,93463,34.624399,-120.137875
4385-GZQXV,Ontario,91764,34.074087,-117.605618
4385-ZKVNW,San Francisco,94102,37.7795,-122.419233
4389-UEFCZ,Monte Rio,95462,38.471049,-123.015549
4390-KYULV,Piru,93040,34.432843,-118.730106
4391-LNRXK,Port Costa,94569,38.035707,-122.196821
4391-RESHN,Lemon Cove,93244,36.462671,-118.997291
4393-GEADV,Dulzura,91917,32.622999,-116.687855
4393-OBCRR,Bella Vista,96008,40.722733,-122.109666
4393-RYCRE,Macdoel,96058,41.769709,-121.92063
4395-PZMSN,San Gregorio,94074,37.331762,-122.341444
4396-KLSEH,Bakersfield,93311,35.16207,-119.194488
4397-FRLTA,Corona,92883,33.762351,-117.488725
4398-HSCJH,Los Angeles,90013,34.044639,-118.240413
4402-FTBXC,Hopland,95449,38.93706,-123.118111
4403-BWPAY,Los Angeles,90017,34.052842,-118.264495
4404-HIBDJ,San Jose,95131,37.387027,-121.897775
4412-YLTKF,Pico Rivera,90660,33.989524,-118.089299
4415-IJZTP,Los Angeles,90027,34.127194,-118.295647
4415-WNGVR,Daggett,92327,34.875144,-116.821698
4418-LZMSV,San Diego,92113,32.697098,-117.116587
4419-UJMUS,Wildomar,92595,33.617108,-117.253349
4422-QVIJA,Los Angeles,90035,34.051809,-118.383843
4423-JWZJN,Springville,93265,36.245926,-118.693138
4423-YLHDV,Los Angeles,90059,33.927254,-118.249826
4424-TKOPW,Crestline,92325,34.248061,-117.29028
4425-OWHWB,El Cajon,92019,32.785165,-116.862648
4429-WYGFR,Sacramento,95821,38.625096,-121.383658
4430-UZIPO,San Diego,92121,32.898613,-117.202937
4430-YHXGG,San Lorenzo,94580,37.676249,-122.132415
4431-EDMIQ,Sugarloaf,92386,34.243088,-116.830015
4432-ADRLB,Fallbrook,92028,33.362575,-117.299644
4433-JCGCG,San Diego,92129,32.961064,-117.134917
4439-JMPMT,Comptche,95427,39.239818,-123.565432
4439-YRNVD,Selma,93662,36.545322,-119.642281
4441-NIHPT,Freedom,95019,36.936228,-121.785559
4443-EMBNA,Castaic,91384,34.506627,-118.699048
4445-KWOKW,Potrero,91963,32.619465,-116.593605
4445-ZJNMU,Manhattan Beach,90266,33.889632,-118.39737
4446-BZKHU,Pleasant Hill,94523,37.95338,-122.076886
4450-DLLMH,Avalon,90704,33.391181,-118.421305
4450-MDZFX,Monrovia,91016,34.1528,-118.000482
4450-YOOHP,Sacramento,95818,38.556306,-121.495817
4451-RWASJ,Lagunitas,94938,38.021772,-122.691744
4452-QIIEB,Glendora,91740,34.119363,-117.855059
4452-ROHMO,San Diego,92128,33.000269,-117.072093
4455-BFSPD,Escondido,92027,33.141265,-116.967221
4456-RHSNB,San Bernardino,92401,34.105935,-117.2914
4458-KVRBJ,San Jose,95110,37.34667,-121.910019
4459-BBGHE,Descanso,91916,32.912664,-116.635387
4462-CYWMH,Lindsay,93247,36.205465,-119.085807
4464-JCOLN,Huron,93234,36.217864,-120.080117
4465-VDKIQ,Glendale,91201,34.17051,-118.289463
4468-KAZHE,Hughson,95326,37.5923,-120.853288
4468-YDOVK,Richmond,94805,37.941456,-122.320968
4471-KXAUH,Woody,93287,35.710244,-118.881679
4472-LVYGI,San Bernardino,92408,34.084909,-117.258107
4472-VESGY,Durham,95938,39.607831,-121.777959
4475-NVTLU,Paso Robles,93446,35.634222,-120.728341
4476-OSWTN,Witter Springs,95493,39.222323,-122.985488
4480-MBMLB,Los Angeles,90066,34.002028,-118.430656
4480-QQRHC,Hydesville,95547,40.557314,-124.081662
4482-EWFMI,Arcadia,91006,34.137319,-118.029837
4482-FTFFX,Penngrove,94951,38.325599,-122.642352
4484-CGXFK,El Dorado,95623,38.63153,-120.842609
4484-GLZOU,San Dimas,91773,34.102119,-117.815532
4486-EFAEB,Los Angeles,90002,33.949255,-118.246978
4487-ZYJZK,Los Gatos,95032,37.233034,-121.947427
4488-KQFDT,Lemon Grove,91945,32.733564,-117.033713
4488-PSYCG,Seiad Valley,96086,41.924174,-123.260788
4489-SNOJF,Deer Park,94576,38.554383,-122.474773
4495-LHSSK,Camp Nelson,93208,36.057458,-118.591951
4500-HKANN,Anaheim,92807,33.848733,-117.788357
4501-EQDRN,Montclair,91763,34.072121,-117.698319
4501-UYKBC,Igo,96047,40.524535,-122.647172
4501-VCPFK,Coachella,92236,33.680031,-116.171678
4503-BDXBD,Anaheim,92808,33.850452,-117.726668
4504-YOULA,Wilton,95693,38.392559,-121.225093
4505-EXZHB,Ducor,93218,35.846067,-119.004073
4508-OEBEY,Goleta,93117,34.489983,-120.091246
4510-HIMLV,La Habra,90631,33.940619,-117.9513
4510-PYUSH,Sylmar,91342,34.321621,-118.399841
4512-ZUIYL,Sunnyvale,94089,37.421633,-122.009613
4513-CXYIX,Lake Elsinore,92532,33.705836,-117.318204
4514-GFCFI,San Diego,92117,32.825086,-117.199424
4518-FZBSX,Coulterville,95311,37.722127,-120.110174
4521-WFJAI,Sacramento,95825,38.590035,-121.412455
4521-YEEHE,Anaheim,92805,33.830209,-117.906099
4522-AKYLR,Chino Hills,91709,33.942895,-117.725644
4522-XRWWI,Manton,96059,40.426679,-121.850421
4523-WXCEF,San Jose,95129,37.305622,-122.000887
4524-QCSSM,Encino,91436,34.152875,-118.486056
4525-VZCZG,Vernalis,95385,37.609095,-121.263381
4526-EXKKN,Rio Nido,95471,38.522328,-122.97932
4526-RMTLL,Maywood,90270,33.988572,-118.186565
4526-ZJJTM,San Mateo,94403,37.538309,-122.305109
4529-CKBCL,Ventura,93001,34.360261,-119.306383
4530-NDRKU,Auburn,95603,38.912881,-121.082766
4531-AUZNK,Oakland,94610,37.808731,-122.238708
4534-WGCIR,Covina,91723,34.084747,-117.886844
4536-PLEQY,Los Angeles,90058,34.001617,-118.222274
4537-CIBHB,Arvin,93203,35.116307,-118.817644
4537-DKTAL,Darwin,93522,36.319181,-117.593053
4538-WNTMJ,Isleton,95641,38.154823,-121.601358
4541-RMRLG,Hayward,94541,37.674002,-122.076796
4544-RXFMG,North San Juan,95960,39.423046,-120.984472
4546-FOKWR,Los Gatos,95032,37.233034,-121.947427
4547-FZJWE,Forest Falls,92339,34.067699,-116.903891
4547-KQRTM,Eldridge,95431,38.348884,-122.51699
4547-LYTDD,North Hollywood,91601,34.1692,-118.372498
4548-SDBKE,San Dimas,91773,34.102119,-117.815532
4549-ZDQYY,Torrance,90505,33.807882,-118.347957
4550-EVXNY,San Francisco,94115,37.786031,-122.437301
4550-VBOFE,Soulsbyville,95372,37.990574,-120.261821
4553-DVPZG,Daly City,94015,37.680844,-122.48131
4554-YGZIH,Summerland,93067,34.420998,-119.60137
4558-CGYCZ,San Fernando,91340,34.286131,-118.435969
4558-FANTW,Fair Oaks,95628,38.652065,-121.25441
4559-UWIHT,Atascadero,93422,35.453912,-120.69461
4560-WQAQW,Mount Laguna,91948,32.830852,-116.444601
4565-EVZMJ,San Diego,92128,33.000269,-117.072093
4565-NLZBV,Kneeland,95549,40.664483,-123.865325
4566-GOLUK,Rosemead,91770,34.065108,-118.082791
4566-NECEV,Palos Verdes Peninsula,90274,33.788208,-118.404955
4566-QVRRW,Witter Springs,95493,39.222323,-122.985488
4567-AKPIA,Canyon Dam,95923,40.171312,-121.120605
4568-KNYWR,Fullerton,92831,33.879983,-117.895482
4568-TTZRT,Auburn,95602,38.99003,-121.114408
4570-QHXHL,Santa Ana,92704,33.719869,-117.907063
4572-DVCGN,San Diego,92122,32.85723,-117.209774
4573-JKNAE,Los Angeles,90032,34.078821,-118.177576
4576-CSAJH,San Diego,92121,32.898613,-117.202937
4578-PHJYZ,Orland,95963,39.748037,-122.302169
4580-TMHJU,Avenal,93204,35.916943,-120.129921
4581-LNWUM,San Pablo,94806,37.980269,-122.342635
4581-SSPWD,Mountain View,94040,37.380662,-122.086022
4583-PARNH,Kerman,93630,36.727418,-120.123526
4584-LBNMK,Portola,96122,39.786755,-120.445626
4585-HETAI,Huntington Park,90255,33.97803,-118.217141
4587-NUKOX,Walnut,91789,34.018354,-117.85492
4587-VVTOX,Frazier Park,93222,34.907911,-119.234281
4588-YBNIB,Fremont,94539,37.516791,-121.899117
4589-IUAJB,Garden Grove,92843,33.764018,-117.931507
4592-IWTJI,Homewood,96141,39.117018,-120.212535
4597-ELFTS,Glendale,91206,34.162515,-118.203869
4597-NUCQV,Oakland,94601,37.776523,-122.219268
4598-XLKNJ,Inglewood,90303,33.936291,-118.332639
4598-ZADCK,Hopland,95449,38.93706,-123.118111
4603-JANFB,Glencoe,95232,38.358464,-120.579304
4607-CHPCA,San Martin,95046,37.084697,-121.606417
4608-LCIMN,Pismo Beach,93449,35.165668,-120.655842
4609-KNNWG,Dunnigan,95937,38.931425,-121.946081
4611-ANLQC,Castro Valley,94552,37.722727,-122.02157
4612-SSVHJ,Yermo,92398,35.013299,-116.834092
4612-THJBS,Terra Bella,93270,35.939068,-119.043666
4614-NUVZD,Anaheim,92807,33.848733,-117.788357
4615-PIVVU,Ludlow,92338,34.702766,-116.093376
4616-EWBNJ,Los Angeles,90042,34.11572,-118.192754
4616-ULAOA,Escondido,92029,33.079834,-117.134275
4619-EVPHY,Lamont,93241,35.245035,-118.905553
4622-YNKIJ,Norwalk,90650,33.905963,-118.08263
4623-ZKHLY,Ontario,91762,34.057256,-117.667677
4625-EWPTF,Pasadena,91104,34.165383,-118.123752
4625-LAMOB,Fresno,93705,36.78724,-119.827813
4625-XMOYM,Annapolis,95412,38.731055,-123.316553
4626-GYCZP,Eureka,95503,40.737431,-124.108897
4626-OZDTJ,Wildomar,92595,33.617108,-117.253349
4627-MIHJH,Stockton,95210,38.033219,-121.297433
4628-CTTLA,Sanger,93657,36.819628,-119.440414
4628-WQCQQ,Whittier,90603,33.945318,-117.992066
4629-NRXKX,El Monte,91731,34.079934,-118.046695
4631-OACRM,Lake Forest,92630,33.644849,-117.684254
4632-PAOYU,Anaheim,92808,33.850452,-117.726668
4632-XJMEX,Fresno,93650,36.841655,-119.797113
4633-MKHYU,San Diego,92109,32.787836,-117.232376
4634-JLRJT,Ontario,91764,34.074087,-117.605618
4635-EJYPD,Tomales,94971,38.240769,-122.901041
4636-JGAAI,San Jose,95120,37.186141,-121.843554
4636-OLWOE,Fortuna,95540,40.584991,-124.121504
4636-QRJKY,Idyllwild,92549,33.755039,-116.741796
4636-TVXVG,Woodacre,94973,38.005839,-122.638155
4640-UHDOS,Phelan,92371,34.441123,-117.537886
4641-FROLU,La Honda,94020,37.285677,-122.224165
4644-OBGFZ,San Francisco,94115,37.786031,-122.437301
4644-PIZRT,Long Barn,95335,38.109125,-120.078597
4646-QZXTF,San Juan Bautista,95045,36.810568,-121.503022
4647-MUZON,Port Hueneme,93041,34.110124,-119.100972
4647-XXZAM,Los Angeles,90037,34.002642,-118.287596
4648-YPBTM,Arcadia,91007,34.128284,-118.047732
4652-NNHNY,Fellows,93224,35.215731,-119.57013
4652-ODEVH,Dutch Flat,95714,39.197215,-120.83679
4654-DLAMQ,Warner Springs,92086,33.323705,-116.626907
4654-GGUII,Smartville,95977,39.176595,-121.291692
4654-ULTTN,Fillmore,93015,34.408161,-118.865111
4656-CAURT,Phillipsville,95559,40.184094,-123.745487
4657-FWVFY,Kings Beach,96143,39.246654,-120.029273
4658-HCOHW,Redwood Valley,95470,39.298065,-123.25211
4659-NZRUF,Oakland,94609,37.834341,-122.26437
4660-IRIBM,Crows Landing,95313,37.435664,-121.049056
4661-NJEUX,Portola Valley,94028,37.369709,-122.215844
4662-EKDPQ,San Diego,92121,32.898613,-117.202937
4664-NJCMS,San Francisco,94133,37.802071,-122.411004
4667-OHGKG,Summerland,93067,34.420998,-119.60137
4667-QONEA,Los Angeles,90064,34.037251,-118.423573
4670-TABXH,Hawthorne,90250,33.914775,-118.348083
4671-LXRDQ,Salyer,95563,40.89866,-123.539754
4671-VJLCL,Los Angeles,90046,34.108455,-118.362081
4672-FOTSD,Dorris,96023,41.949216,-122.050062
4673-KKSLS,Oakland,94605,37.758019,-122.138678
4674-HGNUA,Petrolia,95558,40.274302,-124.210902
4676-MQUEA,Laguna Beach,92651,33.570023,-117.773669
4676-WLUHT,Darwin,93522,36.319181,-117.593053
4678-DVQEO,Bass Lake,93604,37.458367,-119.345011
4680-KUTAJ,Beverly Hills,90212,34.062095,-118.401508
4682-BLBUC,La Crescenta,91214,34.239636,-118.245259
4683-WYDOU,Rancho Palos Verdes,90275,33.753146,-118.367459
4685-ERGHK,Gasquet,95543,41.867908,-123.794144
4685-TFLLS,Spreckels,93962,36.624641,-121.647195
4686-GEFRM,Pioneertown,92268,34.201108,-116.593456
4686-UXDML,Cutler,93615,36.497895,-119.285484
4690-LLKUA,San Diego,92130,32.957195,-117.202542
4690-PKDQG,San Diego,92102,32.716007,-117.117462
4692-NNQRU,Cloverdale,95425,38.801936,-122.938935
4693-VWVBO,Valley Springs,95252,38.156971,-120.849231
4694-PHWFW,San Francisco,94105,37.789168,-122.395009
4695-VADHF,Oakland,94606,37.792489,-122.244314
4695-WJZUE,Irvine,92606,33.703976,-117.824172
4697-LUPSU,Grover Beach,93433,35.120833,-120.61843
4698-KVLLG,San Quentin,94964,37.942551,-122.491642
4700-UBQMV,Stockton,95206,37.902422,-121.440029
4701-AHWMW,Susanville,96130,40.559177,-120.612113
4701-LKOZD,Foresthill,95631,39.031876,-120.811141
4701-MLJPN,Fresno,93702,36.739385,-119.753649
4702-HDRKD,Knights Landing,95645,38.875508,-121.765866
4702-IOQDC,Gustine,95322,37.147198,-121.120161
4703-MQYKT,Escondido,92025,33.081478,-117.033814
4704-ERYFC,Knights Landing,95645,38.875508,-121.765866
4706-AXVKM,Stevenson Ranch,91381,34.364153,-118.615583
4706-DGAHW,California Hot Springs,93207,35.865795,-118.69759
4707-MAXGU,Canyon Country,91351,34.422519,-118.420717
4707-YNOQA,Burnt Ranch,95527,40.854512,-123.450097
4709-LKHYG,Tarzana,91356,34.157137,-118.548511
4710-FDUIZ,Santa Ana,92707,33.714829,-117.872941
4710-NKCAW,El Cajon,92019,32.785165,-116.862648
4712-AUQZO,Pinole,94564,37.996462,-122.293716
4712-UYOOI,Santa Cruz,95060,36.993451,-122.098858
4713-LZDRV,Malibu,90263,34.037037,-118.705803
4713-ZBURT,Brisbane,94005,37.684694,-122.40712
4716-HHKQH,Pomona,91767,34.083086,-117.737997
4716-MRVEN,Parlier,93648,36.622237,-119.521126
4717-GHADL,Callahan,96014,41.388397,-122.794636
4718-DHSMV,Llano,93544,34.500091,-117.765862
4718-WXBGI,Twain Harte,95383,38.107441,-120.230625
4719-UMSIY,Lake Arrowhead,92352,34.2565,-117.19335
4720-VSTSI,Monterey Park,91754,34.050322,-118.147037
4723-BEGSG,Corona,92881,33.833686,-117.513063
4724-WXVWF,Earp,92242,34.137742,-114.36514
4726-DLWQN,Live Oak,95953,39.258746,-121.77697
4727-MCYZG,Union City,94587,37.59485,-122.051521
4729-XKASR,San Jose,95123,37.238758,-121.828375
4730-AWNAU,Lower Lake,95457,38.925545,-122.549083
4732-RRJZC,Bridgeville,95526,40.372532,-123.525626
4735-ASGMA,Carnelian Bay,96140,39.227434,-120.091806
4735-BJKOU,Los Angeles,90039,34.110845,-118.259595
4737-AQCPU,Los Angeles,90022,34.02381,-118.156582
4737-HOBAX,Penngrove,94951,38.325599,-122.642352
4741-WWJQZ,Forestville,95436,38.499302,-122.92444
4742-DRORA,Mecca,92254,33.543835,-115.993906
4742-TXUEX,Rialto,92376,34.109775,-117.378904
4745-LSPLO,San Diego,92111,32.805518,-117.169052
4747-LCAQL,Los Angeles,90037,34.002642,-118.287596
4749-OJKQU,San Jose,95132,37.424655,-121.74841
4749-VFKVB,Inverness,94937,38.099323,-122.945723
4750-UKWJK,Gilroy,95020,37.03889,-121.528955
4750-ZRXIU,Palo Alto,94304,37.386978,-122.177746
4751-ERMAN,Gazelle,96034,41.411315,-122.697236
4753-PADAS,Bieber,96009,41.083464,-121.107929
4759-PXTAN,Potter Valley,95469,39.408634,-123.045516
4759-TRPLW,Long Beach,90822,33.778436,-118.118648
4760-THGOT,San Jose,95134,37.42765,-121.945416
4760-XOHVN,Myers Flat,95554,40.267158,-123.805913
4763-PGDPO,Sacramento,95831,38.494832,-121.529447
4765-OXPPD,Ventura,93003,34.279221,-119.221437
4767-HZZHQ,Redondo Beach,90277,33.830453,-118.384565
4770-QAZXN,Tomales,94971,38.240769,-122.901041
4770-UEZOX,Fallbrook,92028,33.362575,-117.299644
4774-HHGGS,Janesville,96114,40.294034,-120.512622
4776-XSKYQ,Laguna Hills,92653,33.606899,-117.717854
4778-IZARL,New Cuyama,93254,34.956577,-119.750142
4779-ZGICK,Los Angeles,90057,34.061918,-118.277939
4781-ZXYGU,Sausalito,94965,37.848641,-122.515692
4782-OSFXZ,Lodi,95242,38.128087,-121.4078
4785-FCIFB,Forest Falls,92339,34.067699,-116.903891
4785-NKHCX,O Neals,93645,37.140104,-119.657092
4785-QRJHC,San Francisco,94132,37.722302,-122.491129
4786-UKSNZ,Clayton,94517,37.881842,-121.848111
4789-KWMXN,Tuolumne,95379,37.939768,-120.188002
4791-QRGMF,Miranda,95553,40.210895,-123.86
4795-KTRTH,San Diego,92122,32.85723,-117.209774
4795-UXVCJ,Gonzales,93926,36.52588,-121.396719
4795-WRNVT,Pomona,91768,34.067932,-117.785168
4797-AXPXK,Lompoc,93436,34.601055,-120.382917
4797-MIWUM,Goleta,93117,34.489983,-120.091246
4800-CZMPC,Delano,93215,35.772244,-119.209689
4800-VHZKI,San Diego,92122,32.85723,-117.209774
4801-JZAZL,Angelus Oaks,92305,34.1678,-116.86433
4801-KFYKL,Granada Hills,91344,34.291273,-118.505104
4803-AXVYP,Butte City,95920,39.449794,-121.936372
4803-LBYPN,Orange,92868,33.787796,-117.875928
4804-NCPET,Clearlake,95422,38.965804,-122.631779
4806-DXQCE,Santa Monica,90404,34.026334,-118.474222
4806-HIPDW,Calimesa,92320,33.982787,-117.057627
4806-KEXQR,Lockeford,95237,38.166791,-121.14207
4807-IZYOZ,North Palm Springs,92258,33.906496,-116.569499
4808-YNLEU,Maywood,90270,33.988572,-118.186565
4811-JBUVU,Sherman Oaks,91423,34.146957,-118.432138
4813-HQMGZ,Ducor,93218,35.846067,-119.004073
4815-GBTCD,Wishon,93669,37.287758,-119.548156
4815-TUMEQ,Lynwood,90262,33.923573,-118.200669
4815-YOSUK,Aliso Viejo,92656,33.571259,-117.731917
4816-JBHOV,Los Angeles,90044,33.952714,-118.292061
4816-LXZYW,Long Beach,90810,33.819814,-118.222416
4816-OKWNX,Los Angeles,90034,34.030578,-118.399613
4817-KEQSP,Temecula,92592,33.507255,-117.029473
4817-QRJSX,Clovis,93612,36.814539,-119.711868
4817-VYYWS,Silverado,92676,33.782346,-117.635263
4818-DRBQT,Farmersville,93223,36.29878,-119.201028
4818-QIUFN,Desert Hot Springs,92241,33.832799,-116.250973
4819-HJPIW,Avery,95224,38.208336,-120.339938
4821-SJHJV,Calipatria,92233,33.143826,-115.497485
4821-WQOYN,Little River,95456,39.245911,-123.77214
4822-LPTYJ,Los Angeles,90021,34.029043,-118.239504
4822-NGOCH,Sacramento,95831,38.494832,-121.529447
4822-RVYBB,Berkeley,94704,37.871416,-122.246597
4822-YCXMX,Fresno,93705,36.78724,-119.827813
4824-GUCBY,San Francisco,94127,37.736535,-122.45732
4825-FUREZ,San Jose,95148,37.339533,-121.777179
4825-XJGDM,Mccloud,96057,41.251322,-122.105209
4826-DXMUP,Mountain View,94041,37.388349,-122.075299
4826-TZEVA,O Neals,93645,37.140104,-119.657092
4826-XTSOH,Moss Landing,95039,36.863303,-121.781632
4827-DPADN,Los Angeles,90032,34.078821,-118.177576
4827-LTQRJ,Shasta,96087,40.617614,-122.512861
4827-USJHP,Glendale,91208,34.195386,-118.238508
4828-FAZPK,Inglewood,90301,33.956445,-118.358634
4829-AUOAX,Los Angeles,90014,34.043144,-118.251977
4829-ZLJTK,Penngrove,94951,38.325599,-122.642352
4830-FAXFM,Korbel,95550,40.7666,-123.80458
4831-EOBFE,Mountain Ranch,95246,38.264262,-120.515133
4832-VRBMR,Parker Dam,92267,34.273872,-114.192901
4833-QTJNO,Coulterville,95311,37.722127,-120.110174
4835-YSJMR,Ceres,95307,37.553469,-120.952825
4836-WNFNO,Los Angeles,90032,34.078821,-118.177576
4837-PZTIC,Torrance,90504,33.867257,-118.330794
4837-QUSFT,Oakley,94561,37.999406,-121.686241
4840-ORQXB,Sierra Madre,91024,34.168686,-118.057505
4844-JJWUY,San Francisco,94121,37.776718,-122.495781
4846-WHAFZ,Whittier,90602,33.972119,-118.020188
4847-QNOKA,Modesto,95355,37.672906,-120.946594
4847-TAJYI,Chula Vista,91911,32.607964,-117.059459
4849-PYRLQ,Fremont,94536,37.572273,-121.964583
4851-BQDNX,Oxnard,93035,34.18454,-119.224666
4853-OITSN,Oakland,94606,37.792489,-122.244314
4853-RULSV,Miramonte,93641,36.696759,-119.024051
4854-CIDCF,Los Angeles,90065,34.108833,-118.229715
4854-SSLTN,Torrance,90502,33.833181,-118.292062
4855-SNKMY,Los Angeles,90024,34.066303,-118.435479
4859-ZSRDZ,Vacaville,95687,38.333133,-121.920151
4860-IJUDE,Ripon,95366,37.750778,-121.13238
4860-YZGZM,San Jose,95128,37.316146,-121.936285
4868-AADLV,Durham,95938,39.607831,-121.777959
4869-EPIUS,San Rafael,94901,37.972662,-122.491452
4871-JTKJF,Selma,93662,36.545322,-119.642281
4872-JCVCA,Desert Hot Springs,92241,33.832799,-116.250973
4872-VXRIL,Lancaster,93536,34.741406,-118.38111
4873-ILOLJ,Sunol,94586,37.587494,-121.862856
4877-EVATK,Elk,95432,39.108252,-123.645121
4877-TSOFF,Morongo Valley,92256,34.097863,-116.594561
4878-BUNFV,Oakland,94621,37.750553,-122.197175
4879-GZLFH,Buena Park,90621,33.874224,-117.993368
4881-GQJTW,Taylorsville,95983,40.053684,-120.743116
4881-JVQOD,Oxnard,93030,34.223244,-119.18012
4883-KCPZJ,Deer Park,94576,38.554383,-122.474773
4883-QICIH,Bodega Bay,94923,38.377165,-123.037957
4884-LEVMQ,Valley Springs,95252,38.156971,-120.849231
4884-TVUQF,Occidental,95465,38.415003,-122.998726
4884-ZTHVF,Santa Cruz,95065,37.031404,-121.981865
4890-VMUAV,Alpine,91901,32.827184,-116.703729
4891-NLUBA,Paynes Creek,96075,40.343213,-121.815412
4892-VLANZ,Colusa,95932,39.273096,-122.050763
4893-GYUJU,Oregon House,95962,39.342587,-121.249833
4895-TMWIR,San Diego,92122,32.85723,-117.209774
4896-CPRPF,Valley Ford,94972,38.339996,-122.935056
4897-QSUYC,Amboy,92304,34.559882,-115.637164
4900-MSOMT,Carnelian Bay,96140,39.227434,-120.091806
4902-OHLSK,Half Moon Bay,94019,37.45567,-122.407992
4903-CNOZC,La Canada Flintridge,91011,34.234912,-118.153729
4903-UYAVB,Lathrop,95330,37.80821,-121.308401
4905-JEFDW,Palo Alto,94306,37.416159,-122.131337
4906-ZHGPK,Los Angeles,90046,34.108455,-118.362081
4908-XAXAY,Buttonwillow,93206,35.451402,-119.488413
4909-JOUPP,Tahoma,96142,39.061227,-120.179546
4910-AQFFX,Soulsbyville,95372,37.990574,-120.261821
4910-GMJOT,San Francisco,94129,37.797526,-122.464531
4911-BANWH,Sunland,91040,34.282704,-118.312929
4912-PIGUY,Perris,92571,33.828289,-117.201666
4913-EHYUI,Alpaugh,93201,35.869626,-119.498771
4915-BFSXL,Mount Hermon,95041,37.051166,-122.056194
4918-FYJNT,Los Angeles,90063,34.044271,-118.185237
4918-QLLIW,Santa Monica,90405,34.005439,-118.477507
4919-IKATY,San Diego,92126,32.886925,-117.152162
4919-MOAVT,Pasadena,91103,34.167465,-118.165327
4922-CVPDX,Westminster,92683,33.752591,-117.993661
4923-ADWXJ,Igo,96047,40.524535,-122.647172
4925-LMHOK,Stockton,95212,38.049457,-121.21653
4926-UMJZD,Mt Baldy,91759,34.231318,-117.662032
4927-WWOOZ,Pacific Grove,93950,36.618337,-121.926417
4929-BSTRX,Oxnard,93030,34.223244,-119.18012
4929-ROART,Ukiah,95482,39.134075,-123.23422
4929-XIHVW,Los Angeles,90034,34.030578,-118.399613
4931-TRZWN,Hornbrook,96044,41.962127,-122.527696
4933-BSAIP,Northridge,91324,34.238208,-118.55029
4933-IKULF,Pinon Hills,92372,34.459322,-117.629729
4936-YPJNK,Rosamond,93560,34.903052,-118.411251
4937-QPZPO,Snelling,95369,37.521708,-120.426843
4939-KYYPY,Coleville,96107,38.42528,-119.475741
4940-KHCWD,Downey,90240,33.956228,-118.120993
4942-VZZOM,Tupman,93276,35.316263,-119.402559
4945-RVMTE,Blocksburg,95514,40.309088,-123.668201
4946-EDSEW,Compton,90221,33.885811,-118.206459
4947-DSMXK,Farmersville,93223,36.29878,-119.201028
4948-WBBKL,Dunnigan,95937,38.931425,-121.946081
4950-BDEUX,Apple Valley,92308,34.424926,-117.184503
4950-HKQTE,Morro Bay,93442,35.369553,-120.763864
4951-UKAAQ,Inglewood,90302,33.975332,-118.355252
4952-YSOGZ,San Diego,92129,32.961064,-117.134917
4955-VCWBI,Markleeville,96120,38.735789,-119.85798
4957-SREEC,Fallbrook,92028,33.362575,-117.299644
4957-TIALW,Corona,92880,33.918043,-117.617809
4957-TREIR,Stratford,93266,36.175255,-119.813805
4958-GZWIY,North Palm Springs,92258,33.906496,-116.569499
4958-XCBDQ,Victorville,92394,34.567058,-117.362329
4959-JOSRX,La Puente,91744,34.031441,-117.936436
4962-CHQPW,Greenville,95947,40.160386,-120.835428
4967-WPNCF,Huron,93234,36.217864,-120.080117
4971-PUYQO,San Diego,92109,32.787836,-117.232376
4973-MGTON,Topaz,96133,38.636052,-119.489162
4973-RLZVI,Hornbrook,96044,41.962127,-122.527696
4976-LNFVV,Daly City,94015,37.680844,-122.48131
4979-HPRFL,Garden Grove,92841,33.786738,-117.982564
4980-URKXC,Fort Irwin,92310,35.349241,-116.770281
4981-FLTMF,Springville,93265,36.245926,-118.693138
4983-CCWMC,Creston,93432,35.480896,-120.469476
4983-CLMLV,Escondido,92027,33.141265,-116.967221
4986-MXSFP,San Leandro,94579,37.687264,-122.15728
4987-GQWPO,Huntington Beach,92647,33.723579,-118.005441
4988-IQIGL,Canoga Park,91304,34.224377,-118.632656
4989-LIXVT,Santa Monica,90404,34.026334,-118.474222
4990-ALDGW,Los Angeles,90033,34.050198,-118.210946
4992-LTJNE,Cantua Creek,93608,36.488056,-120.407691
4993-JCRGJ,Holtville,92250,32.811001,-115.152865
4994-OBRSZ,Weed,96094,41.465121,-122.380947
4998-IKFSE,Phelan,92371,34.441123,-117.537886
4999-IEZLT,Susanville,96130,40.559177,-120.612113
5002-GCQFH,Hercules,94547,37.991259,-122.214945
5003-OKNNK,Hoopa,95546,41.163637,-123.704841
5003-XZWWO,Capistrano Beach,92624,33.458754,-117.665104
5006-MXVRN,Keyes,95328,37.555631,-120.911653
5010-IPEAQ,Escalon,95320,37.818543,-121.006907
5012-YSPJJ,Nubieber,96068,41.082472,-121.195215
5013-SBUIH,Stockton,95202,37.959706,-121.287669
5014-GSOUQ,Grass Valley,95945,39.194539,-120.988066
5014-WUQMG,Hornbrook,96044,41.962127,-122.527696
5016-ETTFF,Los Angeles,90016,34.028331,-118.354338
5016-IBERQ,Simi Valley,93063,34.296813,-118.685703
5016-LIPDW,Stanford,94305,37.424342,-122.165641
5018-GWURO,Novato,94949,38.067204,-122.524004
5018-HEKFO,Rowland Heights,91748,33.976753,-117.897367
5018-LXQQG,Torrance,90505,33.807882,-118.347957
5019-GQVCR,Westlake Village,91361,34.130992,-118.894673
5020-ZSTTY,San Diego,92122,32.85723,-117.209774
5022-JNQEQ,Esparto,95627,38.834469,-122.127193
5022-KVDQT,Woodland Hills,91364,34.153733,-118.593408
5025-GOOKI,San Geronimo,94963,38.00474,-122.663717
5027-QPKTE,Modesto,95350,37.671806,-121.007575
5027-XWQHA,Ukiah,95482,39.134075,-123.23422
5027-YOCXN,Cardiff By The Sea,92007,33.015866,-117.272254
5028-GZLDO,Moraga,94556,37.827946,-122.107185
5028-HTLJB,New Cuyama,93254,34.956577,-119.750142
5032-MIYKT,Weott,95571,40.310119,-123.909449
5032-USPKF,Indio,92203,33.752938,-116.230055
5035-BVCXS,Loyalton,96118,39.637471,-120.226338
5035-PGZXH,Chico,95926,39.745712,-121.84333
5038-ETMLM,Sacramento,95823,38.475465,-121.443625
5039-LZRQT,Mountain Center,92561,33.638645,-116.55783
5043-TRZWM,Los Angeles,90022,34.02381,-118.156582
5044-LRQAQ,Ladera Ranch,92694,33.569186,-117.640055
5044-XDPYX,Chico,95973,39.903272,-121.843567
5046-NUHWD,Hacienda Heights,91745,33.998471,-117.973758
5047-LHVLY,San Diego,92121,32.898613,-117.202937
5049-GLYVG,Badger,93603,36.64545,-118.924982
5049-MUBWG,Carmel By The Sea,93921,36.554618,-121.922239
5052-PNLOS,Echo Lake,95721,38.851842,-120.076204
5054-IEXZT,San Diego,92117,32.825086,-117.199424
5055-BRMNE,Friant,93626,37.027663,-119.69056
5055-MGMGF,Half Moon Bay,94019,37.45567,-122.407992
5056-FIMPT,Sacramento,95824,38.517295,-121.439819
5057-LCOUI,Nipomo,93444,35.050345,-120.489599
5057-RKGLH,Daggett,92327,34.875144,-116.821698
5060-TQUQN,Rancho Cucamonga,91701,34.132275,-117.611478
5061-PBXFW,San Jose,95129,37.305622,-122.000887
5062-CJJKH,Burbank,91505,34.174215,-118.345928
5063-IUOKK,Santa Barbara,93111,34.460197,-119.802602
5066-GFJMM,Eureka,95501,40.796621,-124.15428
5067-DGXLL,Alleghany,95910,39.467828,-120.841386
5067-WJEUN,Bakersfield,93308,35.559617,-118.925185
5067-XJQFU,Los Angeles,90067,34.057496,-118.413959
5071-FBJFS,Redding,96001,40.587919,-122.464732
5073-RZGBK,West Sacramento,95691,38.627951,-121.593287
5073-WXOYN,Belmont,94002,37.509366,-122.306132
5074-FBGHB,Freedom,95019,36.936228,-121.785559
5075-JSDKI,Woodbridge,95258,38.169605,-121.310964
5076-YVXCM,Tupman,93276,35.316263,-119.402559
5077-DXTCG,Challenge,95925,39.461768,-121.195825
5081-NWSUP,San Jose,95122,37.32886,-121.834567
5084-OOVCJ,Canyon Dam,95923,40.171312,-121.120605
5087-SUURX,Yorba Linda,92887,33.884073,-117.732197
5088-QZLRL,Corona,92881,33.833686,-117.513063
5089-IFSDP,Huntington Beach,92647,33.723579,-118.005441
5090-EMGTC,Beverly Hills,90210,34.099891,-118.414338
5091-HFAZW,Santa Fe Springs,90670,33.933565,-118.062611
5092-STPKP,Platina,96076,40.367964,-122.937379
5093-FEGLU,San Francisco,94105,37.789168,-122.395009
5095-AESKG,Sausalito,94965,37.848641,-122.515692
5095-ETBRJ,Lakeport,95453,39.080469,-122.955176
5099-BAILX,Santa Barbara,93101,34.419203,-119.710008
5103-MHMHY,Los Osos,93402,35.279984,-120.824288
5108-ADXWO,San Francisco,94130,37.820894,-122.369725
5110-CHOPY,Carlsbad,92009,33.098018,-117.258203
5115-GZDEL,Chula Vista,91911,32.607964,-117.059459
5115-SQAAU,Long Beach,90813,33.781086,-118.199049
5117-IFGPS,Tahoe City,96145,39.178337,-120.162806
5117-ZSMHQ,Pioneer,95666,38.546999,-120.271114
5118-MUEYH,Grand Terrace,92313,34.029175,-117.307211
5119-KEPFY,San Jose,95131,37.387027,-121.897775
5119-NZPTV,Sacramento,95823,38.475465,-121.443625
5120-ZBLAI,King City,93930,36.220761,-120.980777
5122-CYFXA,Beverly Hills,90212,34.062095,-118.401508
5124-EOGYE,Crestline,92325,34.248061,-117.29028
5125-CNDSP,Big Creek,93605,37.17277,-119.2997
5126-RCXYW,Alhambra,91803,34.074736,-118.145959
5127-BZENZ,Mcarthur,96056,41.10831,-121.360362
5129-HHMZC,Van Nuys,91401,34.178483,-118.431791
5129-JLPIS,Los Angeles,90016,34.028331,-118.354338
5130-IEKQT,San Francisco,94109,37.794487,-122.42227
5130-YPIRV,San Diego,92119,32.802959,-117.027095
5131-PONJI,Upper Lake,95485,39.220368,-122.907693
5133-POWUA,Somerset,95684,38.606703,-120.586659
5133-VRSAB,Olema,94950,38.052209,-122.775567
5134-IKDAY,Twain,95984,40.022184,-121.062384
5135-GRQJV,Cantua Creek,93608,36.488056,-120.407691
5135-RDDQL,Corning,96021,39.913777,-122.289984
5136-GFPMB,Spring Valley,91978,32.730264,-116.950963
5136-KCKGI,Templeton,93465,35.536115,-120.739231
5136-RGMZO,Gardena,90247,33.890853,-118.297967
5138-WVKYJ,San Diego,92129,32.961064,-117.134917
5140-FOMCQ,Oakland,94602,37.803883,-122.208417
5141-ZUVBH,Boron,93516,34.95703,-117.73045
5143-EGQFK,San Diego,92126,32.886925,-117.152162
5143-WMWOG,Stratford,93266,36.175255,-119.813805
5144-PQCDZ,Fairfield,94533,38.287136,-122.02711
5144-TVGLP,Los Angeles,90002,33.949255,-118.246978
5146-CBVOE,San Francisco,94134,37.721052,-122.413573
5146-YYFRZ,Hacienda Heights,91745,33.998471,-117.973758
5148-HKFIR,Piru,93040,34.432843,-118.730106
5148-ORICT,Olivehurst,95961,39.082568,-121.55325
5149-CUZUJ,Helendale,92342,34.757783,-117.33997
5149-QYTTU,Long Beach,90814,33.771612,-118.143866
5149-TGWDZ,San Francisco,94118,37.781304,-122.461522
5150-ITWWB,Hamilton City,95951,39.732767,-122.042298
5150-LJNSR,Tustin,92782,33.738543,-117.785046
5151-HQRDG,Placerville,95667,38.733714,-120.795213
5153-LXKDT,Danville,94506,37.791481,-121.903253
5153-RTHKF,Palm Springs,92264,33.745746,-116.514215
5154-VEKBL,Bodfish,93205,35.523991,-118.400432
5155-AZQPB,San Diego,92114,32.707892,-117.05512
5156-UMKOW,San Simeon,93452,35.746484,-121.223355
5158-RIVOP,Fields Landing,95537,40.726949,-124.217378
5159-YFPKQ,Moreno Valley,92551,33.88274,-117.224878
5160-UXJED,San Diego,92101,32.72523,-117.171346
5161-UBZXI,Alamo,94507,37.855717,-121.994813
5161-XEUVX,Lynwood,90262,33.923573,-118.200669
5167-GBFRE,Oakland,94602,37.803883,-122.208417
5167-ZFFMM,San Diego,92122,32.85723,-117.209774
5168-MQQCA,Yucaipa,92399,34.04597,-117.011825
5168-MSWXT,Essex,92332,34.9436,-115.287901
5170-PTRKA,Atherton,94027,37.454924,-122.203168
5171-EPLKN,Rancho Cucamonga,91739,34.133809,-117.523724
5172-MIGPM,Orange,92865,33.828779,-117.848299
5172-RKOCB,Piercy,95587,39.955587,-123.681175
5173-WXOQV,Dos Palos,93620,37.045728,-120.630682
5173-ZXXXL,Orange,92869,33.792791,-117.789749
5174-ITUMV,San Jacinto,92583,33.796568,-116.924723
5174-RNGBH,Live Oak,95953,39.258746,-121.77697
5175-AOBHI,Hamilton City,95951,39.732767,-122.042298
5175-WLYXL,Fallbrook,92028,33.362575,-117.299644
5176-LDKUH,San Francisco,94114,37.758085,-122.434801
5176-LMJXE,San Diego,92114,32.707892,-117.05512
5176-OLSKT,Sloughhouse,95683,38.470423,-121.114897
5177-RVZNU,Redding,96002,40.527834,-122.318749
5178-LMXOP,Gardena,90248,33.876482,-118.284077
5180-UCIIQ,Lucerne,95458,39.141934,-122.770679
5181-OABFK,Rescue,95672,38.724322,-120.991237
5183-KLYEM,El Cerrito,94530,37.924838,-122.289145
5183-SNMJQ,Frazier Park,93225,34.827662,-118.999073
5186-EJEGL,Escondido,92026,33.21846,-117.116916
5186-PEIZU,San Francisco,94124,37.731505,-122.384532
5186-SAMNZ,Marina,93933,36.689582,-121.758398
5188-HGMLP,Middletown,95461,38.787446,-122.58675
5192-EBGOV,Brea,92823,33.924143,-117.79387
5193-QLVZB,Bieber,96009,41.083464,-121.107929
5195-KPUNQ,Lakehead,96051,40.883853,-122.418258
5196-SGOAK,Caliente,93518,35.358953,-118.527064
5196-WPYOW,Paso Robles,93446,35.634222,-120.728341
5197-LQXXH,Taylorsville,95983,40.053684,-120.743116
5197-PYEPU,Edwards,93523,34.966777,-117.961179
5197-YPYBZ,Laguna Niguel,92677,33.529047,-117.701175
5198-EFNBM,Kingsburg,93631,36.478239,-119.52137
5198-HQAEN,Fremont,94538,37.505768,-121.962472
5199-FPUSP,Esparto,95627,38.834469,-122.127193
5201-CBWYG,Salton City,92275,33.28156,-115.955541
5201-FRKKS,Winnetka,91306,34.209532,-118.577563
5201-USSQZ,Monte Rio,95462,38.471049,-123.015549
5202-IVJNU,Crockett,94525,38.049292,-122.228415
5203-XEHAX,Macdoel,96058,41.769709,-121.92063
5204-HMGYF,La Crescenta,91214,34.239636,-118.245259
5204-QZXPU,Glendale,91205,34.13658,-118.245839
5206-HPJKM,Valencia,91354,34.457005,-118.573726
5206-XZZQI,Orange,92867,33.81859,-117.821288
5207-PLSTK,La Habra,90631,33.940619,-117.9513
5208-FVQKB,Lakeshore,93634,37.290606,-119.216328
5208-HFSBT,Challenge,95925,39.461768,-121.195825
5213-TWWJU,Richmond,94804,37.921034,-122.341798
5214-CHIWJ,Fresno,93728,36.757345,-119.818274
5214-NLTIT,Five Points,93624,36.397745,-120.119911
5215-LNLDJ,San Juan Bautista,95045,36.810568,-121.503022
5216-WASFJ,Challenge,95925,39.461768,-121.195825
5219-YIPTK,Trinidad,95570,41.162295,-124.027381
5220-AGAAX,Mendocino,95460,39.305545,-123.743697
5222-IMUKT,Hornitos,95325,37.479926,-120.230424
5222-JCXZT,Sacramento,95864,38.585826,-121.376263
5223-UZAVK,Thornton,95686,38.157794,-121.520223
5226-NOZFC,Modesto,95358,37.612612,-121.108568
5227-JSCFE,Scotts Valley,95066,37.070177,-122.010077
5228-EXCET,San Diego,92126,32.886925,-117.152162
5229-DTFYB,San Diego,92111,32.805518,-117.169052
5229-PRWKT,Lompoc,93437,34.757477,-120.550507
5231-FIQPA,Beverly Hills,90211,34.063947,-118.383001
5232-NXPAY,Hilmar,95324,37.394536,-120.890747
5233-AOZUF,Palm Springs,92262,33.839989,-116.659215
5233-GEEAX,Lewiston,96052,40.704293,-122.803899
5236-PERKL,Pearblossom,93553,34.445239,-117.894868
5236-XMZJY,Los Angeles,90031,34.085807,-118.206617
5240-CAOYT,Oak View,93022,34.404544,-119.302118
5240-IJOQT,Grass Valley,95949,39.099204,-121.137962
5242-UOWHD,Anaheim,92802,33.807864,-117.923782
5243-SAOTC,Bonsall,92003,33.290907,-117.202895
5244-IRFIH,San Diego,92129,32.961064,-117.134917
5245-VDBUR,Los Alamitos,90720,33.79499,-118.065591
5248-KWLAR,Niland,92257,33.345825,-115.596574
5248-RPYWW,Turlock,95382,37.529656,-120.854357
5248-YGIJN,Los Angeles,90031,34.085807,-118.206617
5249-QYHEX,Rancho Mirage,92270,33.763678,-116.429928
5256-SKJGO,Whittier,90603,33.945318,-117.992066
5260-UMPWX,Yorkville,95494,38.888351,-123.239647
5261-QSHQM,Temecula,92592,33.507255,-117.029473
5266-PFRQK,Orleans,95556,41.269521,-123.546958
5268-DSMNQ,Farmington,95230,37.956963,-120.863055
5269-NRGDP,Concord,94521,37.971421,-121.971504
5271-DBYSJ,Berkeley,94708,37.897743,-122.263124
5271-YNWVR,Santa Paula,93060,34.402343,-119.094824
5274-XHAKY,Compton,90222,33.912246,-118.236773
5275-PMFUT,Chualar,93925,36.596271,-121.442274
5275-SQEIZ,Ojai,93023,34.581308,-118.931948
5276-KQWHG,Woody,93287,35.710244,-118.881679
5277-ZLOOR,Applegate,95703,38.983388,-120.988814
5278-PNYOX,San Jose,95126,37.327069,-121.916819
5281-BUZGT,Weaverville,96093,40.759401,-122.939337
5285-MVEHD,Sunnyvale,94087,37.3511,-122.037311
5286-YHCVC,Laton,93242,36.444232,-119.718285
5287-QWLKY,Big Pine,93513,37.245505,-118.062943
5288-AHOUP,Palm Desert,92260,33.694501,-116.412711
5293-WXJAK,San Jose,95135,37.28682,-121.723877
5294-CDGWY,Long Beach,90802,33.752524,-118.210737
5294-DMSFH,Torrance,90503,33.840399,-118.353714
5294-IMHHT,Occidental,95465,38.415003,-122.998726
5295-PCJOO,Long Beach,90805,33.864622,-118.179626
5296-BFCYD,San Fernando,91340,34.286131,-118.435969
5296-PSYVW,Oceanside,92054,33.351059,-117.420557
5297-MDOIR,Monterey Park,91754,34.050322,-118.147037
5298-GSTLM,Sacramento,95817,38.550722,-121.457314
5299-RULOA,Whittier,90606,33.976678,-118.065875
5299-SJCZT,Ladera Ranch,92694,33.569186,-117.640055
5301-GAUUY,Newport Beach,92661,33.601309,-117.902304
5302-BDJNT,Sutter Creek,95685,38.432145,-120.77069
5304-EFJLP,Los Molinos,96055,40.059385,-122.091481
5306-BVTKJ,El Cajon,92020,32.79697,-116.969082
5307-DZCVC,Sacramento,95835,38.685069,-121.543709
5307-UVGNB,Compton,90220,33.88151,-118.234451
5309-TAIKL,Rio Linda,95673,38.688764,-121.457596
5310-NOOVA,Redwood Valley,95470,39.298065,-123.25211
5311-IHLEI,Sebastopol,95472,38.398815,-122.861923
5312-IRCFR,Nice,95464,39.12334,-122.838198
5312-TSZVC,Hyampom,96046,40.648024,-123.465088
5312-UXESG,Indio,92203,33.752938,-116.230055
5313-FPXWG,Three Rivers,93271,36.413433,-118.854708
5315-CKEQK,Castro Valley,94546,37.708327,-122.083473
5317-FLPJF,Altadena,91001,34.196837,-118.142236
5318-IXUZF,Redondo Beach,90277,33.830453,-118.384565
5318-YKDPV,Raymond,93653,37.252057,-119.95783
5320-BRKGK,Escondido,92027,33.141265,-116.967221
5321-NTRKC,Pebble Beach,93953,36.587497,-121.944815
5322-TEUJK,Duncans Mills,95430,38.445603,-123.063756
5322-ZSMZY,Lower Lake,95457,38.925545,-122.549083
5324-KTGCG,Emeryville,94608,37.83726,-122.287648
5325-UWTWJ,Berkeley,94707,37.897753,-122.279391
5327-CNLUQ,Paynes Creek,96075,40.343213,-121.815412
5327-XOKKY,Santa Maria,93458,34.95934,-120.490081
5329-KRDTM,Long Barn,95335,38.109125,-120.078597
5331-RGMTT,Point Arena,95468,38.911299,-123.609588
5334-AFQJB,Simi Valley,93065,34.269449,-118.768471
5334-JLAXU,French Camp,95231,37.873283,-121.292034
5336-UFNZP,Monterey Park,91755,34.049172,-118.115022
5337-IIWKZ,Sultana,93666,36.545353,-119.338535
5338-YHWYT,San Diego,92115,32.762506,-117.07245
5339-PXDVH,Clipper Mills,95930,39.562239,-121.14836
5339-TJFEK,Santa Rosa,95407,38.394091,-122.739814
5343-SGUBI,Concord,94518,37.950248,-122.022455
5345-BMKWB,San Francisco,94122,37.760412,-122.484966
5346-BZCHP,Earp,92242,34.137742,-114.36514
5348-CAGXB,Irvine,92614,33.680302,-117.833296
5349-AZPEW,San Diego,92131,32.89325,-117.087091
5349-IECLD,San Jose,95111,37.284265,-121.827673
5351-QESIO,San Diego,92122,32.85723,-117.209774
5353-WILCI,Stockton,95206,37.902422,-121.440029
5356-CSVSQ,La Verne,91750,34.144703,-117.770299
5356-KZCKT,Torrance,90503,33.840399,-118.353714
5356-RHIPP,Dinuba,93618,36.523619,-119.386868
5357-TZHPP,Wheatland,95692,39.043387,-121.409837
5360-LJCNJ,Tracy,95376,37.680968,-121.446049
5360-XGYAZ,Los Angeles,90040,33.994524,-118.149953
5364-EVNIB,Orange,92868,33.787796,-117.875928
5364-XYIRR,Los Angeles,90013,34.044639,-118.240413
5365-LLFYV,Penryn,95663,38.859093,-121.182872
5366-IJEQJ,San Diego,92109,32.787836,-117.232376
5366-OBVMR,Los Angeles,90027,34.127194,-118.295647
5370-IIVVL,Le Grand,95333,37.249377,-120.249581
5371-VYLSX,Long Beach,90814,33.771612,-118.143866
5372-FBKBN,San Jose,95111,37.284265,-121.827673
5373-SFODM,San Lucas,93954,36.125529,-120.864443
5375-XLDOF,Calipatria,92233,33.143826,-115.497485
5376-DEQCP,San Diego,92126,32.886925,-117.152162
5376-PCKNB,Montclair,91763,34.072121,-117.698319
5377-NDTOU,San Pedro,90732,33.744119,-118.31448
5378-IKEEG,Eagleville,96110,41.280341,-120.150381
5380-AFSSK,Bella Vista,96008,40.722733,-122.109666
5380-WJKOV,Los Angeles,90041,34.137412,-118.207607
5380-XPJNZ,San Francisco,94103,37.773147,-122.411287
5382-SOYZL,Concord,94519,37.990118,-122.012188
5382-TEMLV,Lindsay,93247,36.205465,-119.085807
5383-MMTWC,Oakley,94561,37.999406,-121.686241
5384-ZTTWP,Yuba City,95991,39.02741,-121.614982
5385-SUIRI,Delhi,95315,37.422961,-120.765493
5386-THSLQ,Santa Monica,90402,34.035849,-118.503508
5387-ASZNZ,Cressey,95312,37.420273,-120.66527
5389-FFVKB,Thousand Oaks,91360,34.214054,-118.88109
5392-AKEMH,Vista,92083,33.17494,-117.242761
5393-HJZSM,San Francisco,94129,37.797526,-122.464531
5393-RXQSZ,Taft,93268,35.184837,-119.402525
5394-MEITZ,Corona Del Mar,92625,33.600987,-117.862734
5394-SVGJV,Sacramento,95838,38.646096,-121.442433
5396-IZEPB,Summerland,93067,34.420998,-119.60137
5397-NSKQG,Los Altos,94022,37.349546,-122.134356
5397-TUPSH,Carson,90745,33.822295,-118.26411
5399-ZIMKF,San Simeon,93452,35.746484,-121.223355
5402-HTOTQ,Macdoel,96058,41.769709,-121.92063
5404-GGUKR,Santa Ynez,93460,34.630356,-120.032564
5405-ZMYXQ,Los Angeles,90019,34.049841,-118.33846
5406-KGRMX,Helm,93627,36.520537,-120.118055
5414-OFQCB,Hanford,93230,36.29223,-119.622676
5419-CONWX,Pleasant Grove,95668,38.833554,-121.498102
5419-JKZNQ,La Mesa,91941,32.759327,-116.99726
5419-JPRRN,Rough And Ready,95975,39.225634,-121.156163
5419-KLXBN,San Diego,92117,32.825086,-117.199424
5423-BHIXO,Pasadena,91103,34.167465,-118.165327
5424-RLQLC,Bonsall,92003,33.290907,-117.202895
5429-LWCMV,Gardena,90248,33.876482,-118.284077
5433-KYGHE,Avila Beach,93424,35.186644,-120.728305
5438-QMDDL,Campo Seco,95226,38.233879,-120.861666
5439-WIKXB,Newhall,91321,34.370378,-118.504118
5440-FLBQG,Santa Barbara,93110,34.437945,-119.77191
5440-VHLUL,Berkeley,94710,37.872902,-122.303708
5442-BHQNG,Brooks,95606,38.809804,-122.241383
5442-BXVND,San Diego,92117,32.825086,-117.199424
5442-PPTJY,Arcadia,91006,34.137319,-118.029837
5442-UTCVD,Pittsburg,94565,38.006047,-121.916834
5442-XSDCW,San Diego,92130,32.957195,-117.202542
5443-SCMKX,Newbury Park,91320,34.172071,-118.946262
5445-GLVOT,Greenbrae,94904,37.946617,-122.563571
5445-PZWGX,Travis Afb,94535,38.265899,-121.939461
5445-UTODQ,San Diego,92117,32.825086,-117.199424
5446-DKWYW,San Francisco,94103,37.773147,-122.411287
5447-VYTKW,Los Angeles,90064,34.037251,-118.423573
5447-WZAFP,Carlsbad,92008,33.148116,-117.306043
5448-VWNAM,Oroville,95966,39.473896,-121.415927
5449-FIBXJ,San Jose,95127,37.375156,-121.795867
5451-MHQOF,Los Angeles,90031,34.085807,-118.206617
5451-YHYPW,San Francisco,94129,37.797526,-122.464531
5453-AXEPF,San Jose,95134,37.42765,-121.945416
5453-YBTWV,Moreno Valley,92557,33.970661,-117.255039
5456-ITGIC,Loomis,95650,38.809175,-121.171375
5457-COLHT,San Francisco,94124,37.731505,-122.384532
5458-CQJTA,Smith River,95567,41.950683,-124.097094
5461-QKNTN,Catheys Valley,95306,37.394411,-120.127262
5465-BUBFA,El Nido,95317,37.127386,-120.506422
5468-BPMMO,Santa Cruz,95064,37.007882,-122.065975
5469-CTCWN,Arbuckle,95912,38.982373,-122.047751
5469-NUJUR,Zenia,95595,40.170357,-123.417298
5472-CVMDX,Bolinas,94924,37.943087,-122.72379
5473-KHBPS,Surfside,90743,33.728273,-118.085304
5474-LAMUQ,Los Angeles,90029,34.089953,-118.294824
5478-JJVZK,Fair Oaks,95628,38.652065,-121.25441
5480-HPRRX,Glendora,91740,34.119363,-117.855059
5480-TBGPH,Sacramento,95842,38.687367,-121.34848
5480-XTFFL,Mount Hermon,95041,37.051166,-122.056194
5481-NTDOH,Whittier,90603,33.945318,-117.992066
5482-NUPNA,Imperial,92251,32.858595,-115.662709
5482-PLVPE,Daly City,94014,37.691561,-122.445202
5482-VXSXJ,Tehama,96090,40.021787,-122.127576
5485-ITNPC,Le Grand,95333,37.249377,-120.249581
5485-WUYWF,Crockett,94525,38.049292,-122.228415
5493-SDRDQ,Angels Camp,95222,38.071327,-120.632221
5494-HECPR,Mi Wuk Village,95346,38.121601,-120.133915
5494-WOZRZ,Mission Viejo,92692,33.60693,-117.644253
5495-GPSRW,Joshua Tree,92252,34.167236,-116.281511
5498-IBWPI,Guadalupe,93434,34.936,-120.594655
5498-TXHLF,Whitmore,96096,40.637105,-121.906949
5499-ECUTN,Shafter,93263,35.490705,-119.286833
5501-TVMGM,Canby,96015,41.486953,-120.913975
5502-RLUYV,Milpitas,95035,37.441931,-121.878502
5504-WSIUR,Chula Vista,91914,32.688506,-116.938632
5505-OVWQW,Sacramento,95815,38.608405,-121.449942
5510-BOIUJ,Visalia,93277,36.303793,-119.375646
5512-IDZEI,Garden Grove,92841,33.786738,-117.982564
5514-YQENT,Rocklin,95765,38.823278,-121.281856
5515-AKOAJ,Hawaiian Gardens,90716,33.830431,-118.074071
5515-IDEJJ,San Diego,92126,32.886925,-117.152162
5515-RUGKN,Beverly Hills,90211,34.063947,-118.383001
5519-NPHVG,Klamath River,96050,41.816595,-122.948287
5519-TEEUH,Irvine,92604,33.688546,-117.788091
5519-YLDGW,Los Angeles,90071,34.052917,-118.255178
5520-FVEWJ,Santa Rosa,95405,38.439696,-122.668817
5522-JBWMO,Blythe,92225,33.674583,-114.71612
5522-NYKPB,Burney,96013,40.946785,-121.719489
5524-KHNJP,Glendale,91205,34.13658,-118.245839
5527-ACHSO,Orange,92865,33.828779,-117.848299
5529-GIBVH,Duncans Mills,95430,38.445603,-123.063756
5533-NHFRF,San Jose,95132,37.424655,-121.74841
5533-RJFTJ,Lemoore,93245,36.303666,-119.825657
5536-RTPWK,Sausalito,94965,37.848641,-122.515692
5536-SLHPM,Temecula,92592,33.507255,-117.029473
5537-UXXVS,Citrus Heights,95621,38.69549,-121.307864
5539-HIVAK,Friant,93626,37.027663,-119.69056
5539-TMZLF,Concord,94520,38.013825,-122.039144
5542-DHSXL,Butte City,95920,39.449794,-121.936372
5542-NKVRU,La Grange,95329,37.666587,-120.411517
5542-TBBWB,Lakeport,95453,39.080469,-122.955176
5543-QDCRY,San Francisco,94103,37.773147,-122.411287
5546-BYZSM,Oak View,93022,34.404544,-119.302118
5546-QUERU,Burbank,91506,34.169706,-118.323548
5549-ZGHFB,Glendale,91205,34.13658,-118.245839
5550-VFRLC,Moorpark,93021,34.312945,-118.858169
5552-ZNFSJ,Santa Rosa,95407,38.394091,-122.739814
5553-AOINX,Copperopolis,95228,37.943954,-120.67108
5555-RNPGT,Bloomington,92316,34.059722,-117.39104
5561-NWEVX,Hermosa Beach,90254,33.86532,-118.396336
5562-BETPV,San Andreas,95249,38.196497,-120.61689
5562-YJQGT,Encino,91316,34.150354,-118.518292
5564-NEMQO,Thermal,92274,33.53604,-116.119222
5565-FILXA,Escondido,92027,33.141265,-116.967221
5566-SOEZD,Madeline,96119,41.042003,-120.506086
5567-GZKQY,Porterville,93257,36.008958,-118.891593
5567-WSELE,Richmond,94801,37.945288,-122.383941
5568-DMXZS,San Diego,92124,32.827238,-117.089287
5569-IDSEY,Winters,95694,38.578604,-122.024579
5569-KGJHX,Canoga Park,91303,34.19829,-118.602203
5569-OUICF,San Diego,92109,32.787836,-117.232376
5570-PTWEH,Encinitas,92024,33.054579,-117.25665
5572-ZDXHY,Santa Rosa,95409,38.468893,-122.580539
5574-NXZIU,Los Alamos,93440,34.758699,-120.275839
5575-GNVDE,Los Angeles,90002,33.949255,-118.246978
5575-TPIZQ,Buellton,93427,34.631362,-120.238218
5577-OTWWW,San Jose,95120,37.186141,-121.843554
5578-NKCXI,South Gate,90280,33.944624,-118.192615
5583-EJXRD,San Diego,92127,33.017518,-117.118456
5583-SXDAG,Alhambra,91803,34.074736,-118.145959
5590-BYNII,Bayside,95524,40.825486,-124.049485
5590-YRFJT,Lompoc,93437,34.757477,-120.550507
5590-ZSKRV,Gardena,90249,33.90139,-118.315697
5593-SUAOO,Boonville,95415,39.025867,-123.381544
5597-GLBUC,Squaw Valley,93675,36.719141,-119.202677
5598-IKHQQ,Myers Flat,95554,40.267158,-123.805913
5599-HVLTW,Oakland,94609,37.834341,-122.26437
5600-KTXFM,Ventura,93004,34.278697,-119.167798
5600-PDUJF,Los Angeles,90047,33.958149,-118.308441
5602-BVFMK,Independence,93526,36.869584,-118.189241
5605-IYGFG,Thousand Palms,92276,33.849263,-116.382778
5605-XNWEN,Montebello,90640,34.015217,-118.109962
5606-AMZBO,Rosamond,93560,34.903052,-118.411251
5609-CEBID,Hemet,92544,33.644585,-116.871544
5609-IMCGG,Suisun City,94585,38.197907,-122.017258
5614-DNZCE,Wilseyville,95257,38.392686,-120.415951
5616-PRTNT,Desert Center,92239,33.889605,-115.257009
5619-PTMIK,Lemon Grove,91945,32.733564,-117.033713
5619-XZZKR,Santa Maria,93454,34.943523,-120.256729
5622-UEJFI,Duncans Mills,95430,38.445603,-123.063756
5624-BQSSA,Santa Cruz,95065,37.031404,-121.981865
5624-RYAMH,Citrus Heights,95610,38.69508,-121.271616
5626-MGTUK,Chatsworth,91311,34.294142,-118.603883
5627-TVBPP,Big Bear Lake,92315,34.242058,-116.89802
5628-FCGYG,Riverside,92509,34.004379,-117.447864
5628-RKIFK,Bloomington,92316,34.059722,-117.39104
5630-AHZIL,El Segundo,90245,33.917145,-118.401554
5630-IXDXV,Reedley,93654,36.636638,-119.421842
5639-NTUPK,Walnut Creek,94598,37.916648,-122.008483
5640-CAXOA,Auberry,93602,36.991762,-119.242874
5641-DMBFJ,Oregon House,95962,39.342587,-121.249833
5642-MHDQT,Mc Farland,93250,35.666886,-119.186717
5644-PDMZC,Delano,93215,35.772244,-119.209689
5647-FXOTP,Santa Ysabel,92070,33.174725,-116.743329
5647-URDKA,Alturas,96101,41.468877,-120.54229
5649-ANRML,Clipper Mills,95930,39.562239,-121.14836
5649-RXQTV,Alderpoint,95511,40.166028,-123.584144
5649-TJHOV,Davenport,95017,37.114335,-122.237162
5649-VUKMC,San Diego,92126,32.886925,-117.152162
5650-VDUDS,Kernville,93238,35.852892,-118.397782
5650-YLIBA,Lakeport,95453,39.080469,-122.955176
5651-CPDND,San Leandro,94578,37.704384,-122.126703
5651-CRHKQ,San Diego,92139,32.677716,-117.047666
5651-WYIPH,Vacaville,95688,38.419088,-122.024568
5651-YLPRD,Danville,94526,37.815459,-121.977203
5652-MSDEY,Sutter Creek,95685,38.432145,-120.77069
5655-JSMZM,Coalinga,93210,36.186867,-120.387793
5656-JAMLX,Greenbrae,94904,37.946617,-122.563571
5656-MJEFC,Victorville,92392,34.486835,-117.362274
5663-QBGIS,La Canada Flintridge,91011,34.234912,-118.153729
5666-CYCYZ,Montebello,90640,34.015217,-118.109962
5666-MBJPT,Bakersfield,93304,35.339796,-119.023552
5668-MEISB,Hacienda Heights,91745,33.998471,-117.973758
5669-SRAIP,Larkspur,94939,37.937082,-122.532369
5671-RQRLP,Fowler,93625,36.625792,-119.672483
5671-UUNXD,Nicasio,94946,38.065359,-122.665566
5673-FSSMF,Delhi,95315,37.422961,-120.765493
5673-TIYIB,Torrance,90502,33.833181,-118.292062
5676-CFLYY,Ahwahnee,93601,37.375816,-119.739935
5678-VFNEQ,Rocklin,95677,38.7904,-121.236973
5680-LQOGP,Twin Bridges,95735,38.805481,-120.13287
5681-LLOEI,Encino,91316,34.150354,-118.518292
5684-FJVYR,Lake Hughes,93532,34.659579,-118.584212
5685-IIXLY,Novato,94945,38.135897,-122.563683
5686-CMAWK,San Diego,92131,32.89325,-117.087091
5687-DKDTV,Bellflower,90706,33.887676,-118.127289
5688-KZTSN,San Diego,92121,32.898613,-117.202937
5692-FPTAH,Nicolaus,95659,38.788898,-121.608624
5692-ICXLW,Escondido,92027,33.141265,-116.967221
5693-PIPCS,National City,91950,32.67102,-117.095235
5696-CEIQJ,Riverside,92504,33.9108,-117.398153
5696-EXCYS,Hood,95639,38.375325,-121.507935
5696-JVVQY,Davis,95616,38.508735,-121.678813
5696-QURRL,Waterford,95386,37.669516,-120.626964
5697-GOMBF,Julian,92036,32.980678,-116.262854
5698-BQJOH,Beverly Hills,90211,34.063947,-118.383001
5699-BNCAS,Valley Center,92082,33.25283,-116.986079
5701-GUXDC,El Centro,92243,32.770393,-115.60915
5701-SVCWR,Laguna Niguel,92677,33.529047,-117.701175
5701-YVSVF,Fallbrook,92028,33.362575,-117.299644
5701-ZIKJE,Redcrest,95569,40.363446,-123.835041
5702-KVQRD,Topaz,96133,38.636052,-119.489162
5702-SKUOB,Fresno,93722,36.78979,-119.929894
5707-ORNDZ,Yuba City,95993,39.075694,-121.70606
5707-ZMDJP,Norwalk,90650,33.905963,-118.08263
5708-EVONK,Cassel,96016,40.936285,-121.572692
5709-LVOEQ,San Mateo,94401,37.590421,-122.306467
5712-AHQNN,Whittier,90601,34.007353,-118.033683
5712-PTIWW,Mcarthur,96056,41.10831,-121.360362
5712-VBOXD,Santa Barbara,93108,34.457541,-119.631072
5716-EZXZN,Surfside,90743,33.728273,-118.085304
5716-LIBJC,Winton,95388,37.421299,-120.599587
5724-BIDBU,Penn Valley,95946,39.203817,-121.19584
5726-CVNYA,Cutler,93615,36.497895,-119.285484
5727-MYATE,Van Nuys,91405,34.202494,-118.448048
5729-KLZAR,Sacramento,95817,38.550722,-121.457314
5730-DBDSI,June Lake,93529,37.730269,-119.055813
5730-RIITO,Willows,95988,39.493991,-122.286363
5732-IKGQH,Camarillo,93012,34.205504,-118.993111
5734-EJKXG,Goodyears Bar,95944,39.564113,-120.868836
5736-YEJAX,Hemet,92543,33.739415,-116.968339
5740-YHGTW,Los Angeles,90041,34.137412,-118.207607
5743-KHMNA,Berkeley,94705,37.858898,-122.240512
5747-PMBSQ,San Diego,92126,32.886925,-117.152162
5748-RNCJT,Sacramento,95820,38.53508,-121.444144
5751-USDBL,Soda Springs,95728,39.279068,-120.414275
5753-QQWPW,Aliso Viejo,92656,33.571259,-117.731917
5756-JYOJT,Santa Ana,92706,33.765893,-117.881533
5756-OZRIO,Riverside,92504,33.9108,-117.398153
5759-RCVCB,Orange,92869,33.792791,-117.789749
5760-FXFVO,Pleasant Grove,95668,38.833554,-121.498102
5760-IFJOZ,Richgrove,93261,35.809921,-119.127437
5760-WRAHC,Fontana,92336,34.136367,-117.460803
5762-TJXGK,Wheatland,95692,39.043387,-121.409837
5766-FTRTS,El Segundo,90245,33.917145,-118.401554
5766-XQXMQ,Princeton,95970,39.424957,-122.039307
5766-ZJYBB,Brisbane,94005,37.684694,-122.40712
5774-QPLTF,El Nido,95317,37.127386,-120.506422
5774-XZTQC,Lakewood,90715,33.841027,-118.078097
5777-KJIRB,Weimar,95736,39.00978,-120.978273
5777-ZPQNC,Covina,91724,34.08111,-117.853935
5778-BVOFB,Escondido,92027,33.141265,-116.967221
5780-INQIK,San Mateo,94401,37.590421,-122.306467
5781-BKHOP,Richmond,94801,37.945288,-122.383941
5781-RFZRP,Ladera Ranch,92694,33.569186,-117.640055
5787-KXGIY,Palo Alto,94303,37.45809,-122.115398
5788-YPOEG,Pebble Beach,93953,36.587497,-121.944815
5789-LDFXO,Baker,92309,35.28952,-116.092214
5791-KAJFD,Newport Beach,92662,33.606336,-117.893042
5792-JALQC,San Rafael,94901,37.972662,-122.491452
5793-YOLJN,Oro Grande,92368,34.647959,-117.296957
5795-BKOYE,Sacramento,95837,38.691607,-121.602284
5795-KTGUD,Ione,95640,38.33788,-120.954202
5797-APWZC,San Francisco,94105,37.789168,-122.395009
5799-JRCZO,North San Juan,95960,39.423046,-120.984472
5802-ADBRC,San Juan Capistrano,92675,33.521447,-117.602555
5803-NQJZO,Bakersfield,93305,35.391733,-118.984109
5804-HYIEZ,Winterhaven,92283,32.852947,-114.850784
5804-JMYIO,Glencoe,95232,38.358464,-120.579304
5804-LEPIM,San Diego,92122,32.85723,-117.209774
5808-TOTXO,Oakland,94605,37.758019,-122.138678
5811-IWXYM,Napa,94558,38.489789,-122.27011
5813-UECBU,Bridgeville,95526,40.372532,-123.525626
5815-HGGHV,Witter Springs,95493,39.222323,-122.985488
5816-JMLGY,Red Bluff,96080,40.186772,-122.388361
5816-QVHRX,San Leandro,94579,37.687264,-122.15728
5816-SCGFC,Fullerton,92835,33.902211,-117.914922
5820-PTRYM,Chula Vista,91913,32.64164,-116.985026
5821-MMEIL,Nipton,92364,35.478736,-115.516984
5825-XJOCM,Gazelle,96034,41.411315,-122.697236
5827-MWCZK,Boonville,95415,39.025867,-123.381544
5828-AVIPD,Sierraville,96126,39.559709,-120.345639
5828-DWPIL,Livermore,94550,37.571748,-121.659562
5829-NVSQN,Gonzales,93926,36.52588,-121.396719
5832-EXGTT,Burbank,91501,34.188339,-118.300942
5832-TRLPB,Milpitas,95035,37.441931,-121.878502
5832-XKAES,Sierraville,96126,39.559709,-120.345639
5834-ASPWA,San Diego,92117,32.825086,-117.199424
5835-BEQEU,Escondido,92027,33.141265,-116.967221
5837-LXSDN,Angwin,94508,38.542448,-122.419923
5839-SUYVZ,Orange,92868,33.787796,-117.875928
5840-NVDCG,Pacoima,91331,34.255442,-118.421314
5842-POCOP,Randsburg,93554,35.405722,-117.773354
5843-TTHGI,Sunnyvale,94086,37.378541,-122.020456
5844-QVTAT,Irvine,92620,33.716136,-117.752574
5845-BZZIB,Frazier Park,93222,34.907911,-119.234281
5846-ABOBJ,Los Angeles,90034,34.030578,-118.399613
5846-NEQVZ,Mission Viejo,92691,33.611945,-117.665867
5846-QFDFI,Pine Valley,91962,32.800671,-116.483363
5847-MXBEO,Helm,93627,36.520537,-120.118055
5848-FHRFC,Santa Monica,90405,34.005439,-118.477507
5849-ASHZJ,Palo Alto,94306,37.416159,-122.131337
5850-BDWCY,Los Angeles,90045,33.954017,-118.402447
5854-KSRBJ,San Clemente,92673,33.4725,-117.584273
5855-EIBDE,Orangevale,95662,38.689174,-121.218435
5857-TYBCJ,Dixon,95620,38.392821,-121.799917
5857-XRECV,Manteca,95336,37.830267,-121.201018
5858-EAFCZ,Rialto,92377,34.156758,-117.404686
5859-HZYLF,San Jose,95133,37.371862,-121.860349
5862-BRIXZ,Santa Maria,93458,34.95934,-120.490081
5863-OOKCL,Cayucos,93430,35.511833,-120.918713
5868-CZJDR,Linden,95236,38.047746,-121.030499
5868-YTYKS,Davenport,95017,37.114335,-122.237162
5868-YWPDW,Sherman Oaks,91423,34.146957,-118.432138
5871-DGTXZ,River Pines,95675,38.545775,-120.743325
5872-OEQNH,Carmichael,95608,38.626128,-121.328011
5875-YPQFJ,Fremont,94555,37.555473,-122.080312
5876-HZVZM,West Covina,91792,34.024405,-117.898722
5876-QMYLD,Earp,92242,34.137742,-114.36514
5879-HMFFH,Cassel,96016,40.936285,-121.572692
5879-SESNB,Moraga,94556,37.827946,-122.107185
5882-CMAZQ,National City,91950,32.67102,-117.095235
5883-GTGVD,Biola,93606,36.798882,-120.019511
5884-FBCTL,Shafter,93263,35.490705,-119.286833
5884-GCYMI,San Diego,92130,32.957195,-117.202542
5886-VLQVU,Grand Terrace,92313,34.029175,-117.307211
5887-IKKYO,Pomona,91768,34.067932,-117.785168
5889-JTMUL,Castaic,91384,34.506627,-118.699048
5889-LFOLL,Canby,96015,41.486953,-120.913975
5893-KCLGT,Sunland,91040,34.282704,-118.312929
5893-PYOLZ,San Leandro,94578,37.704384,-122.126703
5895-QSXOD,Alleghany,95910,39.467828,-120.841386
5896-NPFWW,San Diego,92129,32.961064,-117.134917
5897-ZYEKH,Lincoln,95648,38.922812,-121.312005
5898-IGSLP,Mountain View,94041,37.388349,-122.075299
5899-MQZZL,San Ysidro,92173,32.555828,-117.040073
5899-OUVKV,Sacramento,95821,38.625096,-121.383658
5902-WBLSE,Bonita,91902,32.67117,-117.00232
5906-BFOZT,Loleta,95551,40.665952,-124.240051
5906-CVLHP,Rowland Heights,91748,33.976753,-117.897367
5906-DVAPM,Meridian,95957,39.068071,-121.832638
5908-QMGOE,Fowler,93625,36.625792,-119.672483
5909-ECHUI,Oak Run,96069,40.689243,-122.037023
5913-INRQV,Upland,91786,34.105493,-117.660934
5914-DVBWJ,Riverside,92508,33.885499,-117.324959
5914-GXMDA,Lamont,93241,35.245035,-118.905553
5914-XRFQB,Caspar,95420,39.361283,-123.784599
5915-ANOEI,Corcoran,93212,36.04533,-119.532424
5915-DGNVC,Cambria,93428,35.591387,-121.032256
5916-QEWPT,Valley Village,91607,34.165783,-118.399795
5917-HBSDW,Mill Valley,94941,37.901371,-122.572024
5917-RYRMG,Jolon,93928,35.930782,-121.189757
5918-VUKWP,Pasadena,91104,34.165383,-118.123752
5919-TMRGD,Huntington Park,90255,33.97803,-118.217141
5919-VCZYM,Santa Ana,92707,33.714829,-117.872941
5921-NGYRH,Stonyford,95979,39.288127,-122.415841
5922-ABDVO,Seal Beach,90740,33.75462,-118.071128
5923-GXUOC,Fallbrook,92028,33.362575,-117.299644
5924-IFQTT,Crescent Mills,95934,40.080342,-120.957805
5924-SNGKP,Solana Beach,92075,33.001813,-117.263628
5928-QLDHB,San Fernando,91340,34.286131,-118.435969
5930-GBIWP,Doyle,96109,40.012675,-120.101857
5931-FLJJF,Midway City,92655,33.744439,-117.98588
5934-RMPOV,Pescadero,94060,37.22565,-122.297533
5934-TSSAU,Landers,92285,34.341737,-116.539416
5935-FCCNB,Downey,90242,33.921793,-118.140588
5937-EORGB,Five Points,93624,36.397745,-120.119911
5939-SXWHM,Millville,96062,40.531257,-122.148139
5939-XAIXZ,Birds Landing,94512,38.140719,-121.838298
5940-AHUHD,Pomona,91768,34.067932,-117.785168
5940-NFXKV,San Diego,92109,32.787836,-117.232376
5944-UGLLK,Cloverdale,95425,38.801936,-122.938935
5945-AZYHT,Antioch,94509,37.980057,-121.801599
5947-SGKCL,San Marino,91108,34.122671,-118.112911
5948-UJZLF,Los Angeles,90049,34.091829,-118.491244
5949-EBSQK,Sunset Beach,90742,33.719221,-118.073596
5949-HGVJL,Mccloud,96057,41.251322,-122.105209
5949-XIKAE,San Bernardino,92401,34.105935,-117.2914
5950-AAAGJ,Playa Del Rey,90293,33.947305,-118.439841
5951-AOFIH,San Jose,95122,37.32886,-121.834567
5954-BDFSG,West Hollywood,90069,34.093781,-118.381061
5955-EPOAZ,Livermore,94550,37.571748,-121.659562
5955-ERIHD,Lakewood,90712,33.840524,-118.148403
5956-VKDTT,Moreno Valley,92557,33.970661,-117.255039
5956-YHHRX,Pilot Hill,95664,38.803731,-121.043799
5959-BELXA,Yucaipa,92399,34.04597,-117.011825
5960-MVTUK,Grenada,96038,41.599978,-122.539381
5960-WPXQM,Temecula,92592,33.507255,-117.029473
5961-VUSRV,Sherman Oaks,91403,34.147149,-118.463365
5965-GGPRW,Hayward,94541,37.674002,-122.076796
5966-EMAZU,Fort Bidwell,96112,41.932207,-120.135941
5968-HYJRZ,Kerman,93630,36.727418,-120.123526
5968-VXZLG,Calabasas,91302,34.130861,-118.68346
5968-XQIVE,Temecula,92592,33.507255,-117.029473
5970-GHJAW,Irvine,92612,33.643095,-117.810896
5973-EJGDP,Palm Springs,92264,33.745746,-116.514215
5975-BAICR,Yountville,94599,38.421458,-122.365048
5976-JCJRH,Danville,94526,37.815459,-121.977203
5977-CKHON,Roseville,95678,38.759751,-121.288545
5980-BDHPY,Wendel,96136,40.345949,-120.081187
5980-NOPLP,Pasadena,91105,34.13946,-118.166649
5981-ITEMU,Marshall,94940,38.129308,-122.834815
5981-ZVXOT,San Diego,92131,32.89325,-117.087091
5982-FPVQN,Camarillo,93012,34.205504,-118.993111
5982-PSMKW,North Hollywood,91601,34.1692,-118.372498
5982-XMDEX,Arvin,93203,35.116307,-118.817644
5985-BEHZK,Santa Ana,92705,33.766004,-117.786763
5985-TBABQ,West Sacramento,95605,38.592745,-121.540036
5986-WWXDV,Salton City,92275,33.28156,-115.955541
5989-AXPUC,Garden Grove,92840,33.787165,-117.931889
5989-OMNJE,Windsor,95492,38.527297,-122.810044
5989-PGKJB,San Diego,92121,32.898613,-117.202937
5993-BQHEA,San Francisco,94111,37.801776,-122.402293
5993-JSUWV,Columbia,95310,38.085839,-120.37855
5995-LFTLE,Lower Lake,95457,38.925545,-122.549083
5995-OIGLP,Port Costa,94569,38.035707,-122.196821
5995-SNNEW,Whittier,90605,33.960891,-118.032222
5995-WWKKG,Running Springs,92382,34.186211,-117.07683
5996-DAOQL,Penngrove,94951,38.325599,-122.642352
5996-EBTKM,Lakeside,92040,32.909873,-116.906774
5996-NRVXR,Los Alamitos,90720,33.79499,-118.065591
5997-OPVFA,Montrose,91020,34.2112,-118.230625
5998-DZLYR,Sutter,95982,39.172777,-121.805845
5998-VVEJY,Glendora,91741,34.14649,-117.849815
5999-LCXAO,Orange,92866,33.784597,-117.844535
6000-APYLU,Valencia,91355,34.43987,-118.644609
6000-UKLWI,Sacramento,95842,38.687367,-121.34848
6005-OBZPH,San Diego,92126,32.886925,-117.152162
6007-TCTST,Salinas,93901,36.64152,-121.622188
6008-NAIXK,Pine Grove,95665,38.400264,-120.641274
6010-DDPPW,Newport Coast,92657,33.603282,-117.821841
6013-BHCAW,San Jose,95117,37.311088,-121.961786
6015-VVHHE,Los Angeles,90039,34.110845,-118.259595
6016-LVTJQ,Long Beach,90805,33.864622,-118.179626
6016-NXBNJ,Orange Cove,93646,36.633498,-119.298895
6017-PPLPX,Daly City,94014,37.691561,-122.445202
6022-KOUQO,Eagleville,96110,41.280341,-120.150381
6022-UGGSO,Citrus Heights,95610,38.69508,-121.271616
6023-GSSXW,Wofford Heights,93285,35.690535,-118.552784
6023-YEBUP,Stockton,95210,38.033219,-121.297433
6024-RUGGH,San Francisco,94112,37.720498,-122.443119
6029-CSMJE,Forest Ranch,95942,40.077028,-121.494168
6029-WTIPC,San Diego,92109,32.787836,-117.232376
6030-REHUX,Fountain Valley,92708,33.712036,-117.950113
6032-IGALN,Granite Bay,95746,38.749466,-121.184196
6032-KRXXO,San Diego,92130,32.957195,-117.202542
6034-YMTOB,Arcadia,91007,34.128284,-118.047732
6034-ZRYCV,Sacramento,95837,38.691607,-121.602284
6035-BXTTY,Rancho Santa Fe,92067,33.012751,-117.200617
6035-RIIOM,Janesville,96114,40.294034,-120.512622
6036-TTFYU,Thousand Oaks,91362,34.191842,-118.822796
6038-GCYEC,Palm Desert,92211,33.762759,-116.324817
6040-CGACY,Blairsden Graeagle,96103,39.783747,-120.661032
6047-SUHPR,Woodlake,93286,36.464635,-119.094348
6047-YHPVI,Los Angeles,90039,34.110845,-118.259595
6048-NJXHX,Apple Valley,92308,34.424926,-117.184503
6048-QBXKL,Madison,95653,38.674276,-121.961866
6048-UWKAL,Beale Afb,95903,39.125311,-121.392283
6050-FFXES,Garden Grove,92844,33.766476,-117.969795
6050-IJRHS,Chino Hills,91709,33.942895,-117.725644
6051-PTVNS,Bodfish,93205,35.523991,-118.400432
6060-DRTNL,San Jacinto,92583,33.796568,-116.924723
6060-QBMGV,Pasadena,91106,34.139402,-118.128658
6061-GWWAV,Fresno,93726,36.793601,-119.761131
6061-PQHMK,Los Angeles,90006,34.048013,-118.293953
6064-PUPMC,Loyalton,96118,39.637471,-120.226338
6064-ZATLR,Llano,93544,34.500091,-117.765862
6067-NGCEU,Topanga,90290,34.115192,-118.61017
6072-NUQCB,Villa Park,92861,33.817473,-117.810462
6075-QMNRR,Doyle,96109,40.012675,-120.101857
6075-SLNIL,Desert Center,92239,33.889605,-115.257009
6077-BDPXA,Merced,95340,37.255637,-120.493537
6078-VESFR,Vista,92084,33.22784,-117.200024
6080-LNESI,Hercules,94547,37.991259,-122.214945
6080-TCMYC,Rosemead,91770,34.065108,-118.082791
6082-GLJIX,Holtville,92250,32.811001,-115.152865
6082-OQFBA,Victorville,92394,34.567058,-117.362329
6086-ESGRL,Brea,92821,33.930199,-117.862898
6087-MVHJH,French Camp,95231,37.873283,-121.292034
6087-YPWHO,Raymond,93653,37.252057,-119.95783
6088-BXMRG,Cabazon,92230,33.929812,-116.76058
6092-QZVPP,Fresno,93704,36.799648,-119.801247
6094-ZIVKX,Inglewood,90302,33.975332,-118.355252
6096-EGVTU,San Jose,95120,37.186141,-121.843554
6097-EQISJ,Los Angeles,90058,34.001617,-118.222274
6100-FJZDG,Olema,94950,38.052209,-122.775567
6100-QQHEB,San Jose,95121,37.304681,-121.809955
6101-IMRMM,El Segundo,90245,33.917145,-118.401554
6103-BOCOU,San Francisco,94117,37.770533,-122.445121
6103-LIANB,Westminster,92683,33.752591,-117.993661
6103-QCKFX,Big Bar,96010,40.775272,-123.287414
6108-OQZDQ,Keene,93531,35.214982,-118.59049
6110-OHIHY,Burney,96013,40.946785,-121.719489
6112-KTHFQ,Loleta,95551,40.665952,-124.240051
6114-TCFID,Pismo Beach,93449,35.165668,-120.655842
6115-ZTBFQ,Alamo,94507,37.855717,-121.994813
6116-RFVHN,Roseville,95747,38.784329,-121.373245
6119-SPUDB,Woodland,95695,38.71967,-121.862416
6120-RJKLU,Sierra Madre,91024,34.168686,-118.057505
6121-TNHBO,Sacramento,95822,38.512569,-121.495184
6121-VZNQB,Bolinas,94924,37.943087,-122.72379
6122-EFVKN,San Diego,92123,32.808814,-117.134694
6122-LJADA,Lower Lake,95457,38.925545,-122.549083
6124-ACRHJ,San Mateo,94403,37.538309,-122.305109
6127-ISGTU,Garden Valley,95633,38.852544,-120.837669
6127-IYJOZ,Studio City,91604,34.139082,-118.39275
6128-AQBMT,Nicasio,94946,38.065359,-122.665566
6128-CZOMY,Alpine,91901,32.827184,-116.703729
6128-DAFVY,Willits,95490,39.492046,-123.375818
6131-FOYAS,San Lorenzo,94580,37.676249,-122.132415
6131-IUNXN,Huntington Beach,92646,33.666301,-117.969501
6131-JLWZM,San Francisco,94131,37.746699,-122.442833
6133-OZILE,Santa Monica,90403,34.031529,-118.491156
6134-KWTBV,Covina,91724,34.08111,-117.853935
6135-OZQVA,Santa Clarita,91350,34.502432,-118.41459
6137-MFAJN,Los Angeles,90008,34.008293,-118.346766
6137-NICCO,Perris,92571,33.828289,-117.201666
6139-ZZRBQ,Granite Bay,95746,38.749466,-121.184196
6140-QNRQQ,Santa Barbara,93103,34.438581,-119.685368
6141-OOXUQ,San Bernardino,92411,34.122501,-117.320138
6142-VSJQO,Homeland,92548,33.761894,-117.120868
6143-JQKEA,Adelanto,92301,34.667815,-117.536183
6145-NNPNO,Santa Rosa,95404,38.526941,-122.709096
6147-CBCRA,Wofford Heights,93285,35.690535,-118.552784
6152-ONASV,Landers,92285,34.341737,-116.539416
6156-UZDLF,Pleasant Hill,94523,37.95338,-122.076886
6158-DWPZT,Avery,95224,38.208336,-120.339938
6158-HDPXZ,San Diego,92128,33.000269,-117.072093
6161-ERDGD,Santa Maria,93458,34.95934,-120.490081
6161-UUUTA,Stockton,95206,37.902422,-121.440029
6164-HAQTX,Boonville,95415,39.025867,-123.381544
6164-HXUGH,Raymond,93653,37.252057,-119.95783
6166-ILMNY,Tomales,94971,38.240769,-122.901041
6166-YIPFO,Douglas City,96024,40.586588,-122.903677
6168-WFVVF,San Diego,92126,32.886925,-117.152162
6168-YBYNP,Newhall,91321,34.370378,-118.504118
6169-PGNCD,Westwood,96137,40.271535,-121.018087
6169-PPETC,Brentwood,94513,37.908242,-121.682472
6171-ZTVYB,San Diego,92104,32.741499,-117.127409
6172-FECYY,Antioch,94509,37.980057,-121.801599
6173-GOLSU,Oak View,93022,34.404544,-119.302118
6173-ITPWD,Heber,92249,32.730583,-115.501083
6174-NRBTZ,Murrieta,92563,33.581045,-117.14719
6175-IRFIT,Bangor,95914,39.396585,-121.38029
6176-YJWAS,Potter Valley,95469,39.408634,-123.045516
6177-PEVRA,Corcoran,93212,36.04533,-119.532424
6178-KFNHS,Hughson,95326,37.5923,-120.853288
6179-GJPSO,Escondido,92027,33.141265,-116.967221
6180-YBIQI,Santa Monica,90404,34.026334,-118.474222
6181-AXXYF,Pico Rivera,90660,33.989524,-118.089299
6184-DYUOB,Palermo,95968,39.435756,-121.552071
6185-TASNN,Chula Vista,91913,32.64164,-116.985026
6188-UXBBR,Fresno,93720,36.878709,-119.7645
6194-HBGQN,Taft,93268,35.184837,-119.402525
6195-MELTI,Pleasant Hill,94523,37.95338,-122.076886
6196-HBOBZ,Winnetka,91306,34.209532,-118.577563
6198-PNNSZ,Valley Springs,95252,38.156971,-120.849231
6198-RTPMF,Oregon House,95962,39.342587,-121.249833
6198-ZFIOJ,Willits,95490,39.492046,-123.375818
6199-IPCAO,Tehachapi,93561,35.073777,-118.652112
6199-IWKGC,Benton,93512,37.653947,-118.231443
6202-DYYFX,West Covina,91792,34.024405,-117.898722
6202-JVYEU,Chino,91710,33.990646,-117.663025
6203-HBZPA,Forestville,95436,38.499302,-122.92444
6204-IEUXJ,Yorba Linda,92886,33.897253,-117.792202
6207-WIOLX,Avalon,90704,33.391181,-118.421305
6210-KBBPI,West Covina,91790,34.066964,-117.937007
6211-WHMYA,Chula Vista,91915,32.605012,-116.97595
6211-WWLTF,Oakhurst,93644,37.648647,-119.231447
6212-ATMLK,Rancho Cucamonga,91701,34.132275,-117.611478
6214-EDAKZ,Elverta,95626,38.734997,-121.463719
6215-NQCPY,Yreka,96097,41.764869,-122.671316
6217-KDYWC,Lomita,90717,33.794209,-118.317354
6217-TOWGS,San Jose,95113,37.333851,-121.891147
6218-KNUBD,Lodi,95242,38.128087,-121.4078
6221-AVQYL,Glendale,91203,34.153338,-118.262974
6223-DHJGV,Los Angeles,90056,33.987945,-118.370442
6227-FBDXH,Essex,92332,34.9436,-115.287901
6227-HWPWX,Victorville,92392,34.486835,-117.362274
6229-LSCKB,Encino,91436,34.152875,-118.486056
6229-UOLQL,White Water,92282,33.972293,-116.654195
6230-BSUXY,Paramount,90723,33.897122,-118.164432
6231-WFGFH,Benicia,94510,38.113533,-122.11926
6233-HXJMX,Alpine,91901,32.827184,-116.703729
6234-PFPXL,Sacramento,95829,38.486502,-121.334051
6234-RAAPL,Los Angeles,90038,34.088017,-118.327168
6235-VDHOM,Riverside,92509,34.004379,-117.447864
6240-EURKS,Plymouth,95669,38.489273,-120.891614
6242-FEGFD,Stratford,93266,36.175255,-119.813805
6242-MBHPK,Hathaway Pines,95233,38.184914,-120.364085
6242-SGYTS,Oakland,94603,37.739113,-122.175602
6243-OZGFH,Vista,92084,33.22784,-117.200024
6244-BESBM,Geyserville,95441,38.731771,-123.064272
6248-BSHKG,Soledad,93960,36.414216,-121.360597
6248-TKCQV,Upper Lake,95485,39.220368,-122.907693
6250-CGGUN,Esparto,95627,38.834469,-122.127193
6252-DFGTK,O Neals,93645,37.140104,-119.657092
6253-GNHWH,Pacific Palisades,90272,34.079449,-118.548306
6253-WRFHY,Marshall,94940,38.129308,-122.834815
6257-DTAYD,Fallbrook,92028,33.362575,-117.299644
6257-RJOHI,San Diego,92110,32.76501,-117.19938
6258-NGCNG,Compton,90220,33.88151,-118.234451
6258-PVZWJ,Clio,96106,39.745805,-120.580882
6259-WJQLC,Pacifica,94044,37.573633,-122.455167
6260-ONULR,Middletown,95461,38.787446,-122.58675
6260-XLACS,Casmalia,93429,34.866032,-120.536546
6261-LHRTG,Upland,91786,34.105493,-117.660934
6261-RCVNS,Rodeo,94572,38.027218,-122.23463
6265-FRMTQ,Scotia,95565,40.440636,-124.098739
6265-SXWBU,Shingletown,96088,40.497441,-121.827524
6266-QHOJZ,Lomita,90717,33.794209,-118.317354
6267-DCFFZ,Madeline,96119,41.042003,-120.506086
6270-OMFIW,Valley Springs,95252,38.156971,-120.849231
6275-YDUVO,Orosi,93647,36.600185,-119.175655
6278-FEPBZ,San Bernardino,92410,34.106922,-117.297553
6281-FKEWS,Berry Creek,95916,39.657228,-121.37778
6283-GITPX,Beaumont,92223,33.946982,-116.977672
6284-AHOOQ,Avenal,93204,35.916943,-120.129921
6284-KMNUF,Twentynine Palms,92278,34.457829,-116.139589
6285-FTQBF,Hawthorne,90250,33.914775,-118.348083
6286-SUUWT,Arnold,95223,38.32153,-120.236358
6286-ZHAOK,Firebaugh,93622,36.785618,-120.625382
6288-CHQJB,San Bernardino,92405,34.142747,-117.300864
6288-LBEAR,Yountville,94599,38.421458,-122.365048
6289-CPNLD,Temecula,92591,33.540604,-117.10909
6292-TOSSS,Mt Baldy,91759,34.231318,-117.662032
6295-OSINB,Samoa,95564,40.809636,-124.189977
6296-DDOOR,Laguna Beach,92651,33.570023,-117.773669
6297-NOOPG,Temecula,92592,33.507255,-117.029473
6298-QDFNH,Banning,92220,33.936298,-116.849577
6300-BWMJX,Valencia,91355,34.43987,-118.644609
6302-JGYRJ,Chico,95928,39.681488,-121.83721
6303-KFWSL,Los Angeles,90071,34.052917,-118.255178
6304-IJFSQ,Calipatria,92233,33.143826,-115.497485
6305-YLBMM,Hood,95639,38.375325,-121.507935
6308-CQRBU,Zenia,95595,40.170357,-123.417298
6311-UEUME,Los Angeles,90025,34.046174,-118.446333
6313-GIDIT,Point Arena,95468,38.911299,-123.609588
6317-YPKDH,Glendale,91202,34.167926,-118.267539
6319-IEJWJ,Camarillo,93012,34.205504,-118.993111
6319-QSUSR,Oceanside,92056,33.194742,-117.29032
6322-HRPFA,Los Angeles,90026,34.078991,-118.263804
6322-PJJDJ,Markleeville,96120,38.735789,-119.85798
6323-AYBRX,Ontario,91762,34.057256,-117.667677
6326-MTTXK,Yuba City,95993,39.075694,-121.70606
6328-ZPBGN,Riverbank,95367,37.734971,-120.954271
6330-JKLPC,Somis,93066,34.297628,-119.014627
6331-EWIEB,El Monte,91731,34.079934,-118.046695
6331-LWDTQ,Rialto,92377,34.156758,-117.404686
6332-FBZRI,Sacramento,95864,38.585826,-121.376263
6333-YDVLT,Oakland,94607,37.80707,-122.297401
6338-AVWCY,Escondido,92027,33.141265,-116.967221
6339-DKLMK,Corona,92879,33.893823,-117.531446
6339-RZCBJ,Colton,92324,34.030915,-117.273201
6339-TBELP,Fillmore,93015,34.408161,-118.865111
6339-YPSAH,Tehama,96090,40.021787,-122.127576
6340-DACFT,Madeline,96119,41.042003,-120.506086
6341-AEVKX,Ontario,91762,34.057256,-117.667677
6341-JVQGF,Van Nuys,91406,34.195685,-118.490752
6344-SFJVH,Shasta Lake,96019,40.692523,-122.369876
6345-FZOQH,La Canada Flintridge,91011,34.234912,-118.153729
6345-HOVES,Los Osos,93402,35.279984,-120.824288
6345-ULYRW,Laguna Beach,92651,33.570023,-117.773669
6347-DCUIK,Los Angeles,90043,33.988543,-118.334081
6348-SNFUS,Granada Hills,91344,34.291273,-118.505104
6349-JDHQP,Fowler,93625,36.625792,-119.672483
6350-XFYGW,Ferndale,95536,40.4785,-124.301372
6351-SCJKT,Santa Cruz,95062,36.974575,-121.991149
6352-GIGGQ,Escondido,92027,33.141265,-116.967221
6352-TWCAU,San Diego,92130,32.957195,-117.202542
6353-BRMMA,Angwin,94508,38.542448,-122.419923
6356-ELRKD,Rancho Mirage,92270,33.763678,-116.429928
6357-JJPQT,San Gabriel,91776,34.089927,-118.095645
6358-LYNGM,Mariposa,95338,37.526791,-119.99437
6360-SVNWV,Big Creek,93605,37.17277,-119.2997
6362-QHAFM,Sacramento,95825,38.590035,-121.412455
6365-HITVU,Santa Fe Springs,90670,33.933565,-118.062611
6365-MTGZX,Glendale,91206,34.162515,-118.203869
6366-XIVKZ,San Jose,95122,37.32886,-121.834567
6366-ZGQGL,Pomona,91766,34.042286,-117.756106
6368-NWMCE,Merced,95340,37.255637,-120.493537
6368-TZZDT,Vacaville,95687,38.333133,-121.920151
6369-MCAKO,Monterey Park,91755,34.049172,-118.115022
6370-ZVHDV,Buellton,93427,34.631362,-120.238218
6371-NZYEG,Long Beach,90814,33.771612,-118.143866
6372-RFVNS,Placentia,92870,33.881158,-117.854783
6374-AFWOX,Long Beach,90815,33.797638,-118.11662
6374-NTQLP,Trinity Center,96091,41.081847,-122.700545
6376-GAHQE,Dutch Flat,95714,39.197215,-120.83679
6377-KSLXC,Fair Oaks,95628,38.652065,-121.25441
6377-WHAOX,Gualala,95445,38.848082,-123.50608
6379-RXJRQ,Modesto,95358,37.612612,-121.108568
6380-ARCEH,Inglewood,90304,33.936827,-118.359824
6383-ZTSIW,Gustine,95322,37.147198,-121.120161
6384-VMJHP,Bethel Island,94511,38.050558,-121.646924
6386-SZZKH,San Diego,92126,32.886925,-117.152162
6388-TABGU,Los Angeles,90011,34.00709,-118.258681
6390-DSAZX,San Diego,92122,32.85723,-117.209774
6393-WRYZE,Bridgeville,95526,40.372532,-123.525626
6394-HHHZM,Little River,95456,39.245911,-123.77214
6394-MFYNG,Solana Beach,92075,33.001813,-117.263628
6397-JNZZG,Adin,96006,41.171578,-120.913161
6400-BWQKW,San Mateo,94402,37.556634,-122.317723
6402-EJMWF,San Jacinto,92583,33.796568,-116.924723
6402-SSEJG,Ben Lomond,95005,37.078873,-122.090386
6402-ZFPPI,Fair Oaks,95628,38.652065,-121.25441
6407-GSJNL,Fontana,92337,34.049671,-117.468896
6407-UTSLV,Compton,90222,33.912246,-118.236773
6408-OTUBZ,Glendale,91208,34.195386,-118.238508
6408-WHTEF,Valyermo,93563,34.39583,-117.734568
6410-LEFEN,San Diego,92108,32.774046,-117.142454
6413-XKKPU,Sierra City,96125,39.600599,-120.636358
6416-JNVRK,Gardena,90248,33.876482,-118.284077
6416-TVAIH,San Francisco,94127,37.736535,-122.45732
6416-YJTTB,Downieville,95936,39.578792,-120.780786
6418-HNFED,Huntington Beach,92648,33.679659,-118.016195
6418-PIQSP,Perris,92570,33.787298,-117.320676
6419-ZTTLE,Yountville,94599,38.421458,-122.365048
6421-SZVEM,Carson,90745,33.822295,-118.26411
6424-ELEYH,Lebec,93243,34.845861,-118.885163
6425-JWTDV,Boron,93516,34.95703,-117.73045
6425-YQLLO,Pinole,94564,37.996462,-122.293716
6427-FEFIG,South San Francisco,94080,37.654436,-122.426468
6429-SHBCB,Maxwell,95955,39.281194,-122.226568
6432-TWQLB,Rosemead,91770,34.065108,-118.082791
6434-TTGJP,Geyserville,95441,38.731771,-123.064272
6435-SRWBJ,Los Angeles,90068,34.137411,-118.328915
6435-VWCCY,Oro Grande,92368,34.647959,-117.296957
6437-UDQJM,Los Angeles,90023,34.017697,-118.200577
6437-UKHMV,Moreno Valley,92557,33.970661,-117.255039
6439-GTPCA,San Diego,92129,32.961064,-117.134917
6439-LAJXL,Echo Lake,95721,38.851842,-120.076204
6439-PKTRR,San Diego,92121,32.898613,-117.202937
6440-DKQGE,Carson,90746,33.859171,-118.252272
6445-TNRXS,Richmond,94805,37.941456,-122.320968
6447-EGDIV,Santa Monica,90401,34.015481,-118.493231
6447-GORXK,San Diego,92128,33.000269,-117.072093
6457-GIRWB,Carlsbad,92008,33.148116,-117.306043
6457-USBER,San Diego,92121,32.898613,-117.202937
6458-CYIDZ,Albion,95410,39.225694,-123.717354
6461-PPAXN,Napa,94559,38.232389,-122.324944
6461-SZMCV,Corte Madera,94925,37.924014,-122.511694
6463-HHXJR,Lemon Cove,93244,36.462671,-118.997291
6463-MVYRY,Palo Alto,94301,37.444314,-122.149996
6464-KEXXH,Fillmore,93015,34.408161,-118.865111
6465-GSRCL,Plymouth,95669,38.489273,-120.891614
6467-CHFZW,Los Angeles,90028,34.099869,-118.326843
6469-MRVET,Van Nuys,91401,34.178483,-118.431791
6469-QJKZW,Arroyo Grande,93420,35.176236,-120.483243
6473-ULUHT,San Diego,92126,32.886925,-117.152162
6474-FVJLC,Sherman Oaks,91423,34.146957,-118.432138
6475-VHUIZ,Myers Flat,95554,40.267158,-123.805913
6476-EPYZR,Wishon,93669,37.287758,-119.548156
6476-YHMGA,Benton,93512,37.653947,-118.231443
6478-HRRCZ,Stirling City,95978,39.904002,-121.527823
6479-OAUSD,Mokelumne Hill,95245,38.304194,-120.592431
6479-SZPLM,Anaheim,92805,33.830209,-117.906099
6479-VDGRK,Cardiff By The Sea,92007,33.015866,-117.272254
6480-YAGIY,San Francisco,94117,37.770533,-122.445121
6481-ESCNL,Clayton,94517,37.881842,-121.848111
6481-LXPWL,Palo Alto,94306,37.416159,-122.131337
6481-OGDOO,San Diego,92129,32.961064,-117.134917
6483-OATDN,Monrovia,91016,34.1528,-118.000482
6484-LATFU,Linden,95236,38.047746,-121.030499
6485-QXWWE,Old Station,96071,40.656287,-121.428965
6486-LHTMA,California City,93505,35.151491,-117.927597
6490-FGZAT,Strathmore,93267,36.141319,-119.129075
6496-JDSSB,Oak Park,91377,34.19225,-118.776874
6496-SLWHQ,Moraga,94556,37.827946,-122.107185
6497-TILVL,La Mirada,90638,33.902045,-118.008961
6500-JVEGC,Lakewood,90715,33.841027,-118.078097
6502-HCJTI,Lakewood,90712,33.840524,-118.148403
6502-KUGLL,El Monte,91732,34.074492,-118.01462
6502-MJQAE,Escondido,92027,33.141265,-116.967221
6504-VBLFL,Madeline,96119,41.042003,-120.506086
6505-OZNPG,Annapolis,95412,38.731055,-123.316553
6506-EYCNH,Montclair,91763,34.072121,-117.698319
6507-DTJZV,Cardiff By The Sea,92007,33.015866,-117.272254
6507-ZJSUR,Albion,95410,39.225694,-123.717354
6508-NJYRO,Carlsbad,92009,33.098018,-117.258203
6509-TSGWN,Fallbrook,92028,33.362575,-117.299644
6510-UPNKS,Emigrant Gap,95715,39.23754,-120.720196
6513-EECDB,San Francisco,94114,37.758085,-122.434801
6516-NKQBO,Corona,92882,33.819385,-117.600213
6518-KZXCB,Cassel,96016,40.936285,-121.572692
6518-LGAOV,San Diego,92121,32.898613,-117.202937
6518-PPLMZ,Clio,96106,39.745805,-120.580882
6519-CFDBX,Torrance,90505,33.807882,-118.347957
6519-ZHPXP,Sacramento,95824,38.517295,-121.439819
6521-YYTYI,Navarro,95463,39.182916,-123.552571
6522-OIQSX,Alta,95701,39.218096,-120.79153
6522-YRBXD,Anaheim,92802,33.807864,-117.923782
6527-PZFPV,Los Angeles,90023,34.017697,-118.200577
6532-YLWSI,Crescent Mills,95934,40.080342,-120.957805
6537-OTKMY,Covelo,95428,39.83307,-123.178765
6537-QLGEX,Mammoth Lakes,93546,37.550074,-118.837167
6538-POCHL,Mountain Center,92561,33.638645,-116.55783
6542-LWGXJ,Pixley,93256,35.957019,-119.330928
6543-CPZMK,Ventura,93001,34.360261,-119.306383
6543-JXSOO,Clipper Mills,95930,39.562239,-121.14836
6543-XRMYR,Stockton,95209,38.044523,-121.348048
6546-OPBBH,Santa Ana,92704,33.719869,-117.907063
6549-BTYPG,Sebastopol,95472,38.398815,-122.861923
6549-NNDYT,Fresno,93720,36.878709,-119.7645
6549-YMFAW,Los Olivos,93441,34.70434,-120.02609
6551-GNYDG,Long Beach,90808,33.823943,-118.111335
6551-VLJMV,Hemet,92543,33.739415,-116.968339
6551-ZCOTS,Torrance,90503,33.840399,-118.353714
6556-DBKZF,Chula Vista,91915,32.605012,-116.97595
6557-BZXLQ,Cabazon,92230,33.929812,-116.76058
6559-ILWKJ,Fresno,93722,36.78979,-119.929894
6559-PDZLR,Desert Center,92239,33.889605,-115.257009
6559-RAKOZ,Orange Cove,93646,36.633498,-119.298895
6563-VNPMN,Sylmar,91342,34.321621,-118.399841
6563-VRERX,San Diego,92121,32.898613,-117.202937
6567-HOOPW,Folsom,95630,38.672638,-121.147403
6568-POCUI,Strawberry Valley,95981,39.58458,-121.093256
6569-KTMDU,Sacramento,95826,38.542532,-121.378826
6572-ADKRS,Los Angeles,90040,33.994524,-118.149953
6574-MCOEH,Escondido,92026,33.21846,-117.116916
6575-SUVOI,Los Angeles,90062,34.003553,-118.308933
6576-FBXOJ,Yuba City,95991,39.02741,-121.614982
6578-KRMAW,Planada,95365,37.329725,-120.306399
6579-JPICP,Riverside,92505,33.920907,-117.489426
6581-NQCBA,Snelling,95369,37.521708,-120.426843
6582-OIVSP,Glendale,91203,34.153338,-118.262974
6582-PLFUU,Cedarville,96104,41.505916,-120.152505
6583-KQJLK,Twin Bridges,95735,38.805481,-120.13287
6583-QGCSI,Indian Wells,92210,33.537646,-116.291089
6583-SZVGP,Indio,92203,33.752938,-116.230055
6584-VQMYT,San Jose,95138,37.246064,-121.749494
6585-WCEWR,Fresno,93728,36.757345,-119.818274
6586-MYGKD,Newport Beach,92662,33.606336,-117.893042
6586-PSJOX,Earlimart,93219,35.858054,-119.305858
6591-QGOYB,Surfside,90743,33.728273,-118.085304
6595-COKXZ,Plymouth,95669,38.489273,-120.891614
6595-YGXIT,Boulder Creek,95006,37.171727,-122.142961
6598-KELSS,San Diego,92108,32.774046,-117.142454
6598-RFFVI,San Bernardino,92405,34.142747,-117.300864
6599-CEBNN,San Diego,92122,32.85723,-117.209774
6599-GZWCM,San Jose,95129,37.305622,-122.000887
6599-RCLCJ,Fallbrook,92028,33.362575,-117.299644
6599-SFQVE,Santa Clara,95051,37.348129,-121.98469
6603-QWSPR,Galt,95632,38.274451,-121.259201
6603-YRDCJ,San Francisco,94124,37.731505,-122.384532
6608-QQLVK,Bangor,95914,39.396585,-121.38029
6609-MXJHJ,Long Beach,90808,33.823943,-118.111335
6614-FHDBO,Rancho Cucamonga,91701,34.132275,-117.611478
6614-VBEGU,Loma Linda,92354,34.049315,-117.255974
6614-YOLAC,Oakland,94602,37.803883,-122.208417
6614-YWYSC,Sultana,93666,36.545353,-119.338535
6615-NGGZJ,Buellton,93427,34.631362,-120.238218
6615-ZGEDR,Smith River,95567,41.950683,-124.097094
6616-AALSR,Citrus Heights,95610,38.69508,-121.271616
6617-WLBQC,Beverly Hills,90212,34.062095,-118.401508
6618-RYATB,North Hollywood,91605,34.207295,-118.400022
6619-RPLQZ,June Lake,93529,37.730269,-119.055813
6620-HVDUJ,Fresno,93701,36.749403,-119.787574
6620-JDYNW,Leggett,95585,39.873371,-123.741474
6621-NRZAK,Mount Hamilton,95140,37.382909,-121.634151
6621-YOBKI,San Ardo,93450,35.996008,-120.85305
6624-JDRDS,Dos Palos,93620,37.045728,-120.630682
6625-FLENO,Los Angeles,90002,33.949255,-118.246978
6625-IUTTT,Fremont,94536,37.572273,-121.964583
6625-UTXEW,Fort Bragg,95437,39.455555,-123.683979
6627-CFOSN,Madera,93637,36.902954,-120.194274
6629-CZTTH,Orange,92865,33.828779,-117.848299
6629-LADHQ,Santa Barbara,93109,34.406256,-119.726936
6630-UJZMY,Palo Alto,94306,37.416159,-122.131337
6631-HMANX,Kelseyville,95451,38.93496,-122.792243
6633-MPWBS,Woodland,95776,38.694081,-121.694431
6633-SYEUS,San Diego,92127,33.017518,-117.118456
6635-CPNUN,Moreno Valley,92553,33.923149,-117.244933
6635-MYYYZ,Trinity Center,96091,41.081847,-122.700545
6637-KYRCV,La Puente,91744,34.031441,-117.936436
6641-XRPSU,San Lorenzo,94580,37.676249,-122.132415
6645-MXQJT,Copperopolis,95228,37.943954,-120.67108
6646-JPPHA,Fullerton,92832,33.868316,-117.929029
6646-QVXLR,Napa,94558,38.489789,-122.27011
6646-VRFOL,Larkspur,94939,37.937082,-122.532369
6647-ZEDXT,Santa Maria,93455,34.818227,-120.418784
6648-INWPS,San Bernardino,92410,34.106922,-117.297553
6650-BWFRT,Cambria,93428,35.591387,-121.032256
6650-VJONK,Carson,90746,33.859171,-118.252272
6651-AZVTJ,Pomona,91768,34.067932,-117.785168
6651-RLGGM,Galt,95632,38.274451,-121.259201
6652-YFFJO,Tuolumne,95379,37.939768,-120.188002
6653-CBBOM,Compton,90221,33.885811,-118.206459
6654-QGBZZ,Nevada City,95959,39.333737,-120.858667
6655-LHBYW,Glendora,91741,34.14649,-117.849815
6656-GULJQ,Emigrant Gap,95715,39.23754,-120.720196
6656-JWRQX,San Diego,92124,32.827238,-117.089287
6661-EIPZC,Grand Terrace,92313,34.029175,-117.307211
6661-HBGWL,Mineral,96063,40.408796,-121.579609
6663-JOCQO,Wasco,93280,35.652242,-119.4464
6664-FPDAC,San Diego,92115,32.762506,-117.07245
6668-CNMFP,West Hills,91307,34.199787,-118.68493
6670-MFRPK,Coalinga,93210,36.186867,-120.387793
6671-NGWON,Dillon Beach,94929,38.24458,-122.956268
6674-KVJHG,Lake Arrowhead,92352,34.2565,-117.19335
6680-NENYN,San Diego,92122,32.85723,-117.209774
6680-WKXRZ,Antioch,94509,37.980057,-121.801599
6681-ZSEXG,Rancho Cordova,95742,38.591134,-121.161585
6682-QJDGB,San Diego,92109,32.787836,-117.232376
6682-VCIXC,Mad River,95552,40.390301,-123.412327
6683-VLCTZ,San Diego,92129,32.961064,-117.134917
6685-GBWJZ,Los Angeles,90015,34.039224,-118.266293
6685-XSHHU,Keyes,95328,37.555631,-120.911653
6686-YPGHK,Long Beach,90808,33.823943,-118.111335
6688-UZPWD,Palm Springs,92262,33.839989,-116.659215
6689-KXGBO,San Luis Obispo,93401,35.233745,-120.626442
6689-TCZHQ,Claremont,91711,34.127621,-117.717863
6689-VRRTK,Camarillo,93010,34.227846,-119.079903
6691-CCIHA,Joshua Tree,92252,34.167236,-116.281511
6692-UDPJC,South El Monte,91733,34.04622,-118.053753
6692-YQHXC,Sacramento,95842,38.687367,-121.34848
6693-DJWTY,Inglewood,90304,33.936827,-118.359824
6693-FRIRW,Newport Beach,92661,33.601309,-117.902304
6695-AMZUF,Stockton,95219,38.029729,-121.387999
6695-FRVEC,Burbank,91506,34.169706,-118.323548
6696-YDAYZ,Mt Baldy,91759,34.231318,-117.662032
6698-OXETB,Joshua Tree,92252,34.167236,-116.281511
6701-DHKWQ,Montrose,91020,34.2112,-118.230625
6701-YVNQG,Moreno Valley,92553,33.923149,-117.244933
6702-OHFWR,Reseda,91335,34.200175,-118.540958
6704-UTUKK,Exeter,93221,36.301689,-119.018233
6705-LNMDD,San Diego,92154,32.578103,-117.012975
6705-LXORM,Perris,92570,33.787298,-117.320676
6710-HSJRD,Newport Coast,92657,33.603282,-117.821841
6711-FLDFB,Big Oak Flat,95305,37.818589,-120.256995
6711-VTNRE,Tranquillity,93668,36.635661,-120.288644
6712-OAWRH,San Bernardino,92408,34.084909,-117.258107
6713-OKOMC,Los Angeles,90008,34.008293,-118.346766
6715-OFDBP,Palo Alto,94304,37.386978,-122.177746
6718-BDGHG,Gold Run,95717,39.170376,-120.838404
6719-FGEDO,Whittier,90606,33.976678,-118.065875
6719-OXYBR,California City,93505,35.151491,-117.927597
6723-CEGQI,Bayside,95524,40.825486,-124.049485
6723-WSNTY,Del Mar,92014,32.948262,-117.256086
6725-TPKJO,Duncans Mills,95430,38.445603,-123.063756
6726-NNFWD,Murrieta,92562,33.548869,-117.334165
6726-WEXXK,Fields Landing,95537,40.726949,-124.217378
6727-IOTLZ,Pasadena,91101,34.146635,-118.139225
6728-CZFEI,Sacramento,95819,38.567594,-121.437507
6728-DKUCO,Santa Monica,90405,34.005439,-118.477507
6728-VOIFY,Palo Cedro,96073,40.582399,-122.195512
6728-WYQBC,Escondido,92027,33.141265,-116.967221
6729-FZWSY,Penn Valley,95946,39.203817,-121.19584
6729-GDNGC,Westport,95488,39.724433,-123.767578
6732-FZUGP,Berkeley,94705,37.858898,-122.240512
6732-VAILE,Montclair,91763,34.072121,-117.698319
6733-LRIZX,Bodega Bay,94923,38.377165,-123.037957
6734-CKRSM,Stirling City,95978,39.904002,-121.527823
6734-FQAJX,Somerset,95684,38.606703,-120.586659
6734-GMPVK,Santa Maria,93454,34.943523,-120.256729
6734-JDTTV,Manton,96059,40.426679,-121.850421
6734-PSBAW,Santa Fe Springs,90670,33.933565,-118.062611
6736-DHUQI,Fairfax,94930,37.971751,-122.611873
6738-ISCBM,Northridge,91324,34.238208,-118.55029
6741-EGCBI,Hacienda Heights,91745,33.998471,-117.973758
6741-QRLUP,Olema,94950,38.052209,-122.775567
6743-HHQPF,Capay,95607,38.681651,-122.130569
6745-JEFZB,El Cajon,92019,32.785165,-116.862648
6746-WAUWT,Salida,95368,37.713152,-121.08739
6749-UTDVX,Brownsville,95919,39.440687,-121.263583
6752-APNJL,Woodlake,93286,36.464635,-119.094348
6754-LZUKA,Escondido,92027,33.141265,-116.967221
6754-WKSHP,Brisbane,94005,37.684694,-122.40712
6762-NSODU,Los Angeles,90015,34.039224,-118.266293
6762-QVYJO,Acton,93510,34.501452,-118.207862
6765-MBQNU,Phillipsville,95559,40.184094,-123.745487
6766-HFKLA,Cazadero,95421,38.578807,-123.19338
6769-DCQLI,Pope Valley,94567,38.672708,-122.403219
6769-DYBQN,Clearlake,95422,38.965804,-122.631779
6770-UAYGJ,Lebec,93243,34.845861,-118.885163
6770-XUAGN,North Hollywood,91605,34.207295,-118.400022
6771-XWBDM,White Water,92282,33.972293,-116.654195
6772-KSATR,Eagleville,96110,41.280341,-120.150381
6772-WFQRD,Castella,96017,41.121108,-122.336613
6773-LQTVT,Long Beach,90803,33.760458,-118.129725
6776-TLWOI,Livingston,95334,37.361987,-120.748394
6777-TGHTM,San Francisco,94122,37.760412,-122.484966
6778-EICRF,Clio,96106,39.745805,-120.580882
6778-JFCMK,Van Nuys,91405,34.202494,-118.448048
6778-YSNIH,Riverside,92501,33.994676,-117.372498
6784-XYJAE,Fort Irwin,92310,35.349241,-116.770281
6786-OBWQR,Nipomo,93444,35.050345,-120.489599
6789-HJBWG,Livingston,95334,37.361987,-120.748394
6791-YBNAK,Manteca,95337,37.750822,-121.238423
6794-HKIAJ,Redondo Beach,90278,33.873395,-118.37019
6797-LNAQX,Poway,92064,32.984395,-117.013454
6797-UCJHZ,Simi Valley,93065,34.269449,-118.768471
6804-GDMOI,Brea,92823,33.924143,-117.79387
6806-YDEUL,Sacramento,95817,38.550722,-121.457314
6807-SIWJI,Groveland,95321,37.902968,-119.667544
6810-VCAEX,Los Angeles,90064,34.037251,-118.423573
6813-GZQCG,Milford,96121,40.181279,-120.392967
6814-ZPWFQ,Santa Clarita,91350,34.502432,-118.41459
6815-ABQFQ,Silverado,92676,33.782346,-117.635263
6817-WTYHE,Happy Camp,96039,41.831901,-123.487478
6818-DJXAA,Alturas,96101,41.468877,-120.54229
6818-WOBHJ,Fulton,95439,38.493888,-122.777141
6821-BUXUX,Temecula,92592,33.507255,-117.029473
6821-JPCDC,Castro Valley,94552,37.722727,-122.02157
6823-SIDFQ,Parker Dam,92267,34.273872,-114.192901
6825-UYPFK,Sun City,92586,33.707483,-117.200006
6827-IEAUQ,Los Angeles,90035,34.051809,-118.383843
6828-HMKWP,Berkeley,94710,37.872902,-122.303708
6833-JMZYP,Hesperia,92345,34.361387,-117.337509
6834-NXDCA,South Dos Palos,93665,36.959731,-120.653519
6837-BJYDQ,Wilmington,90744,33.782068,-118.262263
6837-HAEVO,Moreno Valley,92551,33.88274,-117.224878
6838-HVLXG,Keyes,95328,37.555631,-120.911653
6838-YAUVY,Petaluma,94952,38.237018,-122.77872
6839-ITVZJ,Los Angeles,90037,34.002642,-118.287596
6840-RESVB,Adelanto,92301,34.667815,-117.536183
6844-DZKRF,Irvine,92604,33.688546,-117.788091
6845-RGTYS,San Diego,92117,32.825086,-117.199424
6847-KJLTS,Frazier Park,93225,34.827662,-118.999073
6848-HJTXY,Ontario,91761,34.035602,-117.591528
6848-YLDFR,Gerber,96035,40.03194,-122.176023
6849-OYAMU,Indio,92201,33.713891,-116.237257
6849-WLEYG,Emeryville,94608,37.83726,-122.287648
6851-WEFYX,Descanso,91916,32.912664,-116.635387
6854-EXGSF,Mt Baldy,91759,34.231318,-117.662032
6855-VLGOS,Guerneville,95446,38.52576,-123.013347
6856-RAURS,Rio Oso,95674,38.954144,-121.482536
6857-TKDJV,Strawberry Valley,95981,39.58458,-121.093256
6857-VWJDT,Santa Cruz,95060,36.993451,-122.098858
6859-QNXIQ,Costa Mesa,92626,33.678591,-117.905471
6859-RKMZJ,Vallejo,94589,38.161321,-122.271588
6860-YRJZP,Sacramento,95820,38.53508,-121.444144
6861-OKBCE,Seal Beach,90740,33.75462,-118.071128
6861-XWTWQ,Napa,94559,38.232389,-122.324944
6862-CQUMB,San Diego,92126,32.886925,-117.152162
6865-JZNKO,Los Angeles,90027,34.127194,-118.295647
6867-ACCZI,Bethel Island,94511,38.050558,-121.646924
6869-FGJJC,Gazelle,96034,41.411315,-122.697236
6870-ECSHE,Sun City,92586,33.707483,-117.200006
6870-ZWMNX,Clements,95227,38.227285,-121.02789
6872-HXFNF,Irvine,92606,33.703976,-117.824172
6873-UDNLD,Oakland,94612,37.809014,-122.269739
6874-SGLHU,San Jose,95121,37.304681,-121.809955
6876-ADESB,Etna,96027,41.405193,-123.008567
6877-LGWXO,Pleasanton,94588,37.685052,-121.912061
6877-TJMBR,Orinda,94563,37.873916,-122.20522
6878-GGDWG,San Diego,92101,32.72523,-117.171346
6885-PKOAM,San Marcos,92069,33.162624,-117.170863
6888-SBYAI,San Ramon,94583,37.766556,-121.976784
6890-PFRQX,Sacramento,95819,38.567594,-121.437507
6891-JPYFF,San Jose,95121,37.304681,-121.809955
6892-BOGQE,Whittier,90601,34.007353,-118.033683
6892-EZDTG,Kings Beach,96143,39.246654,-120.029273
6892-XPFPU,Pasadena,91107,34.159007,-118.087353
6893-ODYYE,Mokelumne Hill,95245,38.304194,-120.592431
6894-LFHLY,Escondido,92027,33.141265,-116.967221
6896-SRVYQ,Camino,95709,38.748316,-120.675512
6897-RWMUB,Chino,91710,33.990646,-117.663025
6897-UUBNU,North Hollywood,91602,34.15136,-118.364786
6898-MDLZW,Blue Lake,95525,40.94338,-123.831799
6898-RBTLU,Whittier,90602,33.972119,-118.020188
6899-PPEEA,Vallejo,94590,38.104705,-122.247387
6900-PXRMS,Spring Valley,91978,32.730264,-116.950963
6900-RBKER,San Jose,95120,37.186141,-121.843554
6901-GOGZG,Lake Hughes,93532,34.659579,-118.584212
6904-JLBGY,Salinas,93905,36.667794,-121.601306
6905-NIQIN,San Diego,92122,32.85723,-117.209774
6906-ANDWJ,Vina,96092,39.955164,-122.018567
6906-MPARY,Redondo Beach,90277,33.830453,-118.384565
6907-CQGPN,Oakland,94612,37.809014,-122.269739
6907-FLBER,Burbank,91505,34.174215,-118.345928
6907-NZZIJ,Santa Monica,90402,34.035849,-118.503508
6908-VVYHM,Pasadena,91104,34.165383,-118.123752
6910-HADCM,Long Beach,90808,33.823943,-118.111335
6916-HIJSE,Fresno,93725,36.623632,-119.741322
6917-FIJHC,Livingston,95334,37.361987,-120.748394
6917-IAYHD,La Honda,94020,37.285677,-122.224165
6917-YACBP,Escondido,92027,33.141265,-116.967221
6918-UMQCG,Orange,92869,33.792791,-117.789749
6919-ELBGL,Big Pine,93513,37.245505,-118.062943
6921-OZMFH,Santa Clara,95051,37.348129,-121.98469
6922-NCEDI,Costa Mesa,92627,33.645672,-117.922613
6923-AQONU,Los Angeles,90046,34.108455,-118.362081
6923-EFPNL,Silverado,92676,33.782346,-117.635263
6923-JHPMP,Templeton,93465,35.536115,-120.739231
6924-TDGMT,Platina,96076,40.367964,-122.937379
6925-BAYGL,Inglewood,90303,33.936291,-118.332639
6927-WTFIV,Redwood City,94061,37.461251,-122.235414
6928-ONTRW,Bell,90201,33.970343,-118.171368
6933-FHBZC,Moreno Valley,92551,33.88274,-117.224878
6933-VLYFX,Belmont,94002,37.509366,-122.306132
6937-GCDGQ,West Point,95255,38.41935,-120.469545
6941-KXRRV,Dorris,96023,41.949216,-122.050062
6941-PMGEP,Novato,94945,38.135897,-122.563683
6942-LBFDP,Bakersfield,93308,35.559617,-118.925185
6946-LMSQS,Temecula,92592,33.507255,-117.029473
6950-TWMYB,Santa Monica,90404,34.026334,-118.474222
6952-OMNWB,Creston,93432,35.480896,-120.469476
6953-PBDIN,Fort Bidwell,96112,41.932207,-120.135941
6954-OOYZZ,Los Angeles,90006,34.048013,-118.293953
6956-SMUCM,Miranda,95553,40.210895,-123.86
6959-GQEGV,Canoga Park,91303,34.19829,-118.602203
6959-UWKHF,Alpaugh,93201,35.869626,-119.498771
6960-HVYXR,Rio Linda,95673,38.688764,-121.457596
6961-MJKBO,Los Angeles,90057,34.061918,-118.277939
6961-VCPMC,North Palm Springs,92258,33.906496,-116.569499
6963-EZQEE,Midpines,95345,37.581496,-119.972762
6963-KQYQB,Pacifica,94044,37.573633,-122.455167
6967-PEJLL,San Diego,92129,32.961064,-117.134917
6967-QIQRV,Mission Viejo,92692,33.60693,-117.644253
6968-GMKPR,French Gulch,96033,40.740138,-122.587476
6968-MHOMU,Princeton,95970,39.424957,-122.039307
6968-URWQU,Redlands,92374,34.064073,-117.166158
6969-MVBAI,Davis Creek,96108,41.750354,-120.403885
6972-SNKKW,Chester,96020,40.243494,-121.154733
6974-DAFLI,Bakersfield,93312,35.392599,-119.245341
6976-BWGLQ,Pomona,91766,34.042286,-117.756106
6979-TNDEU,Sacramento,95841,38.660442,-121.346321
6979-ZNSFF,Pollock Pines,95726,38.733908,-120.453416
6980-CDGFC,Aptos,95003,37.013471,-121.877877
6980-IMXXE,Modesto,95355,37.672906,-120.946594
6981-TDRFT,Soulsbyville,95372,37.990574,-120.261821
6982-SSHFK,Fresno,93703,36.768774,-119.762633
6982-UQZLY,Los Alamos,93440,34.758699,-120.275839
6985-HAYWX,Hughson,95326,37.5923,-120.853288
6986-IJDHX,Huntington Beach,92648,33.679659,-118.016195
6986-IXNDM,Three Rivers,93271,36.413433,-118.854708
6987-XQSJT,Blue Lake,95525,40.94338,-123.831799
6988-CJEYV,Crows Landing,95313,37.435664,-121.049056
6990-YNRIO,Agoura Hills,91301,34.129058,-118.759788
6992-TKNYO,Richmond,94804,37.921034,-122.341798
6993-OHLXR,Walnut Creek,94596,37.900662,-122.052782
6993-YCOBK,Sun Valley,91352,34.231053,-118.338307
6993-YGFJV,Cayucos,93430,35.511833,-120.918713
6994-FGRHH,Meadow Vista,95722,39.003358,-121.022539
6994-KERXL,Avalon,90704,33.391181,-118.421305
6994-ORCWG,Wilseyville,95257,38.392686,-120.415951
6996-KNSML,Cotati,94931,38.326215,-122.718742
6997-UVGOX,Albany,94706,37.890274,-122.295192
6999-CHVCF,Covina,91723,34.084747,-117.886844
7000-WCEVQ,Wrightwood,92397,34.358321,-117.618263
7005-CCBKV,Thornton,95686,38.157794,-121.520223
7005-CYUIL,Laytonville,95454,39.806141,-123.531098
7008-LZVOZ,Pixley,93256,35.957019,-119.330928
7009-LGECI,Westlake Village,91361,34.130992,-118.894673
7009-PCARS,Stockton,95215,37.946282,-121.139499
7010-BRBUU,Woodland Hills,91364,34.153733,-118.593408
7010-ZMVBF,Thermal,92274,33.53604,-116.119222
7011-CVEUC,Chula Vista,91911,32.607964,-117.059459
7013-PSXHK,Lagunitas,94938,38.021772,-122.691744
7014-ZZXAW,Montclair,91763,34.072121,-117.698319
7016-BPGEU,Dunsmuir,96025,41.212695,-122.392067
7016-NVRIC,Chualar,93925,36.596271,-121.442274
7017-VFHAY,Glendora,91740,34.119363,-117.855059
7017-VFULY,Chatsworth,91311,34.294142,-118.603883
7018-FPXHH,Callahan,96014,41.388397,-122.794636
7018-WBJNK,San Fernando,91340,34.286131,-118.435969
7020-OZKXZ,Vista,92084,33.22784,-117.200024
7021-XSNYE,Lancaster,93535,34.712708,-117.889656
7024-OHCCK,Sheridan,95681,38.984756,-121.345074
7025-IWFHT,Upland,91784,34.141146,-117.655583
7025-WCBNE,Santa Ana,92705,33.766004,-117.786763
7026-YMSBE,Berkeley,94704,37.871416,-122.246597
7028-DVOIQ,Birds Landing,94512,38.140719,-121.838298
7029-IJEJK,Los Angeles,90059,33.927254,-118.249826
7029-RPUAV,Los Gatos,95030,37.222842,-121.988727
7030-FZTFM,Gonzales,93926,36.52588,-121.396719
7030-NJVDP,San Quentin,94964,37.942551,-122.491642
7032-LMBHI,Blythe,92225,33.674583,-114.71612
7033-CLAMM,Somes Bar,95568,41.444606,-123.471895
7036-TYDEC,San Clemente,92673,33.4725,-117.584273
7036-ZZKBD,Lincoln,95648,38.922812,-121.312005
7037-MTYVW,San Jose,95133,37.371862,-121.860349
7041-TXQJH,Goodyears Bar,95944,39.564113,-120.868836
7044-YAACC,Napa,94559,38.232389,-122.324944
7047-FWEYA,San Pedro,90731,33.736387,-118.284363
7047-YXDMZ,Vallejo,94591,38.105733,-122.186338
7048-GXDAY,Fresno,93705,36.78724,-119.827813
7049-GKVZY,Berkeley,94702,37.866009,-122.286228
7054-DMVAS,Redwood Valley,95470,39.298065,-123.25211
7054-ENNGU,Benicia,94510,38.113533,-122.11926
7054-LGEQW,Canyon Country,91351,34.422519,-118.420717
7055-HNEOJ,El Dorado Hills,95762,38.684437,-121.055634
7055-JCGNI,Moss Beach,94038,37.515556,-122.502311
7055-VKGDA,Clarksburg,95612,38.384648,-121.578701
7056-IMHCC,Torrance,90501,33.833699,-118.314387
7061-OVMIM,Palm Springs,92262,33.839989,-116.659215
7064-FRRSW,Tarzana,91356,34.157137,-118.548511
7064-JHXCE,San Luis Obispo,93401,35.233745,-120.626442
7065-YUNRY,San Diego,92117,32.825086,-117.199424
7067-KSAZT,Chico,95928,39.681488,-121.83721
7072-MBHEV,Edwards,93523,34.966777,-117.961179
7073-QETQY,Capay,95607,38.681651,-122.130569
7074-IEVOJ,San Francisco,94130,37.820894,-122.369725
7074-STDCN,Artesia,90701,33.867593,-118.080637
7075-BNDVQ,Termo,96132,41.027281,-120.669427
7077-XJMET,Alta,95701,39.218096,-120.79153
7078-NVFAM,Pomona,91767,34.083086,-117.737997
7079-QRCBC,Sacramento,95864,38.585826,-121.376263
7080-TNUWP,Arbuckle,95912,38.982373,-122.047751
7083-MIOPC,Burbank,91505,34.174215,-118.345928
7083-YNSKY,Lodi,95242,38.128087,-121.4078
7088-FBAWU,Los Angeles,90007,34.027337,-118.28515
7089-IVVAZ,Cantua Creek,93608,36.488056,-120.407691
7089-RKVSZ,Woody,93287,35.710244,-118.881679
7089-XXAYG,Rocklin,95677,38.7904,-121.236973
7094-MSZAO,Oakland,94610,37.808731,-122.238708
7096-UCLNH,Fontana,92335,34.087558,-117.464096
7096-ZNBZI,Studio City,91604,34.139082,-118.39275
7100-FQPRV,Canoga Park,91303,34.19829,-118.602203
7101-HRBLJ,Idyllwild,92549,33.755039,-116.741796
7102-JJVTX,Escondido,92025,33.081478,-117.033814
7103-IPXPJ,Inglewood,90305,33.958134,-118.330905
7103-ZGVNT,Portola Valley,94028,37.369709,-122.215844
7105-BENQF,Tarzana,91356,34.157137,-118.548511
7105-MXJLL,Valencia,91355,34.43987,-118.644609
7107-UBYKY,Sutter,95982,39.172777,-121.805845
7108-DGVUU,Lookout,96054,41.280478,-121.160249
7109-CQYUZ,Beverly Hills,90210,34.099891,-118.414338
7109-MFBYV,San Bernardino,92407,34.250069,-117.393949
7110-BDTWG,San Jose,95148,37.339533,-121.777179
7112-OPOTK,Fort Bidwell,96112,41.932207,-120.135941
7113-HIPFI,Long Beach,90806,33.802664,-118.179971
7114-AEOZE,Big Bar,96010,40.775272,-123.287414
7115-IRDHS,Sonora,95370,37.982716,-120.343732
7120-RFMVS,Isleton,95641,38.154823,-121.601358
7123-WQUHX,Santa Monica,90401,34.015481,-118.493231
7124-UGSUR,Los Angeles,90028,34.099869,-118.326843
7126-RBHSD,Lathrop,95330,37.80821,-121.308401
7128-GGCNO,Laguna Hills,92653,33.606899,-117.717854
7129-ACFOG,Mountain Ranch,95246,38.264262,-120.515133
7129-AZJDE,Huntington Beach,92647,33.723579,-118.005441
7129-CAKJW,Fresno,93721,36.732694,-119.783786
7130-CTCUS,Springville,93265,36.245926,-118.693138
7130-VTEWQ,San Rafael,94903,38.018065,-122.546024
7130-YXBRO,Cool,95614,38.880622,-120.973865
7131-ZQZNK,Clovis,93612,36.814539,-119.711868
7133-VBDCG,San Diego,92129,32.961064,-117.134917
7134-HBPBS,Adelanto,92301,34.667815,-117.536183
7134-MJPDY,Moorpark,93021,34.312945,-118.858169
7136-IHZJA,Santa Fe Springs,90670,33.933565,-118.062611
7136-RVDTZ,Portola Valley,94028,37.369709,-122.215844
7137-NAXML,Moss Beach,94038,37.515556,-122.502311
7137-RYLPP,Paskenta,96074,39.884395,-122.587513
7138-GIRSH,Camarillo,93012,34.205504,-118.993111
7139-JZFVG,Huntington Beach,92646,33.666301,-117.969501
7140-ADSMJ,Los Banos,93635,36.995162,-120.955099
7142-HVGBG,Mount Laguna,91948,32.830852,-116.444601
7143-BQIBA,Petaluma,94954,38.235021,-122.557332
7145-FEJWU,San Francisco,94134,37.721052,-122.413573
7147-AYBAA,Berkeley,94702,37.866009,-122.286228
7148-XZPHA,Rancho Cordova,95670,38.602723,-121.279913
7153-CHRBV,San Andreas,95249,38.196497,-120.61689
7153-OANIO,Mendocino,95460,39.305545,-123.743697
7156-MHUGY,Buena Park,90621,33.874224,-117.993368
7156-MXBJE,San Diego,92127,33.017518,-117.118456
7157-SMCFK,Valencia,91355,34.43987,-118.644609
7159-FVYPK,Beaumont,92223,33.946982,-116.977672
7159-NOKYQ,Montebello,90640,34.015217,-118.109962
7161-DFHUF,Shasta,96087,40.617614,-122.512861
7162-WPHPM,Elk,95432,39.108252,-123.645121
7163-OCEQI,Walnut Creek,94596,37.900662,-122.052782
7164-BPTUT,Banning,92220,33.936298,-116.849577
7167-PCEYD,Temecula,92592,33.507255,-117.029473
7168-HDQHG,Brownsville,95919,39.440687,-121.263583
7169-YWAMK,Sunol,94586,37.587494,-121.862856
7173-TETGO,Lytle Creek,92358,34.238162,-117.534306
7175-NTIXE,Redwood City,94061,37.461251,-122.235414
7176-WIONM,Bishop,93514,37.04584,-118.397236
7176-WRTNX,Ventura,93004,34.278697,-119.167798
7180-PISOG,Piru,93040,34.432843,-118.730106
7181-BQYBV,Garden Grove,92845,33.782955,-118.026456
7181-OQCUT,Fresno,93706,36.654614,-119.903674
7182-OVLBJ,Kenwood,95452,38.419525,-122.521585
7184-LRUUR,Los Banos,93635,36.995162,-120.955099
7188-CBBBA,Rowland Heights,91748,33.976753,-117.897367
7190-XHTWJ,Newbury Park,91320,34.172071,-118.946262
7191-ADRGF,Torrance,90504,33.867257,-118.330794
7196-LIWRH,Oroville,95965,39.624561,-121.552866
7197-VOJMM,Calpine,96124,39.672813,-120.456699
7198-GLXTC,La Palma,90623,33.850504,-118.039892
7203-OYKCT,Palo Verde,92266,33.3249,-114.758334
7205-BAIAD,Fillmore,93015,34.408161,-118.865111
7206-GZCDC,Loleta,95551,40.665952,-124.240051
7206-PQBBZ,Fontana,92336,34.136367,-117.460803
7207-RMRDB,Santa Barbara,93110,34.437945,-119.77191
7208-PSIHR,Klamath,95548,41.572813,-124.035011
7209-JCUDS,Stockton,95212,38.049457,-121.21653
7216-EWTRS,Newport Beach,92663,33.62251,-117.927024
7216-KAOID,Santa Rosa,95401,38.460517,-122.790335
7217-JYHOQ,Burbank,91505,34.174215,-118.345928
7218-HKQFK,Homeland,92548,33.761894,-117.120868
7219-TLZHO,Montebello,90640,34.015217,-118.109962
7225-CBZPL,Earlimart,93219,35.858054,-119.305858
7225-IILWY,Turlock,95380,37.474396,-120.875917
7228-OMTPN,Santa Barbara,93110,34.437945,-119.77191
7228-PAQPD,Escondido,92027,33.141265,-116.967221
7233-DRTRF,Fresno,93701,36.749403,-119.787574
7233-IOQNP,Gazelle,96034,41.411315,-122.697236
7233-PAHHL,South Gate,90280,33.944624,-118.192615
7234-FECYN,San Gabriel,91776,34.089927,-118.095645
7234-KMNRQ,Pacific Palisades,90272,34.079449,-118.548306
7235-NXZCP,Hornbrook,96044,41.962127,-122.527696
7239-HZZCX,Lancaster,93535,34.712708,-117.889656
7240-ETPTR,Pope Valley,94567,38.672708,-122.403219
7240-FQLHE,San Diego,92114,32.707892,-117.05512
7241-AJHFS,Escondido,92027,33.141265,-116.967221
7242-EDTYC,Pine Valley,91962,32.800671,-116.483363
7242-QZLXF,San Diego,92121,32.898613,-117.202937
7243-LCGGZ,Alhambra,91801,34.090925,-118.128164
7244-KXYZN,Modesto,95357,37.670526,-120.877572
7244-QWYHG,San Diego,92154,32.578103,-117.012975
7245-JMTTQ,Baldwin Park,91706,34.098275,-117.967399
7245-NIIWQ,Fellows,93224,35.215731,-119.57013
7246-ZGQDF,Victorville,92394,34.567058,-117.362329
7247-XOZPB,Miramonte,93641,36.696759,-119.024051
7248-VZQLC,Concord,94521,37.971421,-121.971504
7249-WBIYX,Elmira,95625,38.349195,-121.902943
7250-EQKIY,Escondido,92027,33.141265,-116.967221
7251-LJBQN,Strathmore,93267,36.141319,-119.129075
7251-XFOIL,Coulterville,95311,37.722127,-120.110174
7252-NTGSS,Redondo Beach,90277,33.830453,-118.384565
7253-UVNDW,Santa Barbara,93108,34.457541,-119.631072
7254-IQWOZ,Redding,96001,40.587919,-122.464732
7255-SSFBC,Northridge,91324,34.238208,-118.55029
7266-GSSJX,West Sacramento,95605,38.592745,-121.540036
7267-FRMJW,Sierra Madre,91024,34.168686,-118.057505
7268-IGMFD,Avila Beach,93424,35.186644,-120.728305
7268-WNTCP,Blocksburg,95514,40.309088,-123.668201
7269-JISCY,Los Alamitos,90720,33.79499,-118.065591
7270-BDIOA,Maxwell,95955,39.281194,-122.226568
7271-AJDTL,Sacramento,95816,38.574856,-121.46504
7272-QDCKA,Oroville,95965,39.624561,-121.552866
7273-TEFQD,La Puente,91746,34.038983,-117.991372
7274-CGTOD,San Geronimo,94963,38.00474,-122.663717
7274-RTAPZ,Long Beach,90804,33.783047,-118.1486
7277-KAMWT,San Leandro,94578,37.704384,-122.126703
7277-OZCGZ,Spring Valley,91978,32.730264,-116.950963
7278-CKDNC,Fresno,93701,36.749403,-119.787574
7279-BUYWN,Buena Park,90620,33.845706,-118.012204
7279-NMVJC,Compton,90220,33.88151,-118.234451
7284-BUYEC,Tulelake,96134,41.813521,-121.492666
7284-ZZLOH,Alta,95701,39.218096,-120.79153
7285-KLOTR,Pacifica,94044,37.573633,-122.455167
7291-CDTMJ,Laguna Beach,92651,33.570023,-117.773669
7293-LSCDV,Santa Ana,92704,33.719869,-117.907063
7294-TMAOP,Castro Valley,94546,37.708327,-122.083473
7295-JOMMD,San Jose,95135,37.28682,-121.723877
7296-PIXQY,Bodega,94922,38.343282,-122.9755
7297-DVYGA,West Covina,91790,34.066964,-117.937007
7298-IZWLY,Gardena,90249,33.90139,-118.315697
7299-GNVPL,El Portal,95318,37.654551,-119.822984
7301-ABVAD,Valley Village,91607,34.165783,-118.399795
7302-ZHMHP,Coronado,92118,32.68674,-117.186612
7305-ZWMAJ,Oakdale,95361,37.785033,-120.776141
7306-YDSOI,Ocotillo,92259,32.698964,-115.886656
7310-EGVHZ,Los Angeles,90036,34.070291,-118.349191
7311-MQJCH,Temecula,92592,33.507255,-117.029473
7312-XSBAT,Bakersfield,93305,35.391733,-118.984109
7314-OXENN,Temecula,92592,33.507255,-117.029473
7315-WYOAW,Santa Monica,90405,34.005439,-118.477507
7317-GGVPB,Lotus,95651,38.815515,-120.916997
7318-EIVKO,Shandon,93461,35.634488,-120.293534
7319-VENRZ,Rancho Santa Margarita,92688,33.624654,-117.611733
7319-ZNRTR,Rio Linda,95673,38.688764,-121.457596
7321-KKSDU,San Marino,91108,34.122671,-118.112911
7321-PKUYW,Branscomb,95417,39.710591,-123.682799
7321-VGNKU,Paskenta,96074,39.884395,-122.587513
7321-ZNSLA,Cottonwood,96022,40.336392,-122.448533
7322-OCWHC,Placentia,92870,33.881158,-117.854783
7325-ENZFI,Santa Cruz,95064,37.007882,-122.065975
7326-RIGQZ,Culver City,90230,33.993991,-118.39704
7328-OWMOM,San Diego,92111,32.805518,-117.169052
7328-ZJAJO,Santa Rosa,95409,38.468893,-122.580539
7330-WZLNC,Red Bluff,96080,40.186772,-122.388361
7336-RLLRH,Oceanside,92054,33.351059,-117.420557
7337-CINUD,Mokelumne Hill,95245,38.304194,-120.592431
7338-ERIVA,Etna,96027,41.405193,-123.008567
7339-POGZN,Pasadena,91107,34.159007,-118.087353
7340-KEFQE,Santa Ana,92703,33.748635,-117.906125
7341-LXCAF,Berkeley,94705,37.858898,-122.240512
7343-EOBEU,Laguna Niguel,92677,33.529047,-117.701175
7346-MEDWM,Cathedral City,92234,33.829583,-116.474131
7349-ALMUX,Rancho Cucamonga,91730,34.10097,-117.57882
7351-KYHQH,Fallbrook,92028,33.362575,-117.299644
7351-MHQVU,Volcano,95689,38.481902,-120.603668
7353-YOWFP,Brookdale,95007,37.106902,-122.100006
7354-OIJLX,Inglewood,90305,33.958134,-118.330905
7356-AYNJP,Stockton,95219,38.029729,-121.387999
7356-IWLFW,Weott,95571,40.310119,-123.909449
7359-PTSXY,Tustin,92780,33.735802,-117.818805
7359-SSBJK,Whittier,90605,33.960891,-118.032222
7359-WWYJV,Los Angeles,90044,33.952714,-118.292061
7361-YPXFS,Brawley,92227,33.03933,-115.191857
7363-QTBIW,Scotts Valley,95066,37.070177,-122.010077
7365-BVCJH,Trinity Center,96091,41.081847,-122.700545
7369-TRPFD,Chatsworth,91311,34.294142,-118.603883
7375-WMVMT,Wildomar,92595,33.617108,-117.253349
7377-DMMRI,Exeter,93221,36.301689,-119.018233
7379-FNIUJ,Olympic Valley,96146,39.191797,-120.212401
7379-POKDZ,Lancaster,93536,34.741406,-118.38111
7382-DFJTU,Lakeshore,93634,37.290606,-119.216328
7384-GHBPI,San Dimas,91773,34.102119,-117.815532
7389-KBFIT,Big Pine,93513,37.245505,-118.062943
7392-YYPYJ,Santa Ana,92706,33.765893,-117.881533
7394-FKDNK,San Diego,92126,32.886925,-117.152162
7394-LWLYN,Oakland,94610,37.808731,-122.238708
7395-IGJOS,Quincy,95971,39.971228,-121.041166
7395-XWZOY,Suisun City,94585,38.197907,-122.017258
7396-VJUZB,Willow Creek,95573,40.949012,-123.655847
7398-HPYZQ,Beaumont,92223,33.946982,-116.977672
7398-LXGYX,Pioneertown,92268,34.201108,-116.593456
7398-SKNQZ,Downey,90241,33.940884,-118.128628
7399-QHBJS,Escondido,92027,33.141265,-116.967221
7401-JIXNM,Arvin,93203,35.116307,-118.817644
7401-RUBNK,South Dos Palos,93665,36.959731,-120.653519
7402-EYFXX,Salyer,95563,40.89866,-123.539754
7402-PWYJJ,Sacramento,95841,38.660442,-121.346321
7404-JLKQG,Glennville,93226,35.735694,-118.738483
7407-SUJIZ,Los Angeles,90061,33.92128,-118.274186
7408-OFWXJ,Fresno,93728,36.757345,-119.818274
7409-JURKQ,Temple City,91780,34.101608,-118.055848
7409-KIUTL,Escondido,92027,33.141265,-116.967221
7410-KTVFV,Grimes,95950,39.033058,-121.895718
7410-OIEDU,Culver City,90230,33.993991,-118.39704
7410-YTJIK,Eureka,95501,40.796621,-124.15428
7416-CKTEP,Lakewood,90715,33.841027,-118.078097
7421-ZLUPA,Hanford,93230,36.29223,-119.622676
7422-WNBTY,Green Valley Lake,92341,34.244411,-117.072654
7426-GSWPO,Portola,96122,39.786755,-120.445626
7426-RHZGU,Oakland,94603,37.739113,-122.175602
7426-WEIJX,Olympic Valley,96146,39.191797,-120.212401
7427-AUFPY,Hamilton City,95951,39.732767,-122.042298
7432-FFVAR,Victorville,92392,34.486835,-117.362274
7434-SHXLS,Wallace,95254,38.192608,-120.957842
7435-ZNUYY,Loleta,95551,40.665952,-124.240051
7439-DKZTW,Paicines,95043,36.525703,-120.952122
7442-YGZFK,Campo,91906,32.673483,-116.472863
7445-WMRBW,Hathaway Pines,95233,38.184914,-120.364085
7446-KQISO,Visalia,93292,36.37559,-119.211689
7446-SFAOA,Santa Rosa,95407,38.394091,-122.739814
7446-YPODE,Bridgeport,93517,38.184583,-119.286558
7449-HVPIV,Chula Vista,91913,32.64164,-116.985026
7450-NWRTR,San Diego,92126,32.886925,-117.152162
7452-FOLON,Terra Bella,93270,35.939068,-119.043666
7459-IMVYU,Chino Hills,91709,33.942895,-117.725644
7459-RRWQZ,San Diego,92130,32.957195,-117.202542
7460-ITWWP,Oakland,94621,37.750553,-122.197175
7463-IFMQU,Laton,93242,36.444232,-119.718285
7465-ZZRVX,Ceres,95307,37.553469,-120.952825
7469-LKBCI,Los Angeles,90013,34.044639,-118.240413
7470-DYNOE,Walnut,91789,34.018354,-117.85492
7470-MCQTK,Alpaugh,93201,35.869626,-119.498771
7471-MQPOS,Long Beach,90808,33.823943,-118.111335
7471-WNSUF,San Francisco,94121,37.776718,-122.495781
7472-EQOAV,Laguna Niguel,92677,33.529047,-117.701175
7473-ZBDSN,Walnut Creek,94595,37.862128,-122.075197
7479-NITWS,Green Valley Lake,92341,34.244411,-117.072654
7480-QNVZJ,Los Angeles,90005,34.059281,-118.30742
7480-SPLEF,Dunlap,93621,36.789213,-119.140338
7481-ATQQS,Boulder Creek,95006,37.171727,-122.142961
7483-IQWIB,Morongo Valley,92256,34.097863,-116.594561
7486-KSRVI,Folsom,95630,38.672638,-121.147403
7488-MXJIV,Armona,93202,36.315979,-119.710852
7492-TAFJD,Long Beach,90803,33.760458,-118.129725
7493-GVFIO,Stockton,95202,37.959706,-121.287669
7493-TPUWZ,Diamond Springs,95619,38.683605,-120.811852
7495-OOKFY,Los Angeles,90063,34.044271,-118.185237
7501-IWUNG,Springville,93265,36.245926,-118.693138
7501-VTYLJ,Sacramento,95864,38.585826,-121.376263
7502-BNYGS,Wasco,93280,35.652242,-119.4464
7503-EPSZW,River Pines,95675,38.545775,-120.743325
7503-MIOGA,Shandon,93461,35.634488,-120.293534
7503-QQRVF,San Jose,95127,37.375156,-121.795867
7503-ZGUZJ,Riverside,92505,33.920907,-117.489426
7504-UWHNB,Vallejo,94591,38.105733,-122.186338
7508-DQAKK,Shingle Springs,95682,38.598936,-120.963092
7508-KBIMB,Jamestown,95327,37.84771,-120.486589
7508-MYBOG,Patterson,95363,37.410236,-121.320337
7508-SMHXL,San Francisco,94109,37.794487,-122.42227
7511-YMXVQ,Lynwood,90262,33.923573,-118.200669
7515-LODFU,Burney,96013,40.946785,-121.719489
7516-GMHUV,Lakeshore,93634,37.290606,-119.216328
7517-LDMPS,Modesto,95356,37.716186,-121.025836
7517-SAWMO,Granada Hills,91344,34.291273,-118.505104
7519-JTWQH,Calipatria,92233,33.143826,-115.497485
7520-HQWJU,Santa Ysabel,92070,33.174725,-116.743329
7521-AFHAB,Auberry,93602,36.991762,-119.242874
7521-YXVZY,Placerville,95667,38.733714,-120.795213
7524-VRLPL,Manchester,95459,38.966713,-123.586412
7526-BEZQB,Lawndale,90260,33.88856,-118.351813
7526-IVLYU,San Francisco,94108,37.791998,-122.408653
7527-QNRUS,Escondido,92027,33.141265,-116.967221
7529-ZDFXI,La Verne,91750,34.144703,-117.770299
7530-HDYDS,Lakewood,90712,33.840524,-118.148403
7531-GQHME,San Jacinto,92582,33.806708,-117.02007
7534-BFESC,San Diego,92122,32.85723,-117.209774
7537-CBQUZ,Castroville,95012,36.784481,-121.759054
7537-RBWEA,Petrolia,95558,40.274302,-124.210902
7538-GWHML,Lemon Cove,93244,36.462671,-118.997291
7541-YLXCL,Pomona,91767,34.083086,-117.737997
7542-CYDDM,Turlock,95382,37.529656,-120.854357
7544-ZVIKX,Roseville,95678,38.759751,-121.288545
7547-EKNFS,Caspar,95420,39.361283,-123.784599
7548-SEPYI,Temecula,92592,33.507255,-117.029473
7549-MYGPK,Mountain View,94040,37.380662,-122.086022
7550-WIQVA,Rocklin,95677,38.7904,-121.236973
7551-DACSP,Hat Creek,96040,40.789799,-121.474529
7551-JOHTI,Malibu,90265,34.074572,-118.831181
7552-KEYGT,Platina,96076,40.367964,-122.937379
7554-AKDQF,Sierra Madre,91024,34.168686,-118.057505
7554-NEWDD,Long Beach,90815,33.797638,-118.11662
7558-IMLMT,Stanton,90680,33.801869,-117.995068
7560-QJAVJ,Biggs,95917,39.457388,-121.818201
7560-QRBXH,Woodland,95695,38.71967,-121.862416
7562-GSUHK,Jamestown,95327,37.84771,-120.486589
7562-UXTPG,Canoga Park,91303,34.19829,-118.602203
7563-BIUPC,San Diego,92122,32.85723,-117.209774
7564-GHCVB,San Simeon,93452,35.746484,-121.223355
7566-DSRLQ,Rancho Cucamonga,91701,34.132275,-117.611478
7567-ECMCM,Danville,94506,37.791481,-121.903253
7568-PODML,Watsonville,95076,36.931654,-121.752383
7569-NMZYQ,Middletown,95461,38.787446,-122.58675
7570-WELNY,Sherman Oaks,91423,34.146957,-118.432138
7571-YXDAD,Davis,95618,38.544002,-121.685559
7572-KPVKK,Los Altos,94024,37.352911,-122.093002
7576-ASEJU,Azusa,91702,34.174493,-117.87068
7576-JMYWV,San Martin,95046,37.084697,-121.606417
7576-OYWBN,San Mateo,94402,37.556634,-122.317723
7577-SWIFR,Glendale,91206,34.162515,-118.203869
7579-KKLOE,Earlimart,93219,35.858054,-119.305858
7579-OOPEC,Pala,92059,33.384345,-117.072619
7580-UGXNC,Culver City,90232,34.019323,-118.391902
7581-EBBOU,Volcano,95689,38.481902,-120.603668
7586-ZATGZ,Ravendale,96123,40.845738,-120.322219
7587-AOVVU,Arcata,95521,40.839958,-124.003757
7587-RZNME,Valencia,91355,34.43987,-118.644609
7590-VHVEG,Los Angeles,90001,33.973616,-118.24902
7593-JNWRU,Fremont,94538,37.505768,-121.962472
7593-XFKDI,Los Angeles,90031,34.085807,-118.206617
7594-LZNWR,Sacramento,95826,38.542532,-121.378826
7594-RQHXR,Covina,91722,34.097345,-117.906736
7595-EHCDL,Santa Maria,93454,34.943523,-120.256729
7595-EUIVN,Clearlake,95422,38.965804,-122.631779
7596-IIWYC,Fiddletown,95629,38.513484,-120.704613
7596-LDUXP,Rodeo,94572,38.027218,-122.23463
7596-ZYWBB,Bakersfield,93312,35.392599,-119.245341
7598-UAASY,Marshall,94940,38.129308,-122.834815
7599-FKVXZ,South Pasadena,91030,34.110444,-118.156957
7599-NTMDP,Lockeford,95237,38.166791,-121.14207
7601-DHFWZ,Simi Valley,93063,34.296813,-118.685703
7601-GNDYK,Wildomar,92595,33.617108,-117.253349
7601-WFVZV,Downieville,95936,39.578792,-120.780786
7602-DBTOU,San Francisco,94121,37.776718,-122.495781
7602-MVRMB,Fish Camp,93623,37.483535,-119.679414
7603-USHJS,San Gabriel,91775,34.114772,-118.089431
7605-BDWDC,Mira Loma,91752,33.999992,-117.535395
7605-SNLQG,Gardena,90249,33.90139,-118.315697
7606-BPHHN,La Quinta,92253,33.695532,-116.310571
7607-QKKTJ,Loma Linda,92354,34.049315,-117.255974
7608-RGIRO,Marysville,95901,39.19514,-121.503883
7609-NRNCA,Mountain Ranch,95246,38.264262,-120.515133
7609-YBPXG,Irvine,92602,33.720359,-117.733655
7610-TVOPG,West Point,95255,38.41935,-120.469545
7611-YKYTC,Burson,95225,38.183918,-120.898817
7613-LLQFO,Amador City,95601,38.431407,-120.8421
7614-QVWQL,Costa Mesa,92627,33.645672,-117.922613
7615-ESMYF,San Diego,92117,32.825086,-117.199424
7617-EYGLW,Clearlake Oaks,95423,39.07116,-122.598542
7619-ODSGN,Foothill Ranch,92610,33.698728,-117.67768
7619-PLRLP,Cardiff By The Sea,92007,33.015866,-117.272254
7621-VPNET,Arcadia,91006,34.137319,-118.029837
7622-FWGEW,Costa Mesa,92626,33.678591,-117.905471
7622-NXQZR,Canoga Park,91304,34.224377,-118.632656
7623-HKYRK,Caliente,93518,35.358953,-118.527064
7623-TRNQN,Jackson,95642,38.336216,-120.76901
7625-XCQRH,Strathmore,93267,36.141319,-119.129075
7627-JKIAZ,San Jose,95116,37.350284,-121.852855
7629-WFGLW,Palo Alto,94301,37.444314,-122.149996
7629-WIXZF,San Rafael,94903,38.018065,-122.546024
7632-MNYOY,Tahoe Vista,96148,39.24124,-120.054765
7632-YUTXB,Stinson Beach,94970,37.921137,-122.657562
7633-MVPUY,Diamond Bar,91765,33.992416,-117.807874
7634-HLQJR,Moss Landing,95039,36.863303,-121.781632
7634-WSWDB,Terra Bella,93270,35.939068,-119.043666
7636-OWBPG,Redding,96001,40.587919,-122.464732
7636-PEPNS,Palos Verdes Peninsula,90274,33.788208,-118.404955
7636-XUHWW,Firebaugh,93622,36.785618,-120.625382
7638-QVMVY,Visalia,93292,36.37559,-119.211689
7639-LIAYI,Los Angeles,90057,34.061918,-118.277939
7639-OPLNG,San Diego,92107,32.741852,-117.243453
7639-SUPCW,Glen Ellen,95442,38.368744,-122.522642
7641-EUYET,Tranquillity,93668,36.635661,-120.288644
7641-TQFHN,Fresno,93704,36.799648,-119.801247
7643-RCHXS,Montgomery Creek,96065,40.877552,-121.885884
7644-OMVMY,Los Angeles,90029,34.089953,-118.294824
7647-GYYKX,San Marcos,92069,33.162624,-117.170863
7649-PHJVR,Paso Robles,93446,35.634222,-120.728341
7649-SIJJF,Emeryville,94608,37.83726,-122.287648
7654-YWJUF,Sunland,91040,34.282704,-118.312929
7657-DYEPJ,Los Angeles,90024,34.066303,-118.435479
7658-UYUQS,Fullerton,92835,33.902211,-117.914922
7660-HDPJV,Long Beach,90810,33.819814,-118.222416
7661-CPURM,Alhambra,91803,34.074736,-118.145959
7663-CUXZB,Fields Landing,95537,40.726949,-124.217378
7663-RGWBC,Los Angeles,90049,34.091829,-118.491244
7663-YJHSN,Moss Landing,95039,36.863303,-121.781632
7663-ZTEGJ,Escondido,92027,33.141265,-116.967221
7665-NKLAV,Pleasanton,94566,37.633361,-121.862395
7665-TOALD,Temecula,92592,33.507255,-117.029473
7665-VIGUD,Santa Barbara,93108,34.457541,-119.631072
7666-WKRON,Riverbank,95367,37.734971,-120.954271
7668-XCFYV,Glendora,91741,34.14649,-117.849815
7669-LCRSD,Igo,96047,40.524535,-122.647172
7670-ZBPOQ,Denair,95316,37.524721,-120.757977
7672-VFMXZ,Long Beach,90815,33.797638,-118.11662
7673-BQGKU,Carlsbad,92009,33.098018,-117.258203
7673-LPRNY,Pasadena,91104,34.165383,-118.123752
7674-YTAFD,North Hills,91343,34.238802,-118.482296
7675-OZCZG,Fallbrook,92028,33.362575,-117.299644
7677-SJJJK,Granite Bay,95746,38.749466,-121.184196
7682-AZNDK,Williams,95987,39.117537,-122.284654
7683-CBDKJ,Palmdale,93550,34.536232,-118.082935
7684-XSZIY,Loomis,95650,38.809175,-121.171375
7688-AWMDX,San Diego,92131,32.89325,-117.087091
7690-KPNCU,Willow Creek,95573,40.949012,-123.655847
7691-KGKGP,Aliso Viejo,92656,33.571259,-117.731917
7691-XVTZH,Aromas,95004,36.878364,-121.629781
7693-LCKZL,Julian,92036,32.980678,-116.262854
7693-QPEFS,Davenport,95017,37.114335,-122.237162
7694-VLBWQ,Coronado,92118,32.68674,-117.186612
7695-PKLCZ,Salinas,93908,36.624338,-121.615669
7696-AMHOD,Fallbrook,92028,33.362575,-117.299644
7696-CFTAT,Diamond Bar,91765,33.992416,-117.807874
7698-YFGEZ,Riverside,92509,34.004379,-117.447864
7703-ZEKEF,Heber,92249,32.730583,-115.501083
7706-DZNKK,Palmdale,93551,34.613476,-118.256358
7706-YLMQA,Madera,93638,37.004068,-119.930027
7707-PYBBH,Lucerne Valley,92356,34.508417,-116.856103
7710-JSYOA,Pala,92059,33.384345,-117.072619
7711-GQBZC,Stockton,95207,38.002125,-121.324979
7711-YIJWC,Shingletown,96088,40.497441,-121.827524
7714-YXSMB,Irvine,92612,33.643095,-117.810896
7716-YTYHG,Oxnard,93030,34.223244,-119.18012
7717-BICXI,O Neals,93645,37.140104,-119.657092
7718-RXDGG,Newcastle,95658,38.883224,-121.15918
7718-UPSKJ,San Diego,92116,32.765299,-117.122565
7721-DVEKZ,Thousand Oaks,91360,34.214054,-118.88109
7721-JXEAW,Elk Grove,95624,38.434138,-121.30587
7722-CVFXN,Santa Cruz,95064,37.007882,-122.065975
7722-VJRQD,Brooks,95606,38.809804,-122.241383
7727-SHVZV,Chico,95926,39.745712,-121.84333
7729-JTEEC,Olympic Valley,96146,39.191797,-120.212401
7729-XBTWX,San Ramon,94583,37.766556,-121.976784
7730-CLDSV,Brentwood,94513,37.908242,-121.682472
7730-IUTDZ,Chatsworth,91311,34.294142,-118.603883
7733-UDMTP,Fresno,93726,36.793601,-119.761131
7734-DBOAI,Pope Valley,94567,38.672708,-122.403219
7739-LAXOG,Sacramento,95825,38.590035,-121.412455
7740-BTPUX,Manchester,95459,38.966713,-123.586412
7740-KKCXF,Los Angeles,90039,34.110845,-118.259595
7742-MYPGI,Cobb,95426,38.838088,-122.73203
7743-EXURX,Glendale,91208,34.195386,-118.238508
7746-AWNQW,La Jolla,92037,32.853743,-117.25034
7746-QYVCO,White Water,92282,33.972293,-116.654195
7748-UMTRK,San Francisco,94132,37.722302,-122.491129
7750-EYXWZ,Yucca Valley,92284,34.159534,-116.425984
7752-XUSCI,Crestline,92325,34.248061,-117.29028
7753-USQYQ,West Covina,91792,34.024405,-117.898722
7754-IXRMC,Atascadero,93422,35.453912,-120.69461
7758-UJWYS,Millbrae,94030,37.601248,-122.403099
7758-XKCBS,Reseda,91335,34.200175,-118.540958
7760-OYPDY,Los Angeles,90056,33.987945,-118.370442
7762-ONLJY,Sacramento,95834,38.646209,-121.52446
7762-URZQH,Venice,90291,33.991782,-118.479229
7764-BDPEE,Hayward,94542,37.656695,-122.048361
7765-LWVVH,Caspar,95420,39.361283,-123.784599
7766-CLTIC,Kenwood,95452,38.419525,-122.521585
7767-UXAGJ,Colfax,95713,39.084645,-120.894014
7771-CFQRQ,Mariposa,95338,37.526791,-119.99437
7771-ZONAT,Woodacre,94973,38.005839,-122.638155
7774-OJSXI,South Lake Tahoe,96150,38.911577,-120.106169
7776-QGYJC,Shasta Lake,96019,40.692523,-122.369876
7776-QWNFX,Chino,91710,33.990646,-117.663025
7777-UNYHB,Traver,93673,36.456091,-119.486225
7779-LGOVN,Paskenta,96074,39.884395,-122.587513
7779-ORAEL,Mi Wuk Village,95346,38.121601,-120.133915
7780-OTDSO,Covelo,95428,39.83307,-123.178765
7781-EWARA,Big Bend,96011,41.096569,-121.879082
7781-HVGMK,Amboy,92304,34.559882,-115.637164
7783-YKGDV,March Air Reserve Base,92518,33.888323,-117.277533
7785-RDVIG,Hemet,92543,33.739415,-116.968339
7786-WBJYI,San Diego,92130,32.957195,-117.202542
7787-BNTZM,Comptche,95427,39.239818,-123.565432
7789-CRUVC,San Diego,92107,32.741852,-117.243453
7789-HKSBS,Lakewood,90713,33.847755,-118.112532
7794-JASDG,Winchester,92596,33.657433,-117.04254
7795-CFOCW,Los Angeles,90004,34.076259,-118.310715
7797-EJMDP,Manteca,95336,37.830267,-121.201018
7798-JVXYM,Herald,95638,38.313447,-121.123886
7799-DSEWS,Hayward,94544,37.639215,-122.037554
7799-LGRDP,Lakewood,90713,33.847755,-118.112532
7801-CEDNV,Inglewood,90304,33.936827,-118.359824
7801-KICAO,Pasadena,91103,34.167465,-118.165327
7802-EFKNY,Redlands,92374,34.064073,-117.166158
7803-XOCCZ,Anza,92539,33.527605,-116.666551
7808-DVWEP,Chico,95926,39.745712,-121.84333
7811-JIVPF,Long Beach,90805,33.864622,-118.179626
7812-FZHPE,Bradley,93426,35.842889,-121.004862
7813-TKCVO,Oak Park,91377,34.19225,-118.776874
7813-ZGGAW,Applegate,95703,38.983388,-120.988814
7814-LEEVE,Grass Valley,95949,39.099204,-121.137962
7815-PDTHL,Van Nuys,91401,34.178483,-118.431791
7816-VGHTO,Rio Oso,95674,38.954144,-121.482536
7817-BOQPW,Rio Dell,95562,40.485849,-124.163234
7817-OMJNA,Mammoth Lakes,93546,37.550074,-118.837167
7820-ZYGNY,La Puente,91746,34.038983,-117.991372
7821-DPRQE,Stockton,95207,38.002125,-121.324979
7823-JSOAG,Sonoma,95476,38.25485,-122.461799
7824-PANSQ,Mammoth Lakes,93546,37.550074,-118.837167
7825-ECJRF,Santa Clarita,91350,34.502432,-118.41459
7825-GKXMW,San Diego,92121,32.898613,-117.202937
7826-VVKWT,San Diego,92114,32.707892,-117.05512
7831-QGOXH,Blue Lake,95525,40.94338,-123.831799
7833-PKIHD,Palm Desert,92260,33.694501,-116.412711
7838-LAZFO,Hanford,93230,36.29223,-119.622676
7839-NUIAA,Davis Creek,96108,41.750354,-120.403885
7839-QRKXN,Glendale,91203,34.153338,-118.262974
7841-FCRQD,Walnut,91789,34.018354,-117.85492
7841-TZDMQ,Sun Valley,91352,34.231053,-118.338307
7845-URHJN,Hacienda Heights,91745,33.998471,-117.973758
7850-THJMU,Mill Creek,96061,40.331975,-121.460674
7850-VWJUU,Lakewood,90715,33.841027,-118.078097
7851-FLGGQ,Wheatland,95692,39.043387,-121.409837
7851-WZEKY,Stockton,95219,38.029729,-121.387999
7852-LECYP,Los Angeles,90019,34.049841,-118.33846
7853-GVUDZ,Los Angeles,90004,34.076259,-118.310715
7853-OETYL,West Covina,91790,34.066964,-117.937007
7853-WNZSY,El Nido,95317,37.127386,-120.506422
7854-EDSSA,Santa Rosa,95404,38.526941,-122.709096
7854-EKTJL,Salinas,93901,36.64152,-121.622188
7854-FOKSF,Rosamond,93560,34.903052,-118.411251
7855-DIWPO,Sloughhouse,95683,38.470423,-121.114897
7856-GANIL,Irvine,92606,33.703976,-117.824172
7858-GTZSP,San Lucas,93954,36.125529,-120.864443
7860-KSUGX,Long Beach,90806,33.802664,-118.179971
7860-UXCRM,San Gabriel,91775,34.114772,-118.089431
7861-UVUFT,Sloughhouse,95683,38.470423,-121.114897
7868-BGSZA,Riverside,92504,33.9108,-117.398153
7868-TMWMZ,Berkeley,94703,37.863843,-122.275684
7869-ZYDST,Hyampom,96046,40.648024,-123.465088
7872-BAAZR,Norwalk,90650,33.905963,-118.08263
7872-RDDLZ,Piercy,95587,39.955587,-123.681175
7873-CVMAW,Van Nuys,91405,34.202494,-118.448048
7874-ECPQJ,Wofford Heights,93285,35.690535,-118.552784
7876-AEHIG,Daly City,94015,37.680844,-122.48131
7876-BEUTG,San Bruno,94066,37.624436,-122.430661
7876-DNYAP,Washington,95986,39.34128,-120.786867
7878-JGDKK,Selma,93662,36.545322,-119.642281
7878-RTCZG,Inglewood,90302,33.975332,-118.355252
7879-CGSFV,Sugarloaf,92386,34.243088,-116.830015
7880-XSOJX,Garden Grove,92840,33.787165,-117.931889
7881-EVUAD,Oroville,95966,39.473896,-121.415927
7881-INRLC,San Mateo,94403,37.538309,-122.305109
7883-ROJOC,Point Reyes Station,94956,38.060264,-122.830646
7890-VYYWG,Sutter,95982,39.172777,-121.805845
7892-POOKP,Los Angeles,90010,34.062125,-118.315709
7892-QVYKW,El Cajon,92020,32.79697,-116.969082
7893-IXHRQ,Sacramento,95826,38.542532,-121.378826
7895-VONWT,Manhattan Beach,90266,33.889632,-118.39737
7898-PDWQE,Maxwell,95955,39.281194,-122.226568
7901-HXJVA,Chico,95928,39.681488,-121.83721
7901-IIDQV,San Diego,92119,32.802959,-117.027095
7901-TBKJX,Twentynine Palms,92278,34.457829,-116.139589
7903-CMPEY,Corte Madera,94925,37.924014,-122.511694
7905-NJMXS,Williams,95987,39.117537,-122.284654
7905-TVXTA,Salinas,93907,36.77462,-121.664714
7908-QCBCA,Atwater,95301,37.321233,-120.656354
7909-FIOIY,Santa Clara,95051,37.348129,-121.98469
7912-SYRQT,Los Angeles,90042,34.11572,-118.192754
7916-VCCPB,Parker Dam,92267,34.273872,-114.192901
7919-ZODZZ,Antioch,94509,37.980057,-121.801599
7921-BEPCI,Rocklin,95765,38.823278,-121.281856
7921-LMDFQ,Chula Vista,91910,32.636792,-117.054989
7923-IYJWY,Twain Harte,95383,38.107441,-120.230625
7924-GJZFI,Jackson,95642,38.336216,-120.76901
7925-PNRGI,Chula Vista,91914,32.688506,-116.938632
7926-IJOOU,San Francisco,94116,37.74441,-122.486764
7927-AUXBZ,Sun City,92586,33.707483,-117.200006
7928-VJYAB,Lemoore,93245,36.303666,-119.825657
7929-DMBCV,Arroyo Grande,93420,35.176236,-120.483243
7929-SKFGK,Mentone,92359,34.103578,-117.04054
7931-PXHFC,Duarte,91010,34.145695,-117.95982
7932-WPTDS,San Diego,92126,32.886925,-117.152162
7938-OUHIO,Mill Valley,94941,37.901371,-122.572024
7940-UQQUG,Thousand Oaks,91360,34.214054,-118.88109
7941-RCJOW,Tehama,96090,40.021787,-122.127576
7943-RQCHR,Davis,95616,38.508735,-121.678813
7945-HLKEA,Half Moon Bay,94019,37.45567,-122.407992
7945-PRBVF,Nevada City,95959,39.333737,-120.858667
7950-XWOVN,Oxnard,93035,34.18454,-119.224666
7951-QKZPL,Saint Helena,94574,38.581354,-122.296283
7951-VRDVK,Laguna Hills,92653,33.606899,-117.717854
7952-OBOYL,Upland,91786,34.105493,-117.660934
7954-MLBUN,Santa Barbara,93111,34.460197,-119.802602
7956-XQWGU,Long Beach,90803,33.760458,-118.129725
7957-RYHQD,Bellflower,90706,33.887676,-118.127289
7963-GQRMY,Los Angeles,90004,34.076259,-118.310715
7963-SHNDT,Redwood City,94062,37.410567,-122.297152
7964-VEXDG,Anaheim,92802,33.807864,-117.923782
7964-YESJC,Moorpark,93021,34.312945,-118.858169
7964-ZRKKG,Van Nuys,91411,34.17847,-118.459472
7966-YOTQW,Nubieber,96068,41.082472,-121.195215
7967-HYCDE,Spring Valley,91978,32.730264,-116.950963
7968-QUXNS,Dobbins,95935,39.381174,-121.21191
7969-AULMZ,San Francisco,94104,37.791222,-122.402241
7969-FFOWG,Littlerock,93543,34.505273,-117.955054
7971-HLVXI,San Bernardino,92404,34.183286,-117.221722
7973-DZRKH,Riverside,92507,33.976328,-117.319786
7975-JMZNT,Columbia,95310,38.085839,-120.37855
7975-TZMLR,Reedley,93654,36.636638,-119.421842
7976-CICYS,Woodland Hills,91367,34.178068,-118.615714
7977-HXJKU,Scotia,95565,40.440636,-124.098739
7978-DKUQH,Lake Elsinore,92532,33.705836,-117.318204
7979-CORPM,Oakdale,95361,37.785033,-120.776141
7980-MHFLQ,Independence,93526,36.869584,-118.189241
7982-VCELR,Ramona,92065,33.044541,-116.833922
7989-AWGEH,San Luis Obispo,93405,35.236549,-120.727344
7989-CHGTL,San Diego,92122,32.85723,-117.209774
7989-VCQOH,Auberry,93602,36.991762,-119.242874
7993-NQLJE,Glenn,95943,39.597975,-122.032248
7993-PYKOF,Rio Nido,95471,38.522328,-122.97932
7994-UYIVZ,Miramonte,93641,36.696759,-119.024051
7994-XIRTR,Roseville,95747,38.784329,-121.373245
7995-ZHHNZ,Fullerton,92832,33.868316,-117.929029
7996-BPXHY,San Francisco,94111,37.801776,-122.402293
7996-MHXLW,Ocotillo,92259,32.698964,-115.886656
7997-EASSD,Redwood City,94061,37.461251,-122.235414
7998-WNZEM,San Francisco,94131,37.746699,-122.442833
7998-ZLXWN,Larkspur,94939,37.937082,-122.532369
8000-REIQB,San Diego,92117,32.825086,-117.199424
8003-EWNDZ,Philo,95466,39.094102,-123.500853
8006-PYCSW,Los Angeles,90040,33.994524,-118.149953
8007-YYPWD,Homeland,92548,33.761894,-117.120868
8008-ESFLK,Capitola,95010,36.977025,-121.952864
8008-HAWED,Los Angeles,90027,34.127194,-118.295647
8008-OTEZX,Villa Park,92861,33.817473,-117.810462
8010-EZLOU,San Marino,91108,34.122671,-118.112911
8012-SOUDQ,Los Angeles,90059,33.927254,-118.249826
8015-IHCGW,Garden Grove,92844,33.766476,-117.969795
8016-NCFVO,Glendale,91203,34.153338,-118.262974
8016-ZMGMO,Colusa,95932,39.273096,-122.050763
8017-LXHFA,San Diego,92130,32.957195,-117.202542
8017-UVSZU,Calabasas,91302,34.130861,-118.68346
8019-ENHXU,Oakland,94601,37.776523,-122.219268
8020-BWHYL,Montrose,91020,34.2112,-118.230625
8022-BECSI,Santa Ysabel,92070,33.174725,-116.743329
8023-QHAIO,Corona,92882,33.819385,-117.600213
8024-XNAFQ,Isleton,95641,38.154823,-121.601358
8028-PNXHQ,Downey,90242,33.921793,-118.140588
8029-XYPWT,Anaheim,92806,33.83796,-117.870494
8033-ATFAS,San Mateo,94404,37.556094,-122.272437
8033-VCZGH,Tracy,95376,37.680968,-121.446049
8034-RYTVV,Rancho Santa Margarita,92688,33.624654,-117.611733
8035-BUYVG,Running Springs,92382,34.186211,-117.07683
8035-PWSEV,Hayward,94542,37.656695,-122.048361
8039-ACLPL,Mather,95655,38.549822,-121.266725
8039-EQPIM,Spring Valley,91977,32.726627,-116.994608
8040-MNRTF,Taft,93268,35.184837,-119.402525
8041-TMEID,Corning,96021,39.913777,-122.289984
8042-JVNFH,Olancha,93549,36.296851,-117.865469
8042-RNLKO,Watsonville,95076,36.931654,-121.752383
8043-PNYSD,Lakehead,96051,40.883853,-122.418258
8044-BGWPI,Ontario,91764,34.074087,-117.605618
8046-DNVTL,Weott,95571,40.310119,-123.909449
8048-DSDFQ,Midway City,92655,33.744439,-117.98588
8049-WJCLQ,Ducor,93218,35.846067,-119.004073
8050-DVOJX,Keeler,93530,36.560498,-117.962461
8050-WYBND,Whittier,90606,33.976678,-118.065875
8050-XGRVL,Millville,96062,40.531257,-122.148139
8051-HJRLT,Wrightwood,92397,34.358321,-117.618263
8053-WWDRO,San Diego,92109,32.787836,-117.232376
8058-DMYRU,Glendale,91208,34.195386,-118.238508
8058-INTPH,San Diego,92109,32.787836,-117.232376
8058-JMEQO,San Diego,92121,32.898613,-117.202937
8059-UDZFY,Lucerne,95458,39.141934,-122.770679
8060-HIWJJ,Lincoln,95648,38.922812,-121.312005
8062-YBDOE,Canyon Country,91351,34.422519,-118.420717
8063-GBATB,Cobb,95426,38.838088,-122.73203
8063-RJYNF,Richmond,94804,37.921034,-122.341798
8064-RAVOH,Oxnard,93030,34.223244,-119.18012
8065-BVEPF,Yorkville,95494,38.888351,-123.239647
8065-QBYTO,Pomona,91768,34.067932,-117.785168
8065-YKXKD,San Diego,92126,32.886925,-117.152162
8066-POXGX,Fresno,93720,36.878709,-119.7645
8067-NIOYM,Irvine,92602,33.720359,-117.733655
8069-RHUXK,Fullerton,92832,33.868316,-117.929029
8069-YQQAJ,Studio City,91604,34.139082,-118.39275
8070-AAWZP,Sheridan,95681,38.984756,-121.345074
8071-SBTRN,Canoga Park,91304,34.224377,-118.632656
8073-IJDCM,Rescue,95672,38.724322,-120.991237
8075-GXIUB,Spring Valley,91978,32.730264,-116.950963
8076-FEZKJ,Silverado,92676,33.782346,-117.635263
8079-XRJRS,Pleasant Grove,95668,38.833554,-121.498102
8080-DDEMJ,Glendale,91204,34.136306,-118.26036
8080-POTJR,Rancho Palos Verdes,90275,33.753146,-118.367459
8082-GHXOP,Esparto,95627,38.834469,-122.127193
8083-YTZES,San Diego,92113,32.697098,-117.116587
8084-OIVBS,Clarksburg,95612,38.384648,-121.578701
8085-MSNLK,San Jose,95124,37.257063,-121.923037
8086-OVPWV,San Diego,92117,32.825086,-117.199424
8087-LGYHQ,Crestline,92325,34.248061,-117.29028
8089-UZWLX,El Nido,95317,37.127386,-120.506422
8091-TTVAX,Los Angeles,90014,34.043144,-118.251977
8092-NLTGF,Reseda,91335,34.200175,-118.540958
8095-WANWK,Kettleman City,93239,35.996923,-120.000951
8096-LOIST,Stirling City,95978,39.904002,-121.527823
8097-OMULG,San Jose,95116,37.350284,-121.852855
8097-VBQTZ,Anaheim,92806,33.83796,-117.870494
8098-LLAZX,San Diego,92122,32.85723,-117.209774
8098-TDCBU,North Fork,93643,37.244307,-119.470256
8099-MZPUJ,Carmel,93923,36.460611,-121.852507
8100-HZZLJ,Indio,92201,33.713891,-116.237257
8100-PNJMH,Glennville,93226,35.735694,-118.738483
8104-OSKWT,Anaheim,92804,33.818,-117.974404
8106-GWQOK,Warner Springs,92086,33.323705,-116.626907
8107-KNCIM,San Francisco,94111,37.801776,-122.402293
8107-RZLNV,South Gate,90280,33.944624,-118.192615
8108-UXRQN,Lawndale,90260,33.88856,-118.351813
8109-YUOHE,Porter Ranch,91326,34.281911,-118.556218
8111-BKVDS,Escondido,92027,33.141265,-116.967221
8111-RKSPX,Santa Rosa,95401,38.460517,-122.790335
8111-SLLHI,San Jose,95128,37.316146,-121.936285
8118-LSUEL,Roseville,95678,38.759751,-121.288545
8118-TJAFG,Gardena,90247,33.890853,-118.297967
8120-JDCAM,Vallejo,94589,38.161321,-122.271588
8123-QBNAZ,Scott Bar,96085,41.737962,-123.07557
8124-NZVGJ,Baker,92309,35.28952,-116.092214
8125-QPFJD,Greenview,96037,41.528541,-122.955018
8128-YVJRG,Berkeley,94709,37.878554,-122.26609
8129-GMVGI,San Bruno,94066,37.624436,-122.430661
8132-YPVBX,Salinas,93907,36.77462,-121.664714
8133-ANHHJ,Ventura,93003,34.279221,-119.221437
8138-EALND,Laguna Hills,92653,33.606899,-117.717854
8143-ETQTI,Bakersfield,93313,35.140938,-119.051348
8144-DGHXP,Gridley,95948,39.346898,-121.759537
8146-QQKZH,El Sobrante,94803,37.963995,-122.288296
8148-BPLZQ,Jacumba,91934,32.649787,-116.2237
8148-NLEGT,Pinecrest,95364,38.224869,-119.755729
8148-WOCMK,Castaic,91384,34.506627,-118.699048
8149-AIQCG,Redondo Beach,90278,33.873395,-118.37019
8149-RSOUN,Dorris,96023,41.949216,-122.050062
8150-QUDFX,Rohnert Park,94928,38.34719,-122.697822
8152-UOBNY,Mineral,96063,40.408796,-121.579609
8152-VETUR,Bishop,93514,37.04584,-118.397236
8155-IBNHG,San Diego,92103,32.747484,-117.166877
8158-WPEZG,Los Angeles,90061,33.92128,-118.274186
8160-HOWOX,San Bernardino,92407,34.250069,-117.393949
8161-QYMTT,Santa Maria,93454,34.943523,-120.256729
8164-OCKUJ,Magalia,95954,39.933852,-121.584371
8165-CBKXO,Los Angeles,90022,34.02381,-118.156582
8165-ZJRNM,Pittsburg,94565,38.006047,-121.916834
8166-ORCHU,Oakland,94605,37.758019,-122.138678
8166-ZZTFS,Roseville,95661,38.736685,-121.251984
8167-GJLRN,La Crescenta,91214,34.239636,-118.245259
8168-UQWWF,Los Angeles,90042,34.11572,-118.192754
8169-SAEJD,Lancaster,93535,34.712708,-117.889656
8173-RXAYP,Mcarthur,96056,41.10831,-121.360362
8174-LNWMW,Tustin,92782,33.738543,-117.785046
8174-TBVCF,Stanton,90680,33.801869,-117.995068
8178-EYZUO,San Francisco,94105,37.789168,-122.395009
8180-AKMJV,Litchfield,96117,40.507272,-120.338228
8181-YHCMF,La Mesa,91941,32.759327,-116.99726
8182-BJDSI,Santa Ana,92705,33.766004,-117.786763
8182-PNAGI,Pico Rivera,90660,33.989524,-118.089299
8183-ONMXC,San Diego,92117,32.825086,-117.199424
8184-WMOFI,Fresno,93702,36.739385,-119.753649
8185-UPYBR,Hermosa Beach,90254,33.86532,-118.396336
8189-DUKMV,Rancho Cordova,95742,38.591134,-121.161585
8189-HBVRW,Los Angeles,90005,34.059281,-118.30742
8189-XRIKE,Newark,94560,37.504133,-122.032347
8190-ZTQFB,Bieber,96009,41.083464,-121.107929
8191-XWSZG,Los Angeles,90018,34.028735,-118.317236
8194-PEEBY,Irvine,92604,33.688546,-117.788091
8197-BFWVU,Lake Isabella,93240,35.607875,-118.466318
8198-RKSZG,El Cerrito,94530,37.924838,-122.289145
8199-ZLLSA,Tujunga,91042,34.296574,-118.244839
8200-KLNYW,San Geronimo,94963,38.00474,-122.663717
8200-LGKSR,Azusa,91702,34.174493,-117.87068
8201-AAXCB,Ontario,91764,34.074087,-117.605618
8203-XJZRC,Chula Vista,91914,32.688506,-116.938632
8204-TIFGJ,June Lake,93529,37.730269,-119.055813
8204-YJCLA,San Ysidro,92173,32.555828,-117.040073
8205-MQUGY,Sacramento,95834,38.646209,-121.52446
8205-OTCHB,Riverside,92506,33.930931,-117.361788
8205-VSLRB,Greenview,96037,41.528541,-122.955018
8207-DMRVL,Yorba Linda,92886,33.897253,-117.792202
8207-VVMYB,Clayton,94517,37.881842,-121.848111
8208-EUMTE,Villa Park,92861,33.817473,-117.810462
8212-CRQXP,Alviso,95002,37.449537,-121.994813
8212-DJRCH,Newbury Park,91320,34.172071,-118.946262
8213-TAZPM,Lemon Grove,91945,32.733564,-117.033713
8215-NGSPE,Oxnard,93035,34.18454,-119.224666
8216-AZUUZ,San Francisco,94118,37.781304,-122.461522
8217-QYOHV,Burbank,91505,34.174215,-118.345928
8218-FFJDS,Georgetown,95634,38.9386,-120.785514
8219-VYBVI,Rancho Santa Fe,92067,33.012751,-117.200617
8220-OCUFY,Perris,92571,33.828289,-117.201666
8221-EQDGL,Alleghany,95910,39.467828,-120.841386
8221-HVAYI,Gustine,95322,37.147198,-121.120161
8224-DWCKX,Burlingame,94010,37.57028,-122.365778
8224-IVVPA,Caliente,93518,35.358953,-118.527064
8224-KDLKN,Sacramento,95825,38.590035,-121.412455
8224-UAXBZ,Sacramento,95827,38.549185,-121.328386
8225-BTJAU,Stinson Beach,94970,37.921137,-122.657562
8226-BXGES,Gardena,90249,33.90139,-118.315697
8229-BUJHX,Chula Vista,91911,32.607964,-117.059459
8229-MYEJZ,Upland,91786,34.105493,-117.660934
8229-TNIQA,Pasadena,91105,34.13946,-118.166649
8231-BSWXX,Mojave,93501,35.097323,-118.171288
8232-CTLKO,Ocotillo,92259,32.698964,-115.886656
8232-UTFOZ,Glendora,91740,34.119363,-117.855059
8234-GSZYK,Albion,95410,39.225694,-123.717354
8237-ULIXL,San Francisco,94116,37.74441,-122.486764
8241-JUIQO,Sunnyvale,94086,37.378541,-122.020456
8242-JSVBO,Mountain Ranch,95246,38.264262,-120.515133
8242-PDSGJ,Chilcoot,96105,39.872961,-120.198876
8242-SOQUO,Oakland,94619,37.787186,-122.14633
8245-UMPYT,Lockwood,93932,35.989792,-121.055933
8246-SHFGA,Mount Shasta,96067,41.33832,-122.290756
8249-THVEC,Los Angeles,90041,34.137412,-118.207607
8250-ZNGGW,Rio Vista,94571,38.148862,-121.737696
8257-RZAHR,San Jose,95134,37.42765,-121.945416
8258-GSTJK,San Pedro,90732,33.744119,-118.31448
8259-DZLIZ,Delhi,95315,37.422961,-120.765493
8259-NFJTV,Flournoy,96029,39.84784,-122.544556
8260-NGFNY,Phelan,92371,34.441123,-117.537886
8261-GWDBQ,Corona,92880,33.918043,-117.617809
8262-COGGB,Visalia,93277,36.303793,-119.375646
8263-JQAIK,Palmdale,93591,34.598221,-117.79593
8263-OKETD,Caruthers,93609,36.5276,-119.865999
8263-QMNTJ,San Francisco,94104,37.791222,-122.402241
8265-HKSOW,Occidental,95465,38.415003,-122.998726
8266-VBFQL,Jamul,91935,32.695681,-116.798386
8267-KFGYD,Alhambra,91803,34.074736,-118.145959
8267-ZNYVZ,Spring Valley,91977,32.726627,-116.994608
8268-YDIXR,Merced,95348,37.40122,-120.514191
8270-RKSAP,Anaheim,92801,33.844983,-117.952151
8272-ONJLV,San Diego,92123,32.808814,-117.134694
8276-MQBYC,Los Angeles,90028,34.099869,-118.326843
8277-RVRSV,Danville,94506,37.791481,-121.903253
8280-MQRQN,Arnold,95223,38.32153,-120.236358
8285-ABVLB,Santa Barbara,93103,34.438581,-119.685368
8286-AFUYI,Glendale,91203,34.153338,-118.262974
8290-YWKHZ,Fallbrook,92028,33.362575,-117.299644
8292-FRFZQ,Malibu,90263,34.037037,-118.705803
8292-ITGYJ,Campo Seco,95226,38.233879,-120.861666
8292-TYSPY,Los Angeles,90048,34.072945,-118.37267
8294-UIMBA,Northridge,91325,34.236683,-118.517588
8295-FHIVV,Paicines,95043,36.525703,-120.952122
8295-KMENE,Newhall,91321,34.370378,-118.504118
8305-VHZBZ,San Diego,92154,32.578103,-117.012975
8309-IEYJD,Indian Wells,92210,33.537646,-116.291089
8309-PPCED,Nipomo,93444,35.050345,-120.489599
8311-UEUAB,Rialto,92376,34.109775,-117.378904
8313-AFGBW,Los Angeles,90008,34.008293,-118.346766
8313-KTIHG,Thousand Palms,92276,33.849263,-116.382778
8313-NDOIA,Green Valley Lake,92341,34.244411,-117.072654
8314-DPQHL,Auberry,93602,36.991762,-119.242874
8314-HTWVE,Cypress,90630,33.818477,-118.038307
8316-BBQAY,Redwood City,94063,37.499411,-122.196318
8317-BVKSO,Termo,96132,41.027281,-120.669427
8318-LCNBW,San Luis Obispo,93405,35.236549,-120.727344
8319-QBEHW,San Jose,95134,37.42765,-121.945416
8325-QRPZR,Benicia,94510,38.113533,-122.11926
8327-LZKAS,Pomona,91767,34.083086,-117.737997
8327-WKMIE,Le Grand,95333,37.249377,-120.249581
8328-SKJNO,Seeley,92273,32.790282,-115.689559
8329-GWVPJ,Berkeley,94708,37.897743,-122.263124
8329-IBCTI,Cotati,94931,38.326215,-122.718742
8329-UTMVM,Bakersfield,93313,35.140938,-119.051348
8331-ZXFOE,Santa Clara,95054,37.393554,-121.965114
8332-OSJDW,Los Angeles,90038,34.088017,-118.327168
8336-TAVKX,Berry Creek,95916,39.657228,-121.37778
8337-MSSXB,Trabuco Canyon,92679,33.631119,-117.567346
8337-UPOAQ,Wrightwood,92397,34.358321,-117.618263
8338-QIUNR,Bakersfield,93304,35.339796,-119.023552
8344-WFMFH,Los Angeles,90008,34.008293,-118.346766
8345-MVDYC,Gardena,90248,33.876482,-118.284077
8347-GDTMP,Ripon,95366,37.750778,-121.13238
8348-HFYIV,Oakland,94601,37.776523,-122.219268
8348-JLBUG,North San Juan,95960,39.423046,-120.984472
8350-NYMVI,Chico,95973,39.903272,-121.843567
8356-WUAOJ,Glendale,91205,34.13658,-118.245839
8357-EQXFO,Union City,94587,37.59485,-122.051521
8361-LBRDI,Saint Helena,94574,38.581354,-122.296283
8361-LTMKD,Fallbrook,92028,33.362575,-117.299644
8364-TRMMK,San Jose,95132,37.424655,-121.74841
8372-JUXUI,San Bernardino,92410,34.106922,-117.297553
8374-UULRV,Carmel By The Sea,93921,36.554618,-121.922239
8374-XGEJJ,Temecula,92590,33.475493,-117.219551
8375-DKEBR,Hermosa Beach,90254,33.86532,-118.396336
8375-KVTHK,Fort Bragg,95437,39.455555,-123.683979
8378-LKJAF,Santa Ana,92704,33.719869,-117.907063
8380-MQINP,Los Angeles,90035,34.051809,-118.383843
8380-PEFPE,Avalon,90704,33.391181,-118.421305
8382-SHQEH,Rancho Cucamonga,91739,34.133809,-117.523724
8383-SGHJU,Lake Arrowhead,92352,34.2565,-117.19335
8384-FZBJK,San Mateo,94404,37.556094,-122.272437
8387-MOJJT,Nubieber,96068,41.082472,-121.195215
8387-UGUSU,Irvine,92614,33.680302,-117.833296
8388-DMKAE,Los Angeles,90016,34.028331,-118.354338
8388-FYNPZ,Pleasant Hill,94523,37.95338,-122.076886
8390-FESFV,Sebastopol,95472,38.398815,-122.861923
8393-DLHGA,Palermo,95968,39.435756,-121.552071
8393-JMVMB,Thousand Oaks,91360,34.214054,-118.88109
8395-ETZKQ,Sacramento,95841,38.660442,-121.346321
8397-MVTAZ,Sun City,92587,33.69887,-117.25071
8398-TBIYD,Castro Valley,94552,37.722727,-122.02157
8399-YNDCH,Columbia,95310,38.085839,-120.37855
8400-WZICQ,Long Beach,90813,33.781086,-118.199049
8401-EMUWF,Paramount,90723,33.897122,-118.164432
8402-EIVQS,Frazier Park,93222,34.907911,-119.234281
8402-OOOHJ,Buena Park,90620,33.845706,-118.012204
8404-FYDIB,Los Angeles,90012,34.065875,-118.238728
8404-GFGCZ,Millville,96062,40.531257,-122.148139
8404-VIOMB,Lakehead,96051,40.883853,-122.418258
8404-VLQFB,California Hot Springs,93207,35.865795,-118.69759
8405-IGQFX,Bridgeport,93517,38.184583,-119.286558
8406-LNMHF,Temecula,92592,33.507255,-117.029473
8409-WQJUX,Arcata,95521,40.839958,-124.003757
8410-BGQXN,Angels Camp,95222,38.071327,-120.632221
8413-VONUO,Grimes,95950,39.033058,-121.895718
8413-YNHNV,Oakland,94603,37.739113,-122.175602
8414-MYSHR,Arcadia,91007,34.128284,-118.047732
8414-OOEEL,Oakland,94606,37.792489,-122.244314
8417-FMLZI,Santa Cruz,95060,36.993451,-122.098858
8417-GSODA,Rancho Cucamonga,91737,34.245289,-117.642503
8421-WZOOW,Rio Vista,94571,38.148862,-121.737696
8429-XIBUM,Oakland,94618,37.84551,-122.235181
8430-TWCBX,Novato,94947,38.112166,-122.634384
8433-WPJTV,French Camp,95231,37.873283,-121.292034
8433-WXGNA,Salinas,93906,36.722898,-121.633648
8434-PNQZX,Marina Del Rey,90292,33.977468,-118.445475
8434-VGEQQ,Guadalupe,93434,34.936,-120.594655
8436-BJUMM,Albany,94706,37.890274,-122.295192
8439-LTUGF,Lake Forest,92630,33.644849,-117.684254
8441-SHIPE,Glendale,91204,34.136306,-118.26036
8443-WVPSS,Galt,95632,38.274451,-121.259201
8443-ZRDBZ,Fontana,92336,34.136367,-117.460803
8444-WRIDW,Thousand Oaks,91362,34.191842,-118.822796
8445-DNBAE,Sacramento,95814,38.584505,-121.491956
8450-JOVAH,Agoura Hills,91301,34.129058,-118.759788
8450-LUGUK,San Diego,92103,32.747484,-117.166877
8450-UYIBU,Fresno,93703,36.768774,-119.762633
8454-AATJP,Oakland,94607,37.80707,-122.297401
8455-HIRAQ,Carmichael,95608,38.626128,-121.328011
8456-QDAVC,Winterhaven,92283,32.852947,-114.850784
8457-XIGKN,Norco,92860,33.925833,-117.559639
8461-EFQYM,San Jose,95119,37.233226,-121.78809
8464-EETCQ,Salinas,93905,36.667794,-121.601306
8465-SBRXP,Baldwin Park,91706,34.098275,-117.967399
8466-PZBLH,Descanso,91916,32.912664,-116.635387
8467-WYNSR,Clayton,94517,37.881842,-121.848111
8468-EHYJA,Palo Verde,92266,33.3249,-114.758334
8468-FZTOE,San Diego,92126,32.886925,-117.152162
8469-SNFFH,San Pedro,90731,33.736387,-118.284363
8473-VUVJN,Temecula,92590,33.475493,-117.219551
8474-UMLNT,Fresno,93710,36.822715,-119.761826
8480-PPONV,Guerneville,95446,38.52576,-123.013347
8481-YYXWG,Hume,93628,36.807595,-118.901544
8485-GJCDN,San Diego,92109,32.787836,-117.232376
8486-AYEQH,Guatay,91931,32.857946,-116.561917
8490-BXHEO,Lucerne Valley,92356,34.508417,-116.856103
8495-LJDFO,Rancho Santa Margarita,92688,33.624654,-117.611733
8495-PRWFH,Waterford,95386,37.669516,-120.626964
8496-DMZUK,Soulsbyville,95372,37.990574,-120.261821
8496-EJAUI,Tujunga,91042,34.296574,-118.244839
8498-XXGWA,Malibu,90265,34.074572,-118.831181
8499-BRXTD,Kernville,93238,35.852892,-118.397782
8510-AWCXC,Novato,94945,38.135897,-122.563683
8510-BBWMU,Stonyford,95979,39.288127,-122.415841
8510-TMWYB,Sacramento,95814,38.584505,-121.491956
8512-WIWYV,Kirkwood,95646,38.631489,-120.015167
8513-OLYGY,Fortuna,95540,40.584991,-124.121504
8514-VZHEB,Travis Afb,94535,38.265899,-121.939461
8515-OCTJS,Lemoore,93245,36.303666,-119.825657
8519-IMDHU,Alderpoint,95511,40.166028,-123.584144
8519-QJGJD,Twain,95984,40.022184,-121.062384
8532-UEFWH,Huntington Beach,92649,33.721917,-118.043237
8535-SFUTN,Moreno Valley,92555,33.907361,-117.109972
8540-ZQGEA,Playa Del Rey,90293,33.947305,-118.439841
8541-QVFKM,Long Beach,90807,33.830099,-118.182239
8543-MSDMF,Coachella,92236,33.680031,-116.171678
8544-GOQSH,Pacoima,91331,34.255442,-118.421314
8544-JNBOX,Weimar,95736,39.00978,-120.978273
8547-NSBBO,San Pedro,90731,33.736387,-118.284363
8548-AWOFC,Huntington Beach,92647,33.723579,-118.005441
8550-XSXUQ,Cottonwood,96022,40.336392,-122.448533
8552-OBVRU,Ivanhoe,93235,36.385818,-119.224243
8559-CIZFV,Annapolis,95412,38.731055,-123.316553
8559-WNQZS,Atwater,95301,37.321233,-120.656354
8561-NMTBD,Lawndale,90260,33.88856,-118.351813
8562-GHPPI,San Leandro,94577,37.717196,-122.159338
8563-IIOXK,Duarte,91010,34.145695,-117.95982
8563-OYMQY,Covina,91722,34.097345,-117.906736
8564-LDKFL,Big Bar,96010,40.775272,-123.287414
8565-CLBZW,San Diego,92117,32.825086,-117.199424
8565-HBFNN,Los Altos,94024,37.352911,-122.093002
8565-WUXZU,Vina,96092,39.955164,-122.018567
8566-YPRGL,Long Beach,90806,33.802664,-118.179971
8570-KLJYJ,Arroyo Grande,93420,35.176236,-120.483243
8571-ZCMCX,Fresno,93706,36.654614,-119.903674
8573-CGOCC,Stockton,95215,37.946282,-121.139499
8573-JGCZW,Idyllwild,92549,33.755039,-116.741796
8577-QSOCG,Berkeley,94703,37.863843,-122.275684
8580-AECUZ,San Diego,92130,32.957195,-117.202542
8580-QVLOC,Merced,95348,37.40122,-120.514191
8582-KRHPJ,Moraga,94556,37.827946,-122.107185
8584-KMVXD,Calistoga,94515,38.629618,-122.593216
8587-XYZSF,Bellflower,90706,33.887676,-118.127289
8590-OHDIW,Garden Grove,92843,33.764018,-117.931507
8590-YFFQO,Morgan Hill,95037,37.161544,-121.649371
8591-NXRCV,Malibu,90265,34.074572,-118.831181
8591-TKMZH,Claremont,91711,34.127621,-117.717863
8592-PLTMQ,Fontana,92335,34.087558,-117.464096
8593-WHYHV,Los Angeles,90047,33.958149,-118.308441
8595-SIZNC,Los Angeles,90026,34.078991,-118.263804
8597-CTXVJ,Jenner,95450,38.505995,-123.187019
8597-CWYHH,Torrance,90502,33.833181,-118.292062
8601-QACRS,Fallbrook,92028,33.362575,-117.299644
8603-IJWDN,Pinole,94564,37.996462,-122.293716
8605-ITULD,Crescent Mills,95934,40.080342,-120.957805
8606-CIQUL,Temecula,92591,33.540604,-117.10909
8606-OEGQZ,Escalon,95320,37.818543,-121.006907
8608-OZTLB,Applegate,95703,38.983388,-120.988814
8610-WFCJF,Palo Alto,94303,37.45809,-122.115398
8610-ZIKJJ,Tujunga,91042,34.296574,-118.244839
8612-GXIDD,San Bernardino,92404,34.183286,-117.221722
8614-VGMMV,Riverside,92503,33.890046,-117.455583
8617-ENBDS,Helendale,92342,34.757783,-117.33997
8619-IJNDK,Santa Ana,92703,33.748635,-117.906125
8620-RJPZN,Los Altos,94022,37.349546,-122.134356
8621-MNIHH,Madison,95653,38.674276,-121.961866
8622-ZLFKO,Fresno,93710,36.822715,-119.761826
8623-TMRBY,Chula Vista,91915,32.605012,-116.97595
8623-ULFNQ,Cerritos,90703,33.8681,-118.067402
8624-GIOUT,Seeley,92273,32.790282,-115.689559
8625-AZYZY,Anza,92539,33.527605,-116.666551
8626-PTQGE,Escondido,92026,33.21846,-117.116916
8626-XHBIE,Riverdale,93656,36.452211,-119.94575
8627-EHGIP,Sacramento,95838,38.646096,-121.442433
8627-ZYGSZ,Compton,90220,33.88151,-118.234451
8628-MFKAX,San Pablo,94806,37.980269,-122.342635
8630-FJLIB,San Jose,95130,37.277592,-121.986477
8630-QSGXK,Pinon Hills,92372,34.459322,-117.629729
8631-NBHFZ,Running Springs,92382,34.186211,-117.07683
8631-WUXGY,Magalia,95954,39.933852,-121.584371
8631-XVRZL,Kyburz,95720,38.766036,-120.209673
8634-CILSZ,San Diego,92109,32.787836,-117.232376
8634-MPHTR,Forbestown,95941,39.531028,-121.24807
8637-XJIVR,Marina Del Rey,90292,33.977468,-118.445475
8639-NHQEI,Seiad Valley,96086,41.924174,-123.260788
8640-SDGKB,Los Angeles,90066,34.002028,-118.430656
8642-GVWRF,Capitola,95010,36.977025,-121.952864
8644-XLFBW,Lake Elsinore,92532,33.705836,-117.318204
8644-XYTSV,Ballico,95303,37.4695,-120.672724
8645-KOMJQ,Orosi,93647,36.600185,-119.175655
8645-KWHJO,San Gabriel,91776,34.089927,-118.095645
8646-JCOMS,Maywood,90270,33.988572,-118.186565
8647-SDTWQ,Hood,95639,38.375325,-121.507935
8648-PFRMP,Ferndale,95536,40.4785,-124.301372
8650-RHRKE,Oakdale,95361,37.785033,-120.776141
8651-ENBZX,Grizzly Flats,95636,38.636102,-120.522149
8652-YHIYU,San Jose,95125,37.294926,-121.894763
8654-DHAOW,Burson,95225,38.183918,-120.898817
8659-HDIYE,Los Angeles,90067,34.057496,-118.413959
8659-IOOPU,Moss Landing,95039,36.863303,-121.781632
8660-BUETV,Riverside,92501,33.994676,-117.372498
8661-BOYNW,Tollhouse,93667,36.993666,-119.348267
8663-UPDGF,Whittier,90605,33.960891,-118.032222
8665-UTDHZ,Los Angeles,90029,34.089953,-118.294824
8668-KNZTI,Sacramento,95834,38.646209,-121.52446
8670-ERCJH,Portola Valley,94028,37.369709,-122.215844
8670-MEFCP,Tranquillity,93668,36.635661,-120.288644
8671-KKKOS,Newman,95360,37.343846,-121.039391
8672-OAUPW,Corona,92883,33.762351,-117.488725
8676-OOQEJ,Amboy,92304,34.559882,-115.637164
8676-TRMJS,Torrance,90504,33.867257,-118.330794
8677-HDZEE,Mountain Center,92561,33.638645,-116.55783
8679-JOEVF,Sacramento,95838,38.646096,-121.442433
8679-LZBMD,North Fork,93643,37.244307,-119.470256
8680-CGLTP,Nicasio,94946,38.065359,-122.665566
8681-ICONS,Sacramento,95822,38.512569,-121.495184
8685-WHQPW,San Diego,92110,32.76501,-117.19938
8687-BAFGU,Clovis,93612,36.814539,-119.711868
8690-UPCZI,Los Angeles,90004,34.076259,-118.310715
8690-ZVLCL,Los Angeles,90038,34.088017,-118.327168
8695-ARGXZ,Fresno,93722,36.78979,-119.929894
8695-WDYEA,Chico,95928,39.681488,-121.83721
8696-JKZNU,Anderson,96007,40.448632,-122.306657
8699-ASUFO,Nuevo,92567,33.82769,-117.102244
8701-DGLVH,Elk Grove,95624,38.434138,-121.30587
8705-DWKTI,Gasquet,95543,41.867908,-123.794144
8705-WZCYL,Encinitas,92024,33.054579,-117.25665
8706-HRADD,Sunnyvale,94087,37.3511,-122.037311
8707-HOEDG,Palmdale,93552,34.557711,-118.029441
8707-RMEZH,Tecate,91980,32.587557,-116.636816
8708-XPXHZ,Castella,96017,41.121108,-122.336613
8709-KRDVL,Scott Bar,96085,41.737962,-123.07557
8710-YGLWG,North Hills,91343,34.238802,-118.482296
8711-LOBKY,Navarro,95463,39.182916,-123.552571
8713-IGZSO,Salinas,93906,36.722898,-121.633648
8714-CTZJW,Pilot Hill,95664,38.803731,-121.043799
8714-EUHJO,Castella,96017,41.121108,-122.336613
8715-KKTFG,Roseville,95661,38.736685,-121.251984
8717-VCTXJ,Santa Cruz,95065,37.031404,-121.981865
8718-PTMEZ,Lake Elsinore,92530,33.655421,-117.391751
8720-RQSBJ,Armona,93202,36.315979,-119.710852
8722-NGNBH,Walnut,91789,34.018354,-117.85492
8722-PRFDV,Los Angeles,90042,34.11572,-118.192754
8725-JEDFD,Calabasas,91302,34.130861,-118.68346
8727-JQFHV,Dunsmuir,96025,41.212695,-122.392067
8727-XDPUD,Sacramento,95829,38.486502,-121.334051
8728-SKJLR,Olancha,93549,36.296851,-117.865469
8731-WBBMB,San Diego,92117,32.825086,-117.199424
8734-DKSTZ,Winterhaven,92283,32.852947,-114.850784
8734-FNWVH,West Covina,91792,34.024405,-117.898722
8735-DCXNF,Pilot Hill,95664,38.803731,-121.043799
8735-IJJEG,Guatay,91931,32.857946,-116.561917
8735-NBLWT,Foresthill,95631,39.031876,-120.811141
8735-SDUFN,Salinas,93908,36.624338,-121.615669
8738-JOKAR,Covina,91722,34.097345,-117.906736
8739-QOTTN,Avalon,90704,33.391181,-118.421305
8739-WWKDU,San Diego,92109,32.787836,-117.232376
8739-XNIKG,Bakersfield,93301,35.383937,-119.020428
8740-CRYFY,Sacramento,95823,38.475465,-121.443625
8740-XLHDR,Greenwood,95635,38.921333,-120.897718
8741-LQOBK,Elmira,95625,38.349195,-121.902943
8745-PVESG,Rancho Santa Fe,92067,33.012751,-117.200617
8746-BFOAJ,Garden Grove,92845,33.782955,-118.026456
8746-OQQRW,Hopland,95449,38.93706,-123.118111
8747-UDCOI,Sun City,92587,33.69887,-117.25071
8748-HFWBO,Camino,95709,38.748316,-120.675512
8749-CLJXC,Ahwahnee,93601,37.375816,-119.739935
8749-JMNKX,Montebello,90640,34.015217,-118.109962
8749-TZYEC,Yorba Linda,92887,33.884073,-117.732197
8750-QWZAJ,Orange,92867,33.81859,-117.821288
8751-EDEKA,Rancho Santa Fe,92091,32.99356,-117.207121
8752-GHJFU,Applegate,95703,38.983388,-120.988814
8752-IMQOS,Fullerton,92832,33.868316,-117.929029
8752-STIVR,Elmira,95625,38.349195,-121.902943
8755-IWJHN,Honeydew,95545,40.342928,-124.063329
8755-OGKNA,Laton,93242,36.444232,-119.718285
8756-RDDLT,San Leandro,94577,37.717196,-122.159338
8757-TFHHJ,San Jose,95128,37.316146,-121.936285
8760-ZRHKE,Berry Creek,95916,39.657228,-121.37778
8761-NSOBC,Gridley,95948,39.346898,-121.759537
8763-KIAFH,Whittier,90603,33.945318,-117.992066
8766-PAFNE,Hayward,94545,37.62984,-122.120843
8769-KKTPH,Los Angeles,90066,34.002028,-118.430656
8773-HHUOZ,Los Angeles,90032,34.078821,-118.177576
8774-GSBUN,Compton,90222,33.912246,-118.236773
8775-CEBBJ,Seeley,92273,32.790282,-115.689559
8775-ERLNB,Indio,92203,33.752938,-116.230055
8775-LHDJH,San Jose,95136,37.270938,-121.851046
8777-MBMTS,West Covina,91791,34.061634,-117.893169
8777-PVYGU,Burson,95225,38.183918,-120.898817
8778-LMWTJ,River Pines,95675,38.545775,-120.743325
8779-QRDMV,Los Angeles,90022,34.02381,-118.156582
8779-YIQQA,Pico Rivera,90660,33.989524,-118.089299
8780-IHCRN,Healdsburg,95448,38.618347,-122.908422
8780-IXSTS,San Diego,92109,32.787836,-117.232376
8780-RSYYU,Dixon,95620,38.392821,-121.799917
8780-YRMTT,Yountville,94599,38.421458,-122.365048
8782-LKFPK,Beaumont,92223,33.946982,-116.977672
8782-NUUOL,Crescent Mills,95934,40.080342,-120.957805
8784-CGILN,Tarzana,91356,34.157137,-118.548511
8785-CJSHH,West Sacramento,95691,38.627951,-121.593287
8785-EPNCG,Sacramento,95815,38.608405,-121.449942
8788-DOXSU,Frazier Park,93225,34.827662,-118.999073
8791-GFXLZ,San Jose,95127,37.375156,-121.795867
8792-AOROI,Glendora,91741,34.14649,-117.849815
8799-OXZMD,Los Angeles,90048,34.072945,-118.37267
8800-JOOCF,Fallbrook,92028,33.362575,-117.299644
8800-ZKRFW,Philo,95466,39.094102,-123.500853
8802-UNOJF,Philo,95466,39.094102,-123.500853
8805-JNRAZ,Huntington Beach,92646,33.666301,-117.969501
8806-EAGWC,Old Station,96071,40.656287,-121.428965
8807-ARQET,Angels Camp,95222,38.071327,-120.632221
8807-OPMBM,Newbury Park,91320,34.172071,-118.946262
8808-ELEHO,Modesto,95356,37.716186,-121.025836
8809-RIHDD,Sacramento,95827,38.549185,-121.328386
8809-XKHMD,Sacramento,95828,38.486938,-121.395805
8812-ZRHFP,San Francisco,94133,37.802071,-122.411004
8815-LMFLX,Martinez,94553,38.014457,-122.115432
8816-VXNZD,Coronado,92118,32.68674,-117.186612
8818-DOPVL,El Cerrito,94530,37.924838,-122.289145
8818-XYFCQ,Walnut Creek,94598,37.916648,-122.008483
8819-IMISP,Redlands,92373,34.003243,-117.138286
8819-WFGGJ,Grimes,95950,39.033058,-121.895718
8819-ZBYNA,Murrieta,92562,33.548869,-117.334165
8821-KVZKQ,Fort Bragg,95437,39.455555,-123.683979
8821-XNHVZ,San Diego,92109,32.787836,-117.232376
8822-KNBHV,Los Angeles,90011,34.00709,-118.258681
8823-RLPWL,Rosamond,93560,34.903052,-118.411251
8824-RWFXJ,Santa Cruz,95062,36.974575,-121.991149
8835-VSDSE,San Diego,92129,32.961064,-117.134917
8837-VVWLQ,Capistrano Beach,92624,33.458754,-117.665104
8838-GPHZP,Orange,92866,33.784597,-117.844535
8840-DQLGN,Burbank,91502,34.177267,-118.31003
8844-TONUD,Acampo,95220,38.200231,-121.235034
8845-LWKGE,El Dorado,95623,38.63153,-120.842609
8847-GEOOQ,Fontana,92337,34.049671,-117.468896
8849-AYPTR,Sacramento,95819,38.567594,-121.437507
8849-GYOKR,Mineral,96063,40.408796,-121.579609
8849-PRIQJ,Simi Valley,93063,34.296813,-118.685703
8851-RAGOV,Simi Valley,93065,34.269449,-118.768471
8853-TZDGH,Palo Cedro,96073,40.582399,-122.195512
8854-CCVSQ,Browns Valley,95918,39.292334,-121.320597
8857-CUPFQ,Wallace,95254,38.192608,-120.957842
8859-AXJZP,Helm,93627,36.520537,-120.118055
8859-DZTGQ,Petaluma,94952,38.237018,-122.77872
8859-YSTWS,Port Hueneme,93041,34.110124,-119.100972
8861-HGGKB,San Diego,92117,32.825086,-117.199424
8865-TNMNX,Los Angeles,90043,33.988543,-118.334081
8868-GAGIO,Sunnyvale,94089,37.421633,-122.009613
8868-WOZGU,Porterville,93257,36.008958,-118.891593
8869-LIHMK,King City,93930,36.220761,-120.980777
8869-TORSS,Santa Rosa,95405,38.439696,-122.668817
8871-JLMHM,Los Angeles,90061,33.92128,-118.274186
8873-GLDMH,Courtland,95615,38.311609,-121.554034
8873-TMKGR,Sugarloaf,92386,34.243088,-116.830015
8874-EJNSR,Salinas,93908,36.624338,-121.615669
8875-AKBYH,Mineral,96063,40.408796,-121.579609
8878-HMWBV,Nice,95464,39.12334,-122.838198
8878-RYUKI,Long Beach,90803,33.760458,-118.129725
8879-XUAHX,Irvine,92614,33.680302,-117.833296
8879-ZKJOF,Gardena,90249,33.90139,-118.315697
8882-TLVRW,Big Creek,93605,37.17277,-119.2997
8883-ANODQ,Termo,96132,41.027281,-120.669427
8883-GRDWQ,Stinson Beach,94970,37.921137,-122.657562
8884-ADFVN,Roseville,95678,38.759751,-121.288545
8884-FEEWR,El Dorado Hills,95762,38.684437,-121.055634
8884-MRNSU,Caruthers,93609,36.5276,-119.865999
8885-QSQBX,Forest Falls,92339,34.067699,-116.903891
8887-IPQNC,Manhattan Beach,90266,33.889632,-118.39737
8894-JVDCV,Riverside,92505,33.920907,-117.489426
8896-BQTTI,Cool,95614,38.880622,-120.973865
8896-RAZCR,Oro Grande,92368,34.647959,-117.296957
8898-KASCD,Biggs,95917,39.457388,-121.818201
8901-HJXTF,San Diego,92117,32.825086,-117.199424
8901-UPRHR,La Grange,95329,37.666587,-120.411517
8902-ZEOVF,Chilcoot,96105,39.872961,-120.198876
8903-WMRNW,Durham,95938,39.607831,-121.777959
8903-XEBGX,Lancaster,93534,34.727529,-118.153098
8904-OPDCK,Citrus Heights,95621,38.69549,-121.307864
8905-IAZPF,Capistrano Beach,92624,33.458754,-117.665104
8908-NMQTX,Walnut Creek,94595,37.862128,-122.075197
8908-SLFCJ,Oroville,95966,39.473896,-121.415927
8909-BOLNL,San Francisco,94123,37.800254,-122.436975
8910-ICHIU,Essex,92332,34.9436,-115.287901
8910-LEDAG,Prather,93651,37.007238,-119.505661
8914-RBTSB,Valley Village,91607,34.165783,-118.399795
8915-NNTRC,Lake Isabella,93240,35.607875,-118.466318
8917-FAEMR,Vallejo,94590,38.104705,-122.247387
8917-SZTTJ,Los Angeles,90042,34.11572,-118.192754
8919-FYFQZ,Livermore,94550,37.571748,-121.659562
8920-NAVAY,Los Angeles,90045,33.954017,-118.402447
8922-LIEGH,Jolon,93928,35.930782,-121.189757
8922-NPKBJ,Manteca,95336,37.830267,-121.201018
8929-KSWIH,San Jose,95111,37.284265,-121.827673
8930-XOTDP,North Hollywood,91606,34.187599,-118.387125
8931-GJJIQ,Burlingame,94010,37.57028,-122.365778
8932-CZHRQ,Bell,90201,33.970343,-118.171368
8937-RDTHP,Burbank,91504,34.213049,-118.317651
8938-UMKPI,Corona,92882,33.819385,-117.600213
8942-DBMHZ,San Francisco,94122,37.760412,-122.484966
8943-URTMR,Lawndale,90260,33.88856,-118.351813
8944-AILEF,Keyes,95328,37.555631,-120.911653
8945-GRKHX,Santa Barbara,93110,34.437945,-119.77191
8945-MUQUF,Fallbrook,92028,33.362575,-117.299644
8946-BFWSG,Davis,95618,38.544002,-121.685559
8947-YRTDV,Hoopa,95546,41.163637,-123.704841
8949-JTMAY,Mc Kittrick,93251,35.38381,-119.730885
8950-MTZNV,Carson,90746,33.859171,-118.252272
8952-WCVCD,South Gate,90280,33.944624,-118.192615
8957-THMOA,Big Bear City,92314,34.278967,-116.773825
8958-JPTRR,Calabasas,91302,34.130861,-118.68346
8961-QDZZJ,Lake Arrowhead,92352,34.2565,-117.19335
8963-JLGJT,Santa Barbara,93105,34.037342,-119.80079
8963-MQVYN,Lost Hills,93249,35.637715,-119.893068
8966-KZXXA,Long Beach,90807,33.830099,-118.182239
8966-OIQHG,Stanton,90680,33.801869,-117.995068
8966-SNIZF,Vista,92083,33.17494,-117.242761
8967-SZQAS,Hornitos,95325,37.479926,-120.230424
8969-PRHFK,Red Bluff,96080,40.186772,-122.388361
8970-ANWXO,Sacramento,95835,38.685069,-121.543709
8972-HJWNV,Huron,93234,36.217864,-120.080117
8974-OVACP,Yermo,92398,35.013299,-116.834092
8975-SKGRX,Redwood City,94063,37.499411,-122.196318
8976-OQHGT,Lomita,90717,33.794209,-118.317354
8979-CAMGB,Vacaville,95687,38.333133,-121.920151
8980-WQFWL,Ontario,91761,34.035602,-117.591528
8981-FJGLA,Hemet,92545,33.734933,-117.044145
8982-NHAVY,Littlerock,93543,34.505273,-117.955054
8984-EYLLL,San Diego,92107,32.741852,-117.243453
8984-HPEMB,Lytle Creek,92358,34.238162,-117.534306
8985-OOPOS,Occidental,95465,38.415003,-122.998726
8988-ECPJR,Van Nuys,91411,34.17847,-118.459472
8990-YOZLV,Hickman,95323,37.605926,-120.69955
8990-ZXLSU,Sun City,92586,33.707483,-117.200006
8992-CEUEN,Arnold,95223,38.32153,-120.236358
8992-JQYUN,San Fernando,91340,34.286131,-118.435969
8992-OBVDG,Desert Hot Springs,92240,33.948558,-116.516976
8992-VONJD,Long Beach,90822,33.778436,-118.118648
8993-IZEUX,Adin,96006,41.171578,-120.913161
8993-PHFWD,Old Station,96071,40.656287,-121.428965
8996-ZROXE,Miranda,95553,40.210895,-123.86
8999-BOHSE,Gilroy,95020,37.03889,-121.528955
8999-EXMNO,Dos Rios,95429,39.756049,-123.358701
8999-XXGNS,Healdsburg,95448,38.618347,-122.908422
8999-YPYBV,Garden Valley,95633,38.852544,-120.837669
9000-PLFUZ,Merced,95340,37.255637,-120.493537
9003-CPATH,Carson,90745,33.822295,-118.26411
9013-AQORL,Ramona,92065,33.044541,-116.833922
9018-PCIOK,Newark,94560,37.504133,-122.032347
9019-QVLZD,Oakland,94602,37.803883,-122.208417
9025-AOMKI,Carpinteria,93013,34.441398,-119.513163
9025-ZRPVR,Pacific Grove,93950,36.618337,-121.926417
9026-LHEVG,Boulevard,91905,32.677097,-116.304991
9026-RNUJS,Van Nuys,91401,34.178483,-118.431791
9027-TMATR,Warner Springs,92086,33.323705,-116.626907
9027-YFHQJ,San Francisco,94112,37.720498,-122.443119
9028-LIHRP,Burbank,91506,34.169706,-118.323548
9029-FEGVJ,Escondido,92027,33.141265,-116.967221
9030-QGZNL,Corona,92883,33.762351,-117.488725
9031-ZVQPT,San Francisco,94109,37.794487,-122.42227
9033-EOXWV,Oakland,94603,37.739113,-122.175602
9036-CSKBW,Los Gatos,95033,37.160194,-121.945611
9039-RBEEE,Santa Clara,95050,37.351214,-121.952417
9039-ZVJDC,Pauma Valley,92061,33.313828,-116.940501
9040-KZVWO,Big Bear Lake,92315,34.242058,-116.89802
9046-DQMTP,Kyburz,95720,38.766036,-120.209673
9046-JBFWA,Port Costa,94569,38.035707,-122.196821
9048-JVYVF,Fallbrook,92028,33.362575,-117.299644
9050-IKDZA,Clovis,93611,36.917652,-119.593757
9050-QLROH,San Diego,92126,32.886925,-117.152162
9052-DHNKM,Redondo Beach,90277,33.830453,-118.384565
9052-VKDUW,Pollock Pines,95726,38.733908,-120.453416
9053-EJUNL,Mecca,92254,33.543835,-115.993906
9053-JZFKV,Redway,95560,40.142256,-123.852927
9054-FOWNV,Brentwood,94513,37.908242,-121.682472
9055-MOJJJ,Douglas City,96024,40.586588,-122.903677
9057-MSWCO,San Diego,92122,32.85723,-117.209774
9057-SIHCH,Twentynine Palms,92278,34.457829,-116.139589
9058-CBREO,Winton,95388,37.421299,-120.599587
9058-HRZSV,Baldwin Park,91706,34.098275,-117.967399
9058-MJLZC,Yuba City,95991,39.02741,-121.614982
9060-HJJRW,Culver City,90232,34.019323,-118.391902
9061-TIHDA,Murrieta,92563,33.581045,-117.14719
9063-ZGTUY,Adelanto,92301,34.667815,-117.536183
9065-ZCPQX,San Jacinto,92582,33.806708,-117.02007
9066-QRSDU,Marina,93933,36.689582,-121.758398
9067-SQTNS,Salinas,93905,36.667794,-121.601306
9067-YGSCA,Salinas,93901,36.64152,-121.622188
9068-FHQHD,Petrolia,95558,40.274302,-124.210902
9068-VPWQQ,Tracy,95376,37.680968,-121.446049
9069-LGEUL,San Diego,92117,32.825086,-117.199424
9070-BCKQP,Wilmington,90744,33.782068,-118.262263
9073-ZZIAY,Long Beach,90806,33.802664,-118.179971
9074-KGVOX,Westport,95488,39.724433,-123.767578
9076-AXYIK,Nipton,92364,35.478736,-115.516984
9079-LWTFD,Pioneertown,92268,34.201108,-116.593456
9079-YEXQJ,Chino,91710,33.990646,-117.663025
9081-WWXKP,Soledad,93960,36.414216,-121.360597
9084-OAYKL,Little River,95456,39.245911,-123.77214
9086-YJYXS,San Martin,95046,37.084697,-121.606417
9087-EYCPR,Manteca,95336,37.830267,-121.201018
9089-UOWJG,Lotus,95651,38.815515,-120.916997
9090-SGQXL,Ben Lomond,95005,37.078873,-122.090386
9091-WTUUY,Ripon,95366,37.750778,-121.13238
9092-GDZKO,New Cuyama,93254,34.956577,-119.750142
9093-FPDLG,Hilmar,95324,37.394536,-120.890747
9094-AZPHK,San Bernardino,92405,34.142747,-117.300864
9095-HFAFX,San Diego,92126,32.886925,-117.152162
9097-ZUBYC,North San Juan,95960,39.423046,-120.984472
9099-FTUHS,Grass Valley,95945,39.194539,-120.988066
9101-BWFSS,Tollhouse,93667,36.993666,-119.348267
9101-NTIXF,Lompoc,93436,34.601055,-120.382917
9102-IAYHT,Salinas,93908,36.624338,-121.615669
9102-OXKFY,Camptonville,95922,39.432127,-121.099287
9103-CXVOK,Grover Beach,93433,35.120833,-120.61843
9103-TCIHJ,Los Angeles,90059,33.927254,-118.249826
9107-UKCKY,Carpinteria,93013,34.441398,-119.513163
9108-EJFJP,Jacumba,91934,32.649787,-116.2237
9108-EQPNQ,San Leandro,94577,37.717196,-122.159338
9110-HSGTV,San Diego,92102,32.716007,-117.117462
9112-WSNPU,Monterey,93940,36.362741,-121.869685
9114-AAFQH,North Highlands,95660,38.671295,-121.388251
9114-DPSIA,Stockton,95205,37.965695,-121.260051
9114-VEPUF,Redwood City,94065,37.527497,-122.230941
9115-YQHGA,Lemoore,93245,36.303666,-119.825657
9117-SHLZX,Fremont,94538,37.505768,-121.962472
9121-PHQSR,Stratford,93266,36.175255,-119.813805
9122-UMROB,Los Angeles,90010,34.062125,-118.315709
9124-LHCJQ,Los Angeles,90057,34.061918,-118.277939
9127-FHJBZ,Vallecito,95251,38.055562,-120.456298
9127-QRZMH,Santa Ana,92706,33.765893,-117.881533
9128-CPXKI,Nicolaus,95659,38.788898,-121.608624
9129-UXERG,Van Nuys,91405,34.202494,-118.448048
9133-AYJZG,Mill Valley,94941,37.901371,-122.572024
9134-CEQMF,Nice,95464,39.12334,-122.838198
9134-WYRVP,Suisun City,94585,38.197907,-122.017258
9135-HSWOC,Fremont,94555,37.555473,-122.080312
9135-MGVPY,Sanger,93657,36.819628,-119.440414
9136-ALYBR,Fontana,92337,34.049671,-117.468896
9137-NOQKA,South San Francisco,94080,37.654436,-122.426468
9137-UIYPG,Butte City,95920,39.449794,-121.936372
9138-EFSMO,Orosi,93647,36.600185,-119.175655
9139-TWBAS,Los Angeles,90014,34.043144,-118.251977
9139-WQQDY,San Diego,92117,32.825086,-117.199424
9140-CZQZZ,Lee Vining,93541,37.890145,-119.184087
9142-KZXOP,Sylmar,91342,34.321621,-118.399841
9142-XMYJH,Fresno,93721,36.732694,-119.783786
9143-CANJF,Topaz,96133,38.636052,-119.489162
9146-JRIOX,Shaver Lake,93664,37.223,-119.001021
9150-HEPMB,Corona,92882,33.819385,-117.600213
9150-KPBJQ,Los Angeles,90062,34.003553,-118.308933
9152-AMKAK,Coalinga,93210,36.186867,-120.387793
9153-BTBVV,San Francisco,94121,37.776718,-122.495781
9154-QDGTH,Kettleman City,93239,35.996923,-120.000951
9158-VCTQB,Los Angeles,90023,34.017697,-118.200577
9163-GHAYE,Stockton,95204,37.974498,-121.319568
9167-APMXZ,Long Beach,90810,33.819814,-118.222416
9168-INPSZ,Port Hueneme,93041,34.110124,-119.100972
9169-BSVIN,Winchester,92596,33.657433,-117.04254
9170-ARBTB,Felton,95018,37.089111,-122.062213
9170-CCKOU,Fremont,94539,37.516791,-121.899117
9170-GYZJC,Vallecito,95251,38.055562,-120.456298
9172-ANCRX,Carson,90745,33.822295,-118.26411
9172-JITSM,Palm Desert,92211,33.762759,-116.324817
9173-IVZVP,Sherman Oaks,91403,34.147149,-118.463365
9174-FKWZE,Sacramento,95819,38.567594,-121.437507
9174-IHETN,Goodyears Bar,95944,39.564113,-120.868836
9178-JHUVJ,Newbury Park,91320,34.172071,-118.946262
9184-GALIL,Mccloud,96057,41.251322,-122.105209
9185-TQCVP,Albany,94706,37.890274,-122.295192
9189-JWSHV,Helm,93627,36.520537,-120.118055
9190-MFJLN,Vallecito,95251,38.055562,-120.456298
9191-MYQKX,Lynwood,90262,33.923573,-118.200669
9194-GFVOI,Tahoma,96142,39.061227,-120.179546
9199-PWQVC,San Francisco,94124,37.731505,-122.384532
9200-NLNPD,Orland,95963,39.748037,-122.302169
9206-GVPEQ,Fresno,93706,36.654614,-119.903674
9207-ZPANB,Paradise,95969,39.69676,-121.644379
9208-OLGAQ,Berkeley,94709,37.878554,-122.26609
9209-NWPGU,Niland,92257,33.345825,-115.596574
9210-IAHGH,Wendel,96136,40.345949,-120.081187
9214-EKVXR,San Francisco,94110,37.750021,-122.415201
9220-CXRSC,Heber,92249,32.730583,-115.501083
9220-ZNKJI,Cobb,95426,38.838088,-122.73203
9221-OTIVJ,Dunlap,93621,36.789213,-119.140338
9223-UCPVT,Orland,95963,39.748037,-122.302169
9224-VTYID,Walnut Grove,95690,38.240419,-121.587535
9225-BZLNZ,Los Angeles,90033,34.050198,-118.210946
9227-LUNBG,Pescadero,94060,37.22565,-122.297533
9227-UAQFT,North Hollywood,91606,34.187599,-118.387125
9227-YBAXE,Palm Desert,92260,33.694501,-116.412711
9229-RQABD,Salton City,92275,33.28156,-115.955541
9231-ZJYAM,Squaw Valley,93675,36.719141,-119.202677
9233-PSYHO,Ontario,91762,34.057256,-117.667677
9236-NDUCW,Bella Vista,96008,40.722733,-122.109666
9237-HQITU,Los Angeles,90005,34.059281,-118.30742
9239-GZHZE,Carpinteria,93013,34.441398,-119.513163
9239-ZBZZV,Los Angeles,90011,34.00709,-118.258681
9242-TKFSV,Browns Valley,95918,39.292334,-121.320597
9244-ZVAPM,Garden Grove,92845,33.782955,-118.026456
9248-OJYKK,San Diego,92121,32.898613,-117.202937
9249-FXSCK,Acampo,95220,38.200231,-121.235034
9250-WYPLL,Fallbrook,92028,33.362575,-117.299644
9251-AWQGT,Palmdale,93591,34.598221,-117.79593
9251-WNSOD,Bakersfield,93311,35.16207,-119.194488
9253-QXKBE,Morgan Hill,95037,37.161544,-121.649371
9253-VIFJQ,Chualar,93925,36.596271,-121.442274
9254-RBFON,Klamath River,96050,41.816595,-122.948287
9256-JTBNZ,Potter Valley,95469,39.408634,-123.045516
9257-AZMTZ,Glendale,91205,34.13658,-118.245839
9258-CNWAC,Long Beach,90813,33.781086,-118.199049
9259-PACGQ,Los Angeles,90026,34.078991,-118.263804
9261-WDCAF,Bonita,91902,32.67117,-117.00232
9269-CQOOL,Trinidad,95570,41.162295,-124.027381
9272-LSVYH,Courtland,95615,38.311609,-121.554034
9274-CNFMO,Pacoima,91331,34.255442,-118.421314
9274-UARKJ,Modesto,95351,37.621458,-121.012295
9277-JOOMO,Garberville,95542,40.057784,-123.679461
9278-VZKCD,Norco,92860,33.925833,-117.559639
9279-CJEOJ,Anaheim,92801,33.844983,-117.952151
9281-CEDRU,Salton City,92275,33.28156,-115.955541
9281-OFDMF,Meadow Valley,95956,39.937017,-121.058043
9281-PKKZE,Azusa,91702,34.174493,-117.87068
9282-IZGQK,Irvine,92612,33.643095,-117.810896
9283-LZQOH,Antelope,95843,38.715498,-121.363411
9286-BHDQG,Thousand Oaks,91362,34.191842,-118.822796
9286-DOJGF,Lotus,95651,38.815515,-120.916997
9289-LBQVU,Hemet,92545,33.734933,-117.044145
9290-SHCMB,Brownsville,95919,39.440687,-121.263583
9294-TDIPC,San Diego,92110,32.76501,-117.19938
9297-EONCV,Fremont,94536,37.572273,-121.964583
9297-FVVDH,Hemet,92545,33.734933,-117.044145
9298-WGMRW,Echo Lake,95721,38.851842,-120.076204
9300-AGZNL,Elk Creek,95939,39.53222,-122.594879
9300-RENDD,Cedar Glen,92321,34.255203,-117.175654
9305-CDSKC,Los Angeles,90006,34.048013,-118.293953
9306-CPCBC,Moreno Valley,92555,33.907361,-117.109972
9308-ANMVE,Los Olivos,93441,34.70434,-120.02609
9309-BZGNT,Pine Valley,91962,32.800671,-116.483363
9313-CDOGY,Imperial Beach,91932,32.579134,-117.119009
9313-QOLTZ,Chester,96020,40.243494,-121.154733
9314-IJWSQ,Meridian,95957,39.068071,-121.832638
9314-QDMDW,Los Alamos,93440,34.758699,-120.275839
9317-WZPGV,Paskenta,96074,39.884395,-122.587513
9318-NKNFC,Twain,95984,40.022184,-121.062384
9323-HGFWY,Porter Ranch,91326,34.281911,-118.556218
9327-QSDED,Quincy,95971,39.971228,-121.041166
9330-DHBFL,San Jose,95130,37.277592,-121.986477
9330-IJWIO,Kirkwood,95646,38.631489,-120.015167
9330-VOFSZ,Princeton,95970,39.424957,-122.039307
9332-GYWLO,Fall River Mills,96028,41.017282,-121.468945
9334-GWGOW,Mc Kittrick,93251,35.38381,-119.730885
9337-SRRNI,Rio Oso,95674,38.954144,-121.482536
9339-FIIJL,Avenal,93204,35.916943,-120.129921
9342-VNIMQ,La Honda,94020,37.285677,-122.224165
9347-AERRL,Desert Hot Springs,92240,33.948558,-116.516976
9348-ROUAI,Honeydew,95545,40.342928,-124.063329
9348-YVOMK,Anaheim,92802,33.807864,-117.923782
9350-VLHMB,Volcano,95689,38.481902,-120.603668
9350-ZXYJC,La Crescenta,91214,34.239636,-118.245259
9351-HXDMR,Lytle Creek,92358,34.238162,-117.534306
9351-LZYGF,Bodega,94922,38.343282,-122.9755
9355-NPPFS,Fremont,94538,37.505768,-121.962472
9356-AXGMP,Somerset,95684,38.606703,-120.586659
9357-UJRUN,Carlotta,95528,40.497283,-123.93037
9359-JANWS,North Hills,91343,34.238802,-118.482296
9359-UGBTK,Lockeford,95237,38.166791,-121.14207
9360-AHGNL,Concord,94519,37.990118,-122.012188
9360-OMDZZ,Herald,95638,38.313447,-121.123886
9361-YNQWJ,Oakland,94609,37.834341,-122.26437
9362-MWODR,San Mateo,94404,37.556094,-122.272437
9364-YKUVW,Valley Center,92082,33.25283,-116.986079
9365-CSLBQ,Richgrove,93261,35.809921,-119.127437
9365-SRSZE,Los Angeles,90036,34.070291,-118.349191
9367-OIUXP,Laton,93242,36.444232,-119.718285
9367-TCUYN,Los Angeles,90066,34.002028,-118.430656
9367-WXLCH,Glendale,91204,34.136306,-118.26036
9369-XFEHK,Pleasanton,94566,37.633361,-121.862395
9371-BITHB,Gustine,95322,37.147198,-121.120161
9372-TXXPS,Burson,95225,38.183918,-120.898817
9373-WSLOY,Carlsbad,92008,33.148116,-117.306043
9374-YOLBJ,Upper Lake,95485,39.220368,-122.907693
9375-MHRRS,San Jose,95125,37.294926,-121.894763
9378-FXTIZ,San Diego,92119,32.802959,-117.027095
9381-NDKME,El Monte,91731,34.079934,-118.046695
9385-EHGDO,Lakeside,92040,32.909873,-116.906774
9385-NXKDA,Hesperia,92345,34.361387,-117.337509
9386-LDCZR,San Ardo,93450,35.996008,-120.85305
9388-ZEYVT,Gardena,90247,33.890853,-118.297967
9389-ACWBI,Richvale,95974,39.495768,-121.747472
9391-DXGGG,Sacramento,95832,38.445939,-121.496855
9391-EOYLI,Lewiston,96052,40.704293,-122.803899
9391-LMANN,Pico Rivera,90660,33.989524,-118.089299
9391-TTOYH,Oakland,94611,37.828416,-122.216005
9391-YZEJW,Mountain View,94043,37.419725,-122.062947
9392-XBGTD,Aptos,95003,37.013471,-121.877877
9396-ZSFLL,Carpinteria,93013,34.441398,-119.513163
9397-TZSHA,Watsonville,95076,36.931654,-121.752383
9398-MMQTO,Borrego Springs,92004,33.200369,-116.192313
9399-APLBT,Rialto,92377,34.156758,-117.404686
9402-CXWPL,Birds Landing,94512,38.140719,-121.838298
9402-ORRAH,La Canada Flintridge,91011,34.234912,-118.153729
9402-ROUMJ,La Habra,90631,33.940619,-117.9513
9405-GPBBG,Carmel By The Sea,93921,36.554618,-121.922239
9408-HRXRK,Annapolis,95412,38.731055,-123.316553
9408-SSNVZ,Stevenson Ranch,91381,34.364153,-118.615583
9411-TPQQV,Santa Barbara,93109,34.406256,-119.726936
9412-ARGBX,Downey,90241,33.940884,-118.128628
9412-GHEEC,Murrieta,92563,33.581045,-117.14719
9415-DPEWS,Carmichael,95608,38.626128,-121.328011
9415-TPKRV,Dos Rios,95429,39.756049,-123.358701
9415-ZNBSX,Cool,95614,38.880622,-120.973865
9418-RUKPH,Newark,94560,37.504133,-122.032347
9419-IPPBE,Solana Beach,92075,33.001813,-117.263628
9420-LOJKX,Los Angeles,90061,33.92128,-118.274186
9424-CMPOG,Bakersfield,93307,35.280113,-118.962329
9426-SXNHE,Orleans,95556,41.269521,-123.546958
9430-FRQOC,San Diego,92117,32.825086,-117.199424
9430-NKQLY,Arcadia,91006,34.137319,-118.029837
9432-RUVSL,Kirkwood,95646,38.631489,-120.015167
9432-VOFYX,Delano,93215,35.772244,-119.209689
9435-JMLSX,Monte Rio,95462,38.471049,-123.015549
9436-ZBZCT,Inglewood,90303,33.936291,-118.332639
9441-QHEVC,San Diego,92139,32.677716,-117.047666
9442-JTWDL,Heber,92249,32.730583,-115.501083
9443-JUBUO,Hoopa,95546,41.163637,-123.704841
9444-JTXHZ,Tulare,93274,36.185471,-119.375243
9445-SZLCH,Santa Clara,95050,37.351214,-121.952417
9445-ZUEQE,Buena Park,90621,33.874224,-117.993368
9447-YPTBX,Alhambra,91801,34.090925,-118.128164
9448-REEVD,Concord,94520,38.013825,-122.039144
9450-TRJUU,Bakersfield,93306,35.449881,-118.841442
9451-LPGOO,Fallbrook,92028,33.362575,-117.299644
9451-WLYRI,Ranchita,92066,33.215251,-116.53633
9453-PATOS,Gualala,95445,38.848082,-123.50608
9462-MJUAW,Berkeley,94708,37.897743,-122.263124
9465-RWMXL,San Diego,92126,32.886925,-117.152162
9467-ROOLM,Gridley,95948,39.346898,-121.759537
9469-WEJBT,Carnelian Bay,96140,39.227434,-120.091806
9470-RTWDV,Tustin,92782,33.738543,-117.785046
9470-XCCEM,Torrance,90504,33.867257,-118.330794
9470-YFUYI,Redway,95560,40.142256,-123.852927
9473-CBZOP,Avila Beach,93424,35.186644,-120.728305
9474-PHLYD,Sherman Oaks,91423,34.146957,-118.432138
9475-NNDGC,Etna,96027,41.405193,-123.008567
9477-LGWQI,Darwin,93522,36.319181,-117.593053
9479-HYNYL,La Jolla,92037,32.853743,-117.25034
9480-BQJEI,Sacramento,95837,38.691607,-121.602284
9481-IEBZY,Nuevo,92567,33.82769,-117.102244
9481-SFCQY,Bass Lake,93604,37.458367,-119.345011
9481-WHGWY,Pleasanton,94588,37.685052,-121.912061
9483-GCPWE,Earp,92242,34.137742,-114.36514
9488-FVZCC,Rialto,92376,34.109775,-117.378904
9488-FYQAU,Artesia,90701,33.867593,-118.080637
9488-HGMJH,Indian Wells,92210,33.537646,-116.291089
9489-DEDVP,Los Angeles,90044,33.952714,-118.292061
9489-JMTTN,Hickman,95323,37.605926,-120.69955
9489-UTFKA,Travis Afb,94535,38.265899,-121.939461
9490-DFPMD,San Diego,92130,32.957195,-117.202542
9492-TOKRI,Dinuba,93618,36.523619,-119.386868
9494-BDNNC,Los Angeles,90025,34.046174,-118.446333
9494-MRNYX,Meadow Valley,95956,39.937017,-121.058043
9495-REDIY,Calexico,92231,32.690654,-115.431225
9495-SKLKD,Marysville,95901,39.19514,-121.503883
9496-IVVRP,Lake Elsinore,92532,33.705836,-117.318204
9497-QCMMS,San Diego,92117,32.825086,-117.199424
9498-FIMXL,Oceanside,92054,33.351059,-117.420557
9499-XPZXM,Burnt Ranch,95527,40.854512,-123.450097
9500-IWPXQ,West Sacramento,95691,38.627951,-121.593287
9500-LTVBP,Rancho Palos Verdes,90275,33.753146,-118.367459
9500-WBGRP,Danville,94526,37.815459,-121.977203
9501-UKKNL,Diamond Bar,91765,33.992416,-117.807874
9503-XJUME,Bolinas,94924,37.943087,-122.72379
9504-DSHWM,Litchfield,96117,40.507272,-120.338228
9504-YAZWB,Mountain Center,92561,33.638645,-116.55783
9505-SQFSW,Tehachapi,93561,35.073777,-118.652112
9506-UXUSK,San Jose,95116,37.350284,-121.852855
9507-EXLTT,Seaside,93955,36.625114,-121.823565
9507-HSMMZ,Thousand Oaks,91362,34.191842,-118.822796
9508-ILZDG,Dillon Beach,94929,38.24458,-122.956268
9509-MPYOD,Newcastle,95658,38.883224,-121.15918
9512-PHSMG,Merced,95340,37.255637,-120.493537
9512-UIBFX,West Covina,91791,34.061634,-117.893169
9513-DXHDA,Auburn,95603,38.912881,-121.082766
9514-JDSKI,El Monte,91732,34.074492,-118.01462
9518-IMLHK,Sacramento,95820,38.53508,-121.444144
9518-RWHZL,Penryn,95663,38.859093,-121.182872
9518-XXBXE,Patterson,95363,37.410236,-121.320337
9522-BNTHX,Caliente,93518,35.358953,-118.527064
9522-ZSINC,Santa Rosa,95409,38.468893,-122.580539
9524-EGPJC,Walnut Creek,94595,37.862128,-122.075197
9526-BIHHD,San Jose,95127,37.375156,-121.795867
9526-JAWYF,San Diego,92126,32.886925,-117.152162
9529-OFXHY,Elk Creek,95939,39.53222,-122.594879
9530-EHPOH,San Diego,92109,32.787836,-117.232376
9530-GRMJG,Whittier,90601,34.007353,-118.033683
9531-NSBMR,Mendocino,95460,39.305545,-123.743697
9534-NSXEM,Watsonville,95076,36.931654,-121.752383
9537-JALFH,Imperial,92251,32.858595,-115.662709
9537-VHDTA,Corona,92879,33.893823,-117.531446
9540-JYROE,Bonita,91902,32.67117,-117.00232
9541-PWTWO,Willow Creek,95573,40.949012,-123.655847
9541-ZPSEA,San Andreas,95249,38.196497,-120.61689
9544-PYPSJ,El Cajon,92020,32.79697,-116.969082
9546-CQJSU,Soda Springs,95728,39.279068,-120.414275
9546-KDTRB,Pasadena,91106,34.139402,-118.128658
9547-ITEFG,San Diego,92105,32.741859,-117.090353
9548-LERKT,Willows,95988,39.493991,-122.286363
9548-LIGTA,Tustin,92780,33.735802,-117.818805
9548-ZMVTX,Visalia,93292,36.37559,-119.211689
9552-TGUZV,Upland,91784,34.141146,-117.655583
9553-DLCLU,Stockton,95204,37.974498,-121.319568
9554-DFKIC,Villa Park,92861,33.817473,-117.810462
9555-SAHUZ,Kernville,93238,35.852892,-118.397782
9558-IHEZX,Litchfield,96117,40.507272,-120.338228
9560-ARGQJ,Quincy,95971,39.971228,-121.041166
9560-BBZXK,Whittier,90605,33.960891,-118.032222
9564-KCLHR,San Diego,92109,32.787836,-117.232376
9565-AXSMR,Greenfield,93927,36.248708,-121.386617
9565-DJPIB,Vallejo,94590,38.104705,-122.247387
9565-FLVCG,Lamont,93241,35.245035,-118.905553
9565-JSNFM,Meadow Valley,95956,39.937017,-121.058043
9570-KYEUA,Casmalia,93429,34.866032,-120.536546
9571-EDEBV,San Diego,92119,32.802959,-117.027095
9572-MTILT,Fullerton,92833,33.877639,-117.961212
9572-WUKSB,South Pasadena,91030,34.110444,-118.156957
9574-BOSMD,Arvin,93203,35.116307,-118.817644
9574-RKJIF,Trabuco Canyon,92679,33.631119,-117.567346
9575-IWCAZ,Valencia,91354,34.457005,-118.573726
9576-ANLXO,Earlimart,93219,35.858054,-119.305858
9576-SYUHJ,Long Beach,90815,33.797638,-118.11662
9577-WJVCQ,West Covina,91790,34.066964,-117.937007
9578-FOMUK,Santa Clara,95054,37.393554,-121.965114
9578-VRMNM,Summerland,93067,34.420998,-119.60137
9581-GVBXT,Santa Maria,93455,34.818227,-120.418784
9584-EXCDZ,San Francisco,94103,37.773147,-122.411287
9585-KKMFD,San Miguel,93451,35.886767,-120.608661
9586-JGQKH,Cathedral City,92234,33.829583,-116.474131
9588-OZDMQ,Tollhouse,93667,36.993666,-119.348267
9588-YRFHY,Santee,92071,32.847336,-116.997605
9589-ABEPT,El Segundo,90245,33.917145,-118.401554
9591-YVTEB,National City,91950,32.67102,-117.095235
9592-ERDKV,Mc Farland,93250,35.666886,-119.186717
9593-CVZKR,Los Angeles,90025,34.046174,-118.446333
9600-NAXZN,San Diego,92121,32.898613,-117.202937
9600-UDOPK,San Francisco,94117,37.770533,-122.445121
9601-BRXPO,San Diego,92122,32.85723,-117.209774
9602-WCXPI,Hemet,92544,33.644585,-116.871544
9603-OAIHC,Palmdale,93551,34.613476,-118.256358
9605-WGJVW,Stockton,95204,37.974498,-121.319568
9606-PBKBQ,Long Beach,90813,33.781086,-118.199049
9609-BENEA,Chula Vista,91914,32.688506,-116.938632
9610-WCESF,Sacramento,95828,38.486938,-121.395805
9611-CTWIH,Garden Grove,92841,33.786738,-117.982564
9614-RMGHA,San Diego,92117,32.825086,-117.199424
9617-INGJY,Manhattan Beach,90266,33.889632,-118.39737
9617-UDPEU,Loyalton,96118,39.637471,-120.226338
9618-LFJRU,Inglewood,90303,33.936291,-118.332639
9619-GSATL,Dos Rios,95429,39.756049,-123.358701
9620-ENEJV,Vina,96092,39.955164,-122.018567
9620-QJREV,Weldon,93283,35.55647,-118.244914
9621-OUPYD,Lancaster,93536,34.741406,-118.38111
9624-EGDEQ,Palo Alto,94304,37.386978,-122.177746
9625-QNLUX,San Jose,95138,37.246064,-121.749494
9625-QSTYE,San Francisco,94131,37.746699,-122.442833
9625-RZFUK,Alameda,94502,37.724817,-122.224363
9626-VFRGG,Susanville,96130,40.559177,-120.612113
9626-WEQRM,Cedarville,96104,41.505916,-120.152505
9629-NHXFW,Downey,90241,33.940884,-118.128628
9631-RXVJM,San Francisco,94102,37.7795,-122.419233
9631-XEYKE,Rialto,92377,34.156758,-117.404686
9633-DENPU,Long Beach,90804,33.783047,-118.1486
9633-XQABV,Los Banos,93635,36.995162,-120.955099
9637-CDTKZ,Fallbrook,92028,33.362575,-117.299644
9637-EIHEQ,San Diego,92126,32.886925,-117.152162
9638-JIQYA,Ballico,95303,37.4695,-120.672724
9639-BUJXT,Santee,92071,32.847336,-116.997605
9640-ZSLDC,Lagunitas,94938,38.021772,-122.691744
9643-AVVWI,Los Angeles,90003,33.964131,-118.272783
9643-YBLUR,West Covina,91791,34.061634,-117.893169
9644-KVCNC,Fountain Valley,92708,33.712036,-117.950113
9644-UMGQA,Penn Valley,95946,39.203817,-121.19584
9646-NMHXE,San Geronimo,94963,38.00474,-122.663717
9647-ERGBE,Turlock,95380,37.474396,-120.875917
9648-BCHKM,Palmdale,93550,34.536232,-118.082935
9650-VBUOG,Tranquillity,93668,36.635661,-120.288644
9651-GTSAQ,Corning,96021,39.913777,-122.289984
9658-WYUFB,Lathrop,95330,37.80821,-121.308401
9659-QEQSY,Los Angeles,90018,34.028735,-118.317236
9659-ZTWSM,Los Angeles,90013,34.044639,-118.240413
9661-ACXBS,San Rafael,94901,37.972662,-122.491452
9661-JALZV,Atascadero,93422,35.453912,-120.69461
9661-MHUMO,Mather,95655,38.549822,-121.266725
9667-EQRXU,Boron,93516,34.95703,-117.73045
9667-TKTVZ,Los Osos,93402,35.279984,-120.824288
9668-PUGNU,Escondido,92027,33.141265,-116.967221
9670-BPNXF,Glennville,93226,35.735694,-118.738483
9674-EHPPG,Berkeley,94707,37.897753,-122.279391
9675-ICXCT,El Cajon,92021,32.832706,-116.873258
9677-AVKED,La Verne,91750,34.144703,-117.770299
9680-NIAUV,West Hills,91307,34.199787,-118.68493
9681-KYGYB,Kelseyville,95451,38.93496,-122.792243
9681-OXGVC,Laytonville,95454,39.806141,-123.531098
9685-WKZGT,Carmichael,95608,38.626128,-121.328011
9688-YGXVR,Salida,95368,37.713152,-121.08739
9689-PTNPG,San Diego,92126,32.886925,-117.152162
9691-HKOVS,San Jose,95125,37.294926,-121.894763
9692-TUSXH,Los Angeles,90041,34.137412,-118.207607
9693-XMUOB,Palo Alto,94304,37.386978,-122.177746
9695-IDRZR,Greenville,95947,40.160386,-120.835428
9696-RMYBA,Los Angeles,90003,33.964131,-118.272783
9699-UBQFS,Los Angeles,90065,34.108833,-118.229715
9700-ISPUP,Valley Center,92082,33.25283,-116.986079
9700-ZCLOT,Claremont,91711,34.127621,-117.717863
9701-CDXHR,Fallbrook,92028,33.362575,-117.299644
9702-AIUJO,Santa Paula,93060,34.402343,-119.094824
9705-IOVQQ,Huntington Park,90255,33.97803,-118.217141
9705-ZJBCG,Frazier Park,93222,34.907911,-119.234281
9708-HPXWZ,El Sobrante,94803,37.963995,-122.288296
9708-KFDBY,Oceanside,92054,33.351059,-117.420557
9710-NJERN,Palm Desert,92260,33.694501,-116.412711
9710-ZUSHQ,Red Bluff,96080,40.186772,-122.388361
9711-FJTBX,Pittsburg,94565,38.006047,-121.916834
9714-EDSUC,Alviso,95002,37.449537,-121.994813
9715-SBVSU,Loma Linda,92354,34.049315,-117.255974
9715-WZCLW,Fontana,92335,34.087558,-117.464096
9717-IOAAF,Rocklin,95677,38.7904,-121.236973
9717-QEBGU,Leggett,95585,39.873371,-123.741474
9720-JJJOR,San Ysidro,92173,32.555828,-117.040073
9722-UJOJR,Blairsden Graeagle,96103,39.783747,-120.661032
9725-SCPZG,South Lake Tahoe,96150,38.911577,-120.106169
9728-FTTVZ,Williams,95987,39.117537,-122.284654
9730-DRTMJ,Coarsegold,93614,37.212191,-119.749323
9732-EQMWY,Concord,94518,37.950248,-122.022455
9732-KPKBW,Oroville,95966,39.473896,-121.415927
9732-OUYRN,Union City,94587,37.59485,-122.051521
9734-UYXQI,Fallbrook,92028,33.362575,-117.299644
9734-YWGEX,South San Francisco,94080,37.654436,-122.426468
9738-QLWTP,Santa Ysabel,92070,33.174725,-116.743329
9739-JLPQJ,Long Beach,90822,33.778436,-118.118648
9741-YLNTD,Greenfield,93927,36.248708,-121.386617
9742-XOKTS,Santa Clara,95050,37.351214,-121.952417
9743-DQKQW,Escalon,95320,37.818543,-121.006907
9746-MDMBK,Manton,96059,40.426679,-121.850421
9746-UGFAC,Carlotta,95528,40.497283,-123.93037
9746-YKGXB,Sacramento,95838,38.646096,-121.442433
9747-DDZOS,Eldridge,95431,38.348884,-122.51699
9750-BOOHV,Torrance,90501,33.833699,-118.314387
9752-ZNQUT,Visalia,93291,36.391777,-119.372842
9753-OYLBX,San Diego,92122,32.85723,-117.209774
9754-CLVZW,Marysville,95901,39.19514,-121.503883
9755-JHNMN,Bakersfield,93304,35.339796,-119.023552
9758-MFWGD,Hawthorne,90250,33.914775,-118.348083
9761-XUJWD,Fresno,93650,36.841655,-119.797113
9762-YAQAA,Seal Beach,90740,33.75462,-118.071128
9763-GRSKD,Los Angeles,90012,34.065875,-118.238728
9763-PDTKK,San Jose,95112,37.343827,-121.883119
9764-REAFF,Stonyford,95979,39.288127,-122.415841
9766-HGEDE,Paradise,95969,39.69676,-121.644379
9767-FFLEM,Westmorland,92281,33.03679,-115.60503
9769-TSBZE,Tupman,93276,35.316263,-119.402559
9770-KXGQU,Moreno Valley,92555,33.907361,-117.109972
9770-LXDBK,Los Angeles,90006,34.048013,-118.293953
9773-PEQBZ,Lake Elsinore,92530,33.655421,-117.391751
9774-NRNAU,Cabazon,92230,33.929812,-116.76058
9776-CLUJA,Sacramento,95829,38.486502,-121.334051
9776-OJUZI,Lost Hills,93249,35.637715,-119.893068
9777-IQHWP,Greenfield,93927,36.248708,-121.386617
9777-WJJPR,Sacramento,95842,38.687367,-121.34848
9778-OGKQZ,Fresno,93727,36.751489,-119.68072
9779-DPNEJ,Nipton,92364,35.478736,-115.516984
9780-FKVVF,Firebaugh,93622,36.785618,-120.625382
9782-LGXMC,Walnut Creek,94598,37.916648,-122.008483
9786-IJYDL,Redway,95560,40.142256,-123.852927
9786-YWNHU,Fontana,92336,34.136367,-117.460803
9787-XVQIU,Sugarloaf,92386,34.243088,-116.830015
9788-HNGUT,Cabazon,92230,33.929812,-116.76058
9788-YTFGE,Fortuna,95540,40.584991,-124.121504
9793-WECQC,Foresthill,95631,39.031876,-120.811141
9795-NREXC,Stockton,95212,38.049457,-121.21653
9795-SHUHB,The Sea Ranch,95497,38.696659,-123.436861
9795-VOWON,Los Angeles,90016,34.028331,-118.354338
9796-BPKIW,Redwood City,94063,37.499411,-122.196318
9796-MVYXX,Weldon,93283,35.55647,-118.244914
9798-DRYDS,Huntington Beach,92648,33.679659,-118.016195
9798-OPFEM,Adin,96006,41.171578,-120.913161
9799-CAYJJ,West Hills,91307,34.199787,-118.68493
9800-ONTFE,Brooks,95606,38.809804,-122.241383
9800-OUIGR,Oakland,94607,37.80707,-122.297401
9801-GDWGV,Temecula,92592,33.507255,-117.029473
9801-NOSHQ,Shingletown,96088,40.497441,-121.827524
9802-CAQUT,Coarsegold,93614,37.212191,-119.749323
9803-FTJCG,Playa Del Rey,90293,33.947305,-118.439841
9804-ICWBG,Pacific Palisades,90272,34.079449,-118.548306
9805-FILKB,Temecula,92592,33.507255,-117.029473
9809-IMGCQ,Canyon Dam,95923,40.171312,-121.120605
9812-GHVRI,Clements,95227,38.227285,-121.02789
9814-AOUDH,Arbuckle,95912,38.982373,-122.047751
9817-APLHW,Los Angeles,90034,34.030578,-118.399613
9818-XQCUV,Dunsmuir,96025,41.212695,-122.392067
9819-FBNSV,El Cajon,92019,32.785165,-116.862648
9820-RMCQV,San Marino,91108,34.122671,-118.112911
9821-BESNZ,Northridge,91325,34.236683,-118.517588
9821-POOTN,San Dimas,91773,34.102119,-117.815532
9822-BIIGN,Los Altos,94024,37.352911,-122.093002
9822-OAOVB,Santa Maria,93455,34.818227,-120.418784
9822-WMWVG,Grand Terrace,92313,34.029175,-117.307211
9823-EALYC,Bakersfield,93301,35.383937,-119.020428
9824-BEMCV,Modesto,95350,37.671806,-121.007575
9824-QCJPK,Sacramento,95830,38.490508,-121.284171
9825-YCXWZ,Loma Mar,94021,37.266388,-122.26308
9828-AOQLM,San Diego,92117,32.825086,-117.199424
9828-QHFBK,Montgomery Creek,96065,40.877552,-121.885884
9830-ECLEN,Winton,95388,37.421299,-120.599587
9831-BPFRI,Ferndale,95536,40.4785,-124.301372
9833-TGFHX,San Diego,92109,32.787836,-117.232376
9835-ZIITK,Campbell,95008,37.279689,-121.954567
9837-BMCLM,Stockton,95202,37.959706,-121.287669
9837-FWLCH,Palm Springs,92262,33.839989,-116.659215
9838-BFCQT,San Jose,95139,37.218705,-121.762429
9839-ETQOE,Vista,92083,33.17494,-117.242761
9840-DVNDC,Lancaster,93536,34.741406,-118.38111
9840-EFJQB,Sylmar,91342,34.321621,-118.399841
9842-EFSYY,Markleeville,96120,38.735789,-119.85798
9844-FELAJ,Sacramento,95833,38.619049,-121.517552
9845-PEEKO,Brookdale,95007,37.106902,-122.100006
9845-QOMAD,Long Beach,90814,33.771612,-118.143866
9846-GKXAS,Burlingame,94010,37.57028,-122.365778
9847-HNVGP,Monterey Park,91755,34.049172,-118.115022
9848-JQJTX,Venice,90291,33.991782,-118.479229
9850-OWRHQ,Torrance,90502,33.833181,-118.292062
9851-KIELU,Loma Mar,94021,37.266388,-122.26308
9851-QXEEQ,Bangor,95914,39.396585,-121.38029
9853-JFZDU,Gold Run,95717,39.170376,-120.838404
9860-LISIZ,Palm Springs,92264,33.745746,-116.514215
9861-PDSZP,Delano,93215,35.772244,-119.209689
9862-KJTYK,Newport Beach,92663,33.62251,-117.927024
9863-JZAIC,Long Beach,90807,33.830099,-118.182239
9866-OCCKE,San Diego,92114,32.707892,-117.05512
9866-QEVEE,Modesto,95356,37.716186,-121.025836
9867-JCZSP,Los Angeles,90045,33.954017,-118.402447
9867-NNXLC,Pacific Grove,93950,36.618337,-121.926417
9867-XOBQA,Pasadena,91105,34.13946,-118.166649
9871-ELEYA,Del Rey,93616,36.657462,-119.595293
9873-MNDKV,San Gregorio,94074,37.331762,-122.341444
9874-QLCLH,Northridge,91324,34.238208,-118.55029
9878-TNQGW,Davenport,95017,37.114335,-122.237162
9880-TDQAC,El Cajon,92021,32.832706,-116.873258
9881-VCZEP,San Jose,95126,37.327069,-121.916819
9885-AIBVB,Newcastle,95658,38.883224,-121.15918
9885-CSMWE,Los Angeles,90007,34.027337,-118.28515
9885-MFVSU,Poway,92064,32.984395,-117.013454
9888-ZCUMM,Los Angeles,90018,34.028735,-118.317236
9889-TMAHG,Fremont,94539,37.516791,-121.899117
9891-NQDBD,Lake Forest,92630,33.644849,-117.684254
9894-EZEWG,Walnut Grove,95690,38.240419,-121.587535
9894-QMIMJ,North Hollywood,91602,34.15136,-118.364786
9895-VFOXH,Scotia,95565,40.440636,-124.098739
9896-UYMIE,Valley Ford,94972,38.339996,-122.935056
9897-KXHCM,Modesto,95357,37.670526,-120.877572
9898-KZQDZ,Lee Vining,93541,37.890145,-119.184087
9903-LYSAB,Studio City,91604,34.139082,-118.39275
9904-EHEVJ,Bethel Island,94511,38.050558,-121.646924
9906-NHHVC,Macdoel,96058,41.769709,-121.92063
9907-SWKKF,Twain,95984,40.022184,-121.062384
9909-DFRJA,Goodyears Bar,95944,39.564113,-120.868836
9909-IDLEK,Malibu,90265,34.074572,-118.831181
9912-GVSEQ,Napa,94558,38.489789,-122.27011
9912-OMZDS,Playa Del Rey,90293,33.947305,-118.439841
9916-AYHTC,Altadena,91001,34.196837,-118.142236
9917-KWRBE,Anaheim,92808,33.850452,-117.726668
9919-FZDED,Yucca Valley,92284,34.159534,-116.425984
9919-KNPOO,La Mirada,90638,33.902045,-118.008961
9919-YLNNG,Malibu,90263,34.037037,-118.705803
9921-EZKBY,Fallbrook,92028,33.362575,-117.299644
9921-QFQUL,Garden Valley,95633,38.852544,-120.837669
9921-ZVRHG,Traver,93673,36.456091,-119.486225
9924-JPRMC,Lockeford,95237,38.166791,-121.14207
9926-PJHDQ,Kingsburg,93631,36.478239,-119.52137
9927-DSWDF,Palos Verdes Peninsula,90274,33.788208,-118.404955
9928-BZVLZ,Sunset Beach,90742,33.719221,-118.073596
9929-PLVPA,Capitola,95010,36.977025,-121.952864
9931-DCEZH,Roseville,95747,38.784329,-121.373245
9931-KGHOA,Santa Barbara,93103,34.438581,-119.685368
9932-WBWIK,Lake Isabella,93240,35.607875,-118.466318
9933-QRGTX,Windsor,95492,38.527297,-122.810044
9938-EKRGF,Lewiston,96052,40.704293,-122.803899
9938-PRCVK,Stevenson Ranch,91381,34.364153,-118.615583
9938-TKDGL,Llano,93544,34.500091,-117.765862
9938-ZREHM,Oxnard,93033,34.156629,-119.117218
9940-HPQPG,North Hollywood,91601,34.1692,-118.372498
9940-RHLFB,Sunset Beach,90742,33.719221,-118.073596
9943-VSZUV,Alamo,94507,37.855717,-121.994813
9944-AEXBM,Casmalia,93429,34.866032,-120.536546
9944-HKVVB,King City,93930,36.220761,-120.980777
9945-PSVIP,Dulzura,91917,32.622999,-116.687855
9947-OTFQU,Covina,91722,34.097345,-117.906736
9948-YPTDG,San Rafael,94903,38.018065,-122.546024
9950-MTGYX,San Jose,95139,37.218705,-121.762429
9953-ZMKSM,Pinole,94564,37.996462,-122.293716
9955-QOPOY,Sunnyvale,94089,37.421633,-122.009613
9957-YODKZ,Canby,96015,41.486953,-120.913975
9958-MEKUC,Pacifica,94044,37.573633,-122.455167
9959-WOFKT,Los Angeles,90019,34.049841,-118.33846
9961-JBNMK,Desert Center,92239,33.889605,-115.257009
9962-BFPDU,Kenwood,95452,38.419525,-122.521585
9964-WBQDJ,West Hollywood,90069,34.093781,-118.381061
9965-YOKZB,Grizzly Flats,95636,38.636102,-120.522149
9967-ATRFS,Calipatria,92233,33.143826,-115.497485
9968-FFVVH,Potter Valley,95469,39.408634,-123.045516
9970-QBCDA,March Air Reserve Base,92518,33.888323,-117.277533
9971-ZWPBF,Orinda,94563,37.873916,-122.20522
9972-EWRJS,Meadow Valley,95956,39.937017,-121.058043
9972-NKTFD,Forest Ranch,95942,40.077028,-121.494168
9972-VAFJJ,San Diego,92116,32.765299,-117.122565
9974-JFBHQ,Del Rey,93616,36.657462,-119.595293
9975-GPKZU,Alameda,94501,37.774633,-122.274434
9975-SKRNR,Sierraville,96126,39.559709,-120.345639
9978-HYCIN,Bakersfield,93301,35.383937,-119.020428
9979-RGMZT,Los Angeles,90022,34.02381,-118.156582
9985-MWVIX,Hume,93628,36.807595,-118.901544
9986-BONCE,Fallbrook,92028,33.362575,-117.299644
9987-LUTYD,La Mesa,91941,32.759327,-116.99726
9992-RRAMN,Riverbank,95367,37.734971,-120.954271
9992-UJOEL,Elk,95432,39.108252,-123.645121
9993-LHIEB,Solana Beach,92075,33.001813,-117.263628
9995-HOTOH,Sierra City,96125,39.600599,-120.636358
